,license_config,step,warm_label,metric,count,mean,std,min,max
0,duolingo_p_2,0,ciepły start,time_s,36,1.681624846499795,1.7585822057130738,0.1824530529993353,7.988557161006611
1,duolingo_p_2,0,ciepły start,total_cost,36,46.666666666666664,28.64661535729084,14.0,109.0
2,duolingo_p_2,0,ciepły start,cost_per_node,36,0.4949652777777777,0.10561067574515942,0.35,0.68125
3,duolingo_p_2,0,zimny start,time_s,32,0.1304986402187751,0.40715800287563597,0.0003719730011653155,2.0187917340081185
4,duolingo_p_2,0,zimny start,total_cost,32,52.28125,33.837595406636474,14.0,144.0
5,duolingo_p_2,0,zimny start,cost_per_node,32,0.580078125,0.16152341083565525,0.35,0.925
6,duolingo_p_2,1,ciepły start,time_s,36,1.549371390137013,1.8016557759334666,0.1993874289910309,9.366658434999408
7,duolingo_p_2,1,ciepły start,total_cost,36,46.888888888888886,28.721100036412032,14.0,110.0
8,duolingo_p_2,1,ciepły start,cost_per_node,36,0.49102839928023534,0.1081615863896727,0.3414634146341463,0.6832298136645962
9,duolingo_p_2,1,zimny start,time_s,32,0.20498658856467955,0.5355467860676129,0.0003770820039790123,1.7211108549963683
10,duolingo_p_2,1,zimny start,total_cost,32,54.0,33.9990512201586,14.0,146.0
11,duolingo_p_2,1,zimny start,cost_per_node,32,0.5965711330681285,0.17092449699800333,0.3414634146341463,0.906832298136646
12,duolingo_p_2,2,ciepły start,time_s,36,1.6815358633603965,1.7613172347360715,0.1791567009931896,8.413976101001026
13,duolingo_p_2,2,ciepły start,total_cost,36,46.388888888888886,28.533967505191097,14.0,110.0
14,duolingo_p_2,2,ciepły start,cost_per_node,36,0.4838767830205716,0.10468006852958282,0.3414634146341463,0.6832298136645962
15,duolingo_p_2,2,zimny start,time_s,32,0.17258377203006603,0.4589099556451516,0.000393344002077356,1.5650296009989688
16,duolingo_p_2,2,zimny start,total_cost,32,55.15625,36.475452969837654,14.0,153.0
17,duolingo_p_2,2,zimny start,cost_per_node,32,0.6026025915452391,0.18054848088506797,0.3414634146341463,0.9506172839506172
18,duolingo_p_2,3,ciepły start,time_s,36,1.6865491400842276,1.8317236375039794,0.16446802800055593,8.556134323007427
19,duolingo_p_2,3,ciepły start,total_cost,36,46.666666666666664,28.866193771558155,14.0,111.0
20,duolingo_p_2,3,ciepły start,cost_per_node,36,0.4905713497601581,0.10552456500705143,0.35,0.6894409937888198
21,duolingo_p_2,3,zimny start,time_s,32,0.15784886962546804,0.4434458036886606,0.0002987400075653568,1.8941570930037408
22,duolingo_p_2,3,zimny start,total_cost,32,53.46875,33.68447941153027,14.0,144.0
23,duolingo_p_2,3,zimny start,cost_per_node,32,0.5947967587800016,0.17270227575726807,0.35,0.9506172839506172
24,duolingo_p_2,4,ciepły start,time_s,36,1.6954596647491498,1.7883056577957057,0.17786747300124262,8.211928913995507
25,duolingo_p_2,4,ciepły start,total_cost,36,46.638888888888886,28.189311832453477,15.0,110.0
26,duolingo_p_2,4,ciepły start,cost_per_node,36,0.4906513969994381,0.10073620918800204,0.3658536585365853,0.6918238993710691
27,duolingo_p_2,4,zimny start,time_s,32,0.1232839337490077,0.34698517543358176,0.0003847929910989478,1.5247282980126329
28,duolingo_p_2,4,zimny start,total_cost,32,54.5,34.87581655883,14.0,147.0
29,duolingo_p_2,4,zimny start,cost_per_node,32,0.5994057608362178,0.16943746133172838,0.3414634146341463,0.9245283018867924
30,duolingo_p_2,5,ciepły start,time_s,36,1.691660361526576,1.910187417199126,0.15551139299350325,8.800342292001005
31,duolingo_p_2,5,ciepły start,total_cost,36,46.5,28.030085877244726,15.0,110.0
32,duolingo_p_2,5,ciepły start,cost_per_node,36,0.4896383916087006,0.10091162588672682,0.3658536585365853,0.6918238993710691
33,duolingo_p_2,5,zimny start,time_s,32,0.11443283565540696,0.3195198985095215,0.0003493950061965734,1.3302071610087296
34,duolingo_p_2,5,zimny start,total_cost,32,53.59375,33.50383644378078,14.0,142.0
35,duolingo_p_2,5,zimny start,cost_per_node,32,0.5921915213648992,0.16272298067158927,0.3414634146341463,0.926829268292683
36,duolingo_p_2,6,ciepły start,time_s,36,1.54637299238958,1.6693695473523014,0.15354201600712258,8.074239107008907
37,duolingo_p_2,6,ciepły start,total_cost,36,46.416666666666664,27.90634848406874,15.0,110.0
38,duolingo_p_2,6,ciepły start,cost_per_node,36,0.4891101004534387,0.10065368473718242,0.3647798742138364,0.6918238993710691
39,duolingo_p_2,6,zimny start,time_s,32,0.12191302156361417,0.35555491049721333,0.000344061991199851,1.6409163549978985
40,duolingo_p_2,6,zimny start,total_cost,32,53.21875,33.53547411612885,14.0,144.0
41,duolingo_p_2,6,zimny start,cost_per_node,32,0.5864395492094334,0.15624159869449417,0.3414634146341463,0.9056603773584906
42,duolingo_p_2,7,ciepły start,time_s,36,1.6707342310000968,1.8730782209765957,0.16321069998957682,8.691024600993842
43,duolingo_p_2,7,ciepły start,total_cost,36,46.30555555555556,27.893490735238306,15.0,110.0
44,duolingo_p_2,7,ciepły start,cost_per_node,36,0.4877444342810537,0.10182060567078739,0.3584905660377358,0.6918238993710691
45,duolingo_p_2,7,zimny start,time_s,32,0.11916101215729213,0.3422622556365774,0.0003217829944333061,1.5030930250068195
46,duolingo_p_2,7,zimny start,total_cost,32,54.3125,34.53977370716165,14.0,143.0
47,duolingo_p_2,7,zimny start,cost_per_node,32,0.5989531845659127,0.17132977671816316,0.3414634146341463,0.926829268292683
48,duolingo_p_2,8,ciepły start,time_s,36,1.695613139918957,2.0399387554862773,0.2339907029963797,10.459643048001452
49,duolingo_p_2,8,ciepły start,total_cost,36,46.19444444444444,27.878121933510556,15.0,110.0
50,duolingo_p_2,8,ciepły start,cost_per_node,36,0.4865409246917998,0.10211832510149008,0.3584905660377358,0.6918238993710691
51,duolingo_p_2,8,zimny start,time_s,32,0.11282748993653513,0.31236597078431155,0.0003539649915182963,1.2375181809911735
52,duolingo_p_2,8,zimny start,total_cost,32,54.53125,35.76895786536412,14.0,150.0
53,duolingo_p_2,8,zimny start,cost_per_node,32,0.5971607033287314,0.1687100846986377,0.3414634146341463,0.951219512195122
54,duolingo_p_2,9,ciepły start,time_s,36,1.6752605076120137,1.915065120360052,0.13429826700303238,9.289822159000323
55,duolingo_p_2,9,ciepły start,total_cost,36,46.19444444444444,27.77338854211187,15.0,110.0
56,duolingo_p_2,9,ciepły start,cost_per_node,36,0.48570536171376727,0.10152634410820793,0.3522012578616352,0.6918238993710691
57,duolingo_p_2,9,zimny start,time_s,32,0.12203744096859737,0.3471270841863255,0.0003342080017318949,1.4629529179946985
58,duolingo_p_2,9,zimny start,total_cost,32,55.4375,35.22365178628261,14.0,148.0
59,duolingo_p_2,9,zimny start,cost_per_node,32,0.6116277697074538,0.18689165603959854,0.3414634146341463,0.9634146341463414
60,duolingo_p_2,10,ciepły start,time_s,36,1.603385730583088,1.717396133490667,0.17348986001161393,8.217102816997794
61,duolingo_p_2,10,ciepły start,total_cost,36,46.52777777777778,27.30932453117811,15.0,110.0
62,duolingo_p_2,10,ciepły start,cost_per_node,36,0.4893843007293126,0.100781402620467,0.3522012578616352,0.6918238993710691
63,duolingo_p_2,10,zimny start,time_s,32,0.14861783406195173,0.4035691217343406,0.0003129959950456396,1.581479851010954
64,duolingo_p_2,10,zimny start,total_cost,32,54.875,34.1077514602974,15.0,142.0
65,duolingo_p_2,10,zimny start,cost_per_node,32,0.602205424485398,0.16283720451526265,0.3571428571428571,0.9047619047619048
66,duolingo_p_2,11,ciepły start,time_s,36,1.70126573338833,1.9077609911714088,0.1819553350069328,8.816675710986601
67,duolingo_p_2,11,ciepły start,total_cost,36,46.77777777777778,28.215609774035276,14.0,113.0
68,duolingo_p_2,11,ciepły start,cost_per_node,36,0.4869907211174344,0.1043869095639403,0.3414634146341463,0.6975308641975309
69,duolingo_p_2,11,zimny start,time_s,32,0.11457333634461975,0.2945597121763542,0.0003231699956813827,0.9924566759873414
70,duolingo_p_2,11,zimny start,total_cost,32,54.625,33.62482761677842,14.0,138.0
71,duolingo_p_2,11,zimny start,cost_per_node,32,0.5964074643881166,0.15834147836194792,0.3414634146341463,0.9302325581395348
72,duolingo_p_2,12,ciepły start,time_s,36,1.648006107305668,1.8521438887230668,0.1916162700072164,9.005529242000193
73,duolingo_p_2,12,ciepły start,total_cost,36,46.75,28.08291295432153,14.0,113.0
74,duolingo_p_2,12,ciepły start,cost_per_node,36,0.4871401861048255,0.1033098896090297,0.3414634146341463,0.6975308641975309
75,duolingo_p_2,12,zimny start,time_s,32,0.09560670309338093,0.24318540752599016,0.0004149960004724562,0.8416338340030052
76,duolingo_p_2,12,zimny start,total_cost,32,54.59375,34.04821948355009,14.0,150.0
77,duolingo_p_2,12,zimny start,cost_per_node,32,0.5958082354479894,0.16419589087860315,0.3414634146341463,0.925925925925926
78,duolingo_p_2,13,ciepły start,time_s,36,1.617982076082828,1.737281788588297,0.2147733040037565,8.761033685004804
79,duolingo_p_2,13,ciepły start,total_cost,36,46.916666666666664,27.84279850466595,15.0,113.0
80,duolingo_p_2,13,ciepły start,cost_per_node,36,0.4884936815187781,0.1016759245808969,0.35,0.6975308641975309
81,duolingo_p_2,13,zimny start,time_s,32,0.09934913006236457,0.2913481269866349,0.0004158719966653734,1.4245166929904372
82,duolingo_p_2,13,zimny start,total_cost,32,55.0,34.16374233485818,15.0,152.0
83,duolingo_p_2,13,zimny start,cost_per_node,32,0.5995627498870499,0.16298534543313065,0.3571428571428571,0.9382716049382716
84,duolingo_p_2,14,ciepły start,time_s,36,1.724186238695337,1.8919471508592096,0.2048863450036152,8.954173140999046
85,duolingo_p_2,14,ciepły start,total_cost,36,46.80555555555556,27.86377007046395,15.0,113.0
86,duolingo_p_2,14,ciepły start,cost_per_node,36,0.48717834264389875,0.10089957106508897,0.35,0.6975308641975309
87,duolingo_p_2,14,zimny start,time_s,32,0.09011614784412814,0.27525671520937606,0.0003509570087771863,1.3900294690101873
88,duolingo_p_2,14,zimny start,total_cost,32,53.96875,32.945198264840926,15.0,143.0
89,duolingo_p_2,14,zimny start,cost_per_node,32,0.5888909778665361,0.15867963334913116,0.3571428571428571,0.9404761904761904
90,duolingo_p_2,15,ciepły start,time_s,36,1.6956844488878333,1.8415544760972187,0.17613897199044004,8.194215386989526
91,duolingo_p_2,15,ciepły start,total_cost,36,47.083333333333336,27.74102171359746,15.0,113.0
92,duolingo_p_2,15,ciepły start,cost_per_node,36,0.48880980822521575,0.10171390242781972,0.35,0.6975308641975309
93,duolingo_p_2,15,zimny start,time_s,32,0.11091255065639416,0.3157100175551407,0.0003565330116543919,1.367790074000368
94,duolingo_p_2,15,zimny start,total_cost,32,55.0,33.42685804423858,15.0,149.0
95,duolingo_p_2,15,zimny start,cost_per_node,32,0.5984494749288176,0.16848861126301443,0.3571428571428571,0.9411764705882352
96,duolingo_p_4,0,ciepły start,time_s,36,1.6770076794160156,2.157465302870732,0.20562816699384712,11.583512543002144
97,duolingo_p_4,0,ciepły start,total_cost,36,74.75,41.35862321554858,28.0,144.0
98,duolingo_p_4,0,ciepły start,cost_per_node,36,0.7989583333333333,0.07095490267970012,0.7,0.9125
99,duolingo_p_4,0,zimny start,time_s,32,0.14664553477996378,0.5010358026079864,0.0003887860075337812,2.535913935993449
100,duolingo_p_4,0,zimny start,total_cost,32,83.46875,49.87531833514708,28.0,214.0
101,duolingo_p_4,0,zimny start,cost_per_node,32,0.9185546875,0.2058156740165018,0.675,1.425
102,duolingo_p_4,1,ciepły start,time_s,36,1.7360259066113537,2.2568608901269553,0.20038948200817688,11.281148844005656
103,duolingo_p_4,1,ciepły start,total_cost,36,75.44444444444444,41.500047810261236,28.0,145.0
104,duolingo_p_4,1,ciepły start,cost_per_node,36,0.7964393722612174,0.07243170784063487,0.6829268292682927,0.9135802469135802
105,duolingo_p_4,1,zimny start,time_s,31,0.08186843832382076,0.30070217948670647,0.0003776649973588064,1.6241839610011084
106,duolingo_p_4,1,zimny start,total_cost,31,86.35483870967742,51.290381416075,29.0,218.0
107,duolingo_p_4,1,zimny start,cost_per_node,31,0.9365968650225028,0.2120004502041661,0.7073170731707317,1.4390243902439024
108,duolingo_p_4,2,ciepły start,time_s,36,1.7502418615824555,2.3377609772205177,0.1653923539997777,11.932366527995327
109,duolingo_p_4,2,ciepły start,total_cost,36,75.30555555555556,41.56565852063417,28.0,145.0
110,duolingo_p_4,2,ciepły start,cost_per_node,36,0.793891383626665,0.07222818858189316,0.6829268292682927,0.9135802469135802
111,duolingo_p_4,2,zimny start,time_s,31,0.06153587090281484,0.22057094650448594,0.0004129260050831362,1.1722435939882416
112,duolingo_p_4,2,zimny start,total_cost,31,88.16129032258064,54.48553127463813,28.0,223.0
113,duolingo_p_4,2,zimny start,cost_per_node,31,0.9505657609170761,0.23942429586381742,0.6829268292682927,1.4390243902439024
114,duolingo_p_4,3,ciepły start,time_s,36,1.7719656250556,2.3207237985226077,0.1862470519990893,11.989285907999149
115,duolingo_p_4,3,ciepły start,total_cost,36,74.91666666666667,42.23970711478546,28.0,146.0
116,duolingo_p_4,3,ciepły start,cost_per_node,36,0.7917002679583195,0.06932723299108257,0.7,0.9135802469135802
117,duolingo_p_4,3,zimny start,time_s,31,0.05687600087267422,0.17790015728122613,0.0004277550033293664,0.8301573019998614
118,duolingo_p_4,3,zimny start,total_cost,31,84.35483870967742,50.12886619310726,29.0,206.0
119,duolingo_p_4,3,zimny start,cost_per_node,31,0.9166939070573945,0.18124338464953632,0.725,1.3
120,duolingo_p_4,4,ciepły start,time_s,36,1.7289101044443669,2.378387342557753,0.19607496898970567,12.43485834200692
121,duolingo_p_4,4,ciepły start,total_cost,36,75.19444444444444,41.4982405440757,29.0,145.0
122,duolingo_p_4,4,ciepły start,cost_per_node,36,0.7943755424897504,0.06854176348517405,0.6981132075471698,0.9146341463414634
123,duolingo_p_4,4,zimny start,time_s,31,0.06418661832257415,0.23055754385586968,0.0004310529911890626,1.220205210003769
124,duolingo_p_4,4,zimny start,total_cost,31,85.7741935483871,51.05925295015544,29.0,209.0
125,duolingo_p_4,4,zimny start,cost_per_node,31,0.9262681628127132,0.2015323645937173,0.7073170731707317,1.3144654088050314
126,duolingo_p_4,5,ciepły start,time_s,36,1.8545379243332718,2.3614240129237247,0.19201328500639647,12.448881566000637
127,duolingo_p_4,5,ciepły start,total_cost,36,75.25,41.379342672401165,29.0,145.0
128,duolingo_p_4,5,ciepły start,cost_per_node,36,0.7954802265236721,0.06823352827423756,0.6981132075471698,0.9146341463414634
129,duolingo_p_4,5,zimny start,time_s,31,0.0591921223550021,0.18759905575066974,0.0003695350023917854,0.9213083670038033
130,duolingo_p_4,5,zimny start,total_cost,31,84.25806451612904,48.66687288216731,29.0,202.0
131,duolingo_p_4,5,zimny start,cost_per_node,31,0.9144105558185494,0.18860026845456512,0.7073170731707317,1.3170731707317074
132,duolingo_p_4,6,ciepły start,time_s,36,1.7298609455837222,2.2749369685243948,0.11783975099388044,11.909563662004077
133,duolingo_p_4,6,ciepły start,total_cost,36,75.19444444444444,41.27456459539801,29.0,145.0
134,duolingo_p_4,6,ciepły start,cost_per_node,36,0.7951159857510525,0.0682296808572731,0.6855345911949685,0.9146341463414634
135,duolingo_p_4,6,zimny start,time_s,31,0.06776465761152306,0.21762369382755647,0.0003152720018988475,1.0430282540037297
136,duolingo_p_4,6,zimny start,total_cost,31,84.58064516129032,48.69481436699968,29.0,200.0
137,duolingo_p_4,6,zimny start,cost_per_node,31,0.9222841494662328,0.19960975277525805,0.7073170731707317,1.3658536585365857
138,duolingo_p_4,7,ciepły start,time_s,36,1.816614996668957,2.39206721242931,0.1847512170061236,12.23371003899956
139,duolingo_p_4,7,ciepły start,total_cost,36,75.02777777777777,41.19465021515787,29.0,145.0
140,duolingo_p_4,7,ciepły start,cost_per_node,36,0.7935714344331889,0.06868843709799743,0.6855345911949685,0.9146341463414634
141,duolingo_p_4,7,zimny start,time_s,31,0.07176489690262373,0.2499271039349573,0.0004204739962005988,1.2821105320035713
142,duolingo_p_4,7,zimny start,total_cost,31,85.58064516129032,50.730512970366846,29.0,205.0
143,duolingo_p_4,7,zimny start,cost_per_node,31,0.9265963309528275,0.20482753812556778,0.7073170731707317,1.4146341463414631
144,duolingo_p_4,8,ciepły start,time_s,36,1.8877392345574562,2.4126899998309677,0.2426911090005888,12.182914783013985
145,duolingo_p_4,8,ciepły start,total_cost,36,74.97222222222223,41.162733569584944,29.0,145.0
146,duolingo_p_4,8,ciepły start,cost_per_node,36,0.7930579780407634,0.06872514058247048,0.6855345911949685,0.9146341463414634
147,duolingo_p_4,8,zimny start,time_s,31,0.07182274903208317,0.24450883066617388,0.0004049720009788871,1.2302759130107006
148,duolingo_p_4,8,zimny start,total_cost,31,86.12903225806451,52.64075856563611,29.0,214.0
149,duolingo_p_4,8,zimny start,cost_per_node,31,0.9306893204185982,0.2142520140350082,0.7073170731707317,1.4390243902439024
150,duolingo_p_4,9,ciepły start,time_s,36,1.7860267279720574,2.2366481333015953,0.1919165069994051,10.931385100993792
151,duolingo_p_4,9,ciepły start,total_cost,36,74.72222222222223,40.972890766673736,29.0,145.0
152,duolingo_p_4,9,ciepły start,cost_per_node,36,0.7887822959270738,0.07041655708067296,0.6855345911949685,0.9146341463414634
153,duolingo_p_4,9,zimny start,time_s,31,0.06534808880561256,0.22267810050028256,0.0003845530009130016,1.1447825229988666
154,duolingo_p_4,9,zimny start,total_cost,31,86.41935483870968,50.92136041227256,29.0,212.0
155,duolingo_p_4,9,zimny start,cost_per_node,31,0.9397913194276147,0.23155395139360652,0.7073170731707317,1.4146341463414631
156,duolingo_p_4,10,ciepły start,time_s,36,1.815055165082918,2.4073066204391265,0.18078485700243613,12.509995565997087
157,duolingo_p_4,10,ciepły start,total_cost,36,75.13888888888889,40.63788013156323,29.0,145.0
158,duolingo_p_4,10,ciepły start,cost_per_node,36,0.7900706471639999,0.07064336347274079,0.6855345911949685,0.9156626506024096
159,duolingo_p_4,10,zimny start,time_s,31,0.04019797883830183,0.11801042900063008,0.0003761859989026561,0.5723799919942394
160,duolingo_p_4,10,zimny start,total_cost,31,85.35483870967742,49.702815739886596,31.0,200.0
161,duolingo_p_4,10,zimny start,cost_per_node,31,0.9194301961792212,0.19485094549494994,0.7380952380952381,1.380952380952381
162,duolingo_p_4,11,ciepły start,time_s,36,1.8470629536115868,2.4249062690381074,0.1859642360068392,13.32529249099025
163,duolingo_p_4,11,ciepły start,total_cost,36,75.52777777777777,41.49112546151878,28.0,148.0
164,duolingo_p_4,11,ciepły start,cost_per_node,36,0.7890207368374161,0.07166850868011901,0.6829268292682927,0.9166666666666666
165,duolingo_p_4,11,zimny start,time_s,31,0.04686271615989221,0.15146575574654175,0.0004018329927930608,0.7348347660008585
166,duolingo_p_4,11,zimny start,total_cost,31,86.19354838709677,50.211166988256515,30.0,204.0
167,duolingo_p_4,11,zimny start,cost_per_node,31,0.9248331718479176,0.2104018768716885,0.7317073170731707,1.3953488372093024
168,duolingo_p_4,12,ciepły start,time_s,36,1.846249675473195,2.308964237710912,0.18418806898989715,12.546348778007086
169,duolingo_p_4,12,ciepły start,total_cost,36,75.61111111111111,41.41999363853009,28.0,148.0
170,duolingo_p_4,12,ciepły start,cost_per_node,36,0.7901887061089315,0.0712587604764613,0.6829268292682927,0.9166666666666666
171,duolingo_p_4,12,zimny start,time_s,31,0.04163536025847744,0.13198393802035918,0.0003299310046713799,0.6149065189965768
172,duolingo_p_4,12,zimny start,total_cost,31,86.35483870967742,51.523165267089176,30.0,224.0
173,duolingo_p_4,12,zimny start,cost_per_node,31,0.9217367561953664,0.20608053809458235,0.7317073170731707,1.382716049382716
174,duolingo_p_4,13,ciepły start,time_s,36,1.7338793269995625,2.1885809960836498,0.19644222300848924,10.629184631994576
175,duolingo_p_4,13,ciepły start,total_cost,36,75.91666666666667,41.14530002668244,29.0,148.0
176,duolingo_p_4,13,ciepły start,cost_per_node,36,0.7914955206687583,0.07049776098729467,0.6875,0.9166666666666666
177,duolingo_p_4,13,zimny start,time_s,31,0.04279765451698744,0.12585280289682346,0.0003381760034244507,0.5374370149947936
178,duolingo_p_4,13,zimny start,total_cost,31,87.25806451612904,51.28610451310406,31.0,218.0
179,duolingo_p_4,13,zimny start,cost_per_node,31,0.935191259775695,0.22318890347236353,0.7375,1.4047619047619049
180,duolingo_p_4,14,ciepły start,time_s,36,1.7483522860841023,2.1927743162992988,0.12536683600046672,11.557909192008085
181,duolingo_p_4,14,ciepły start,total_cost,36,75.91666666666667,41.05632020251485,29.0,148.0
182,duolingo_p_4,14,ciepły start,cost_per_node,36,0.79231288115593,0.06963139065812217,0.6875,0.9166666666666666
183,duolingo_p_4,14,zimny start,time_s,31,0.040875879967408706,0.11951923242384782,0.0003068670048378408,0.4853746169974329
184,duolingo_p_4,14,zimny start,total_cost,31,85.93548387096774,50.15571451913262,31.0,213.0
185,duolingo_p_4,14,zimny start,cost_per_node,31,0.9176215945862897,0.20601120121182503,0.7375,1.3953488372093024
186,duolingo_p_4,15,ciepły start,time_s,36,1.7772431592493376,2.2379659312921603,0.18578957999125123,12.13797255299869
187,duolingo_p_4,15,ciepły start,total_cost,36,76.27777777777777,40.80799019177572,29.0,148.0
188,duolingo_p_4,15,ciepły start,cost_per_node,36,0.7937460816185588,0.06958874576336742,0.6875,0.9176470588235294
189,duolingo_p_4,15,zimny start,time_s,31,0.07927149709599514,0.286202027604135,0.0003346489975228905,1.53290073700191
190,duolingo_p_4,15,zimny start,total_cost,31,86.58064516129032,49.144531193577976,31.0,215.0
191,duolingo_p_4,15,zimny start,cost_per_node,31,0.9266323480984187,0.21032608753079957,0.7375,1.3409090909090908
192,duolingo_p_5,0,ciepły start,time_s,36,1.7462091680273362,2.443704572038395,0.1880800619983347,12.578264295007102
193,duolingo_p_5,0,ciepły start,total_cost,36,85.36111111111109,45.97213614339996,33.99999999999999,153.99999999999997
194,duolingo_p_5,0,ciepły start,cost_per_node,36,0.9163194444444444,0.034143793156459795,0.8499999999999998,0.9749999999999998
195,duolingo_p_5,0,zimny start,time_s,33,0.1592417570593005,0.4587419259407287,0.0003316199872642755,1.9889403190027224
196,duolingo_p_5,0,zimny start,total_cost,33,94.39393939393936,58.073735131479275,33.99999999999999,248.99999999999994
197,duolingo_p_5,0,zimny start,cost_per_node,33,1.0532196969696965,0.24925730115290562,0.8374999999999998,1.6749999999999996
198,duolingo_p_5,1,ciepły start,time_s,36,1.6385394536684745,2.2724663444138855,0.12500104898936118,11.457194321003044
199,duolingo_p_5,1,ciepły start,total_cost,36,86.24999999999997,46.044310956171024,34.99999999999999,154.99999999999997
200,duolingo_p_5,1,ciepły start,cost_per_node,36,0.9154692756574063,0.03306132107767453,0.8536585365853656,0.9753086419753084
201,duolingo_p_5,1,zimny start,time_s,33,0.13640611018204116,0.38913639033276637,0.0004315709957154467,1.7579470829950878
202,duolingo_p_5,1,zimny start,total_cost,33,96.30303030303027,59.346695805497895,34.99999999999999,253.99999999999994
203,duolingo_p_5,1,zimny start,cost_per_node,33,1.060276382298298,0.25568496254679524,0.8395061728395059,1.7073170731707312
204,duolingo_p_5,2,ciepły start,time_s,36,1.8022432584750478,2.202340560815678,0.23808179900515825,11.139047481003216
205,duolingo_p_5,2,ciepły start,total_cost,36,86.05555555555553,46.06761765953821,34.99999999999999,154.99999999999997
206,duolingo_p_5,2,ciepły start,cost_per_node,36,0.9124058187135048,0.03256566665250752,0.8536585365853656,0.9753086419753084
207,duolingo_p_5,2,zimny start,time_s,33,0.12589936057735363,0.3333437364789356,0.000420888012740761,1.2297934890084434
208,duolingo_p_5,2,zimny start,total_cost,33,98.51515151515149,62.79386973071156,34.99999999999999,257.99999999999994
209,duolingo_p_5,2,zimny start,cost_per_node,33,1.0810258260476238,0.28997931268575716,0.8395061728395059,1.7073170731707312
210,duolingo_p_5,3,ciepły start,time_s,36,1.810137160748531,2.482962620939971,0.17548832499596756,12.812742346999585
211,duolingo_p_5,3,ciepły start,total_cost,36,86.05555555555553,46.975947915286206,33.99999999999999,155.99999999999997
212,duolingo_p_5,3,ciepły start,cost_per_node,36,0.9149337772324889,0.03433198505495806,0.8499999999999998,0.9753086419753084
213,duolingo_p_5,3,zimny start,time_s,33,0.1649067909690502,0.46210996776041985,0.000371939007891342,2.0070745029952377
214,duolingo_p_5,3,zimny start,total_cost,33,93.54545454545452,57.441867847574215,33.99999999999999,236.99999999999994
215,duolingo_p_5,3,zimny start,cost_per_node,33,1.0327412321977536,0.20981717933708496,0.8374999999999998,1.4749999999999999
216,duolingo_p_5,4,ciepły start,time_s,36,1.7194053251126509,2.205239980568076,0.1967057220026618,11.149776520003796
217,duolingo_p_5,4,ciepły start,total_cost,36,86.30555555555553,46.15614458053967,34.99999999999999,154.99999999999997
218,duolingo_p_5,4,ciepły start,cost_per_node,36,0.9165109114346541,0.0343463223693816,0.8536585365853656,0.9756097560975607
219,duolingo_p_5,4,zimny start,time_s,33,0.1825332554519374,0.5041429230507533,0.0004251809878041968,2.24584604499978
220,duolingo_p_5,4,zimny start,total_cost,33,95.24242424242422,57.906730126466236,34.99999999999999,239.99999999999994
221,duolingo_p_5,4,zimny start,cost_per_node,33,1.0487719961431419,0.23873989644715693,0.8374999999999998,1.512195121951219
222,duolingo_p_5,5,ciepły start,time_s,36,1.7219615914436872,2.1951228832336573,0.23396724100166463,11.497362099995373
223,duolingo_p_5,5,ciepły start,total_cost,36,86.2222222222222,45.977081937548654,34.99999999999999,154.99999999999997
224,duolingo_p_5,5,ciepły start,cost_per_node,36,0.9160429753610368,0.03482135212661428,0.8490566037735847,0.9756097560975607
225,duolingo_p_5,5,zimny start,time_s,33,0.21467018975641677,0.7174007183669242,0.0004440789925865829,3.881042962006177
226,duolingo_p_5,5,zimny start,total_cost,33,93.51515151515149,55.02051958821885,34.99999999999999,231.99999999999994
227,duolingo_p_5,5,zimny start,cost_per_node,33,1.0344999482648405,0.22139960584065765,0.8395061728395059,1.512195121951219
228,duolingo_p_5,6,ciepły start,time_s,36,1.7358995834155293,2.2593947681656608,0.11966485998709686,11.312834903001203
229,duolingo_p_5,6,ciepły start,total_cost,36,86.24999999999997,45.97600305749573,34.99999999999999,154.99999999999997
230,duolingo_p_5,6,ciepły start,cost_per_node,36,0.9163817287485708,0.0359466413705564,0.8490566037735847,0.9756097560975607
231,duolingo_p_5,6,zimny start,time_s,33,0.2223159263927355,0.735463735643936,0.00037451500247698277,3.9793288380024014
232,duolingo_p_5,6,zimny start,total_cost,33,94.21212121212119,55.11735070270383,34.99999999999999,227.99999999999994
233,duolingo_p_5,6,zimny start,cost_per_node,33,1.049122490780209,0.24256968101607243,0.8395061728395059,1.6097560975609753
234,duolingo_p_5,7,ciepły start,time_s,36,1.7314323195831902,2.2054861691503866,0.255768403003458,11.496475708001526
235,duolingo_p_5,7,ciepły start,total_cost,36,86.2222222222222,46.006900793630074,34.99999999999999,154.99999999999997
236,duolingo_p_5,7,ciepły start,cost_per_node,36,0.9157042219735031,0.036443352231675274,0.8490566037735847,0.9756097560975607
237,duolingo_p_5,7,zimny start,time_s,33,0.2135661941526147,0.7025137668931419,0.0003697200008900836,3.838444403998437
238,duolingo_p_5,7,zimny start,total_cost,33,95.09090909090907,57.63590657977652,34.99999999999999,235.99999999999994
239,duolingo_p_5,7,zimny start,cost_per_node,33,1.0491315293687842,0.2413194958959022,0.8395061728395059,1.6585365853658531
240,duolingo_p_5,8,ciepły start,time_s,36,1.6238616251935634,2.263786058761108,0.18249695500708185,12.001606459991308
241,duolingo_p_5,8,ciepły start,total_cost,36,86.2222222222222,46.006900793630074,34.99999999999999,154.99999999999997
242,duolingo_p_5,8,ciepły start,cost_per_node,36,0.9157042219735031,0.036443352231675274,0.8490566037735847,0.9756097560975607
243,duolingo_p_5,8,zimny start,time_s,33,0.24325836290804684,0.7970530884631133,0.0004628520109690726,4.270099493005546
244,duolingo_p_5,8,zimny start,total_cost,33,95.78787878787875,59.84811900540272,34.99999999999999,245.99999999999994
245,duolingo_p_5,8,zimny start,cost_per_node,33,1.055958590524219,0.2558594181661826,0.8395061728395059,1.6829268292682922
246,duolingo_p_5,9,ciepły start,time_s,36,1.7592214814455172,2.3435015114152575,0.1785233020054875,12.06340844600345
247,duolingo_p_5,9,ciepły start,total_cost,36,86.36111111111109,46.02058718057,34.99999999999999,154.99999999999997
248,duolingo_p_5,9,ciepły start,cost_per_node,36,0.9142546819686578,0.038116644473455134,0.8490566037735847,0.9756097560975607
249,duolingo_p_5,9,zimny start,time_s,33,0.20837337236144143,0.5938643132170331,0.0003436100087128579,2.7998944999999367
250,duolingo_p_5,9,zimny start,total_cost,33,96.21212121212119,57.872034252174394,34.99999999999999,243.99999999999994
251,duolingo_p_5,9,zimny start,cost_per_node,33,1.065175482501482,0.2687618186455077,0.8414634146341461,1.6585365853658531
252,duolingo_p_5,10,ciepły start,time_s,36,1.6132992217482953,2.169852199324063,0.16154053100035526,11.401314033995732
253,duolingo_p_5,10,ciepły start,total_cost,36,86.74999999999997,45.69362256220382,35.99999999999999,154.99999999999997
254,duolingo_p_5,10,ciepły start,cost_per_node,36,0.9137876570746566,0.03797845870962836,0.8490566037735847,0.9759036144578311
255,duolingo_p_5,10,zimny start,time_s,33,0.19732497503035562,0.6030519413184976,0.0003417980042286217,2.859892063002917
256,duolingo_p_5,10,zimny start,total_cost,33,94.87878787878785,56.712960145674344,35.99999999999999,228.99999999999994
257,duolingo_p_5,10,zimny start,cost_per_node,33,1.0373956785419478,0.23098153349544998,0.8414634146341461,1.6190476190476186
258,duolingo_p_5,11,ciepły start,time_s,36,1.8492787002497708,2.3418090610106246,0.1445557480037678,12.47293279900623
259,duolingo_p_5,11,ciepły start,total_cost,36,87.19444444444441,46.44432577641101,34.99999999999999,157.99999999999997
260,duolingo_p_5,11,ciepły start,cost_per_node,36,0.9136084055138013,0.03888843938942717,0.8437499999999998,0.9761904761904759
261,duolingo_p_5,11,zimny start,time_s,33,0.2190312476071113,0.6301117596379346,0.000390953995520249,2.9635132319963304
262,duolingo_p_5,11,zimny start,total_cost,33,96.3333333333333,57.66154842411592,34.99999999999999,236.99999999999994
263,duolingo_p_5,11,zimny start,cost_per_node,33,1.0511813003242978,0.254285785978705,0.8414634146341461,1.6279069767441856
264,duolingo_p_5,12,ciepły start,time_s,36,1.772776815109359,2.4502980901840656,0.19050943999900483,13.24207444700005
265,duolingo_p_5,12,ciepły start,total_cost,36,87.2222222222222,46.442044443192756,34.99999999999999,157.99999999999997
266,duolingo_p_5,12,ciepły start,cost_per_node,36,0.9139430775352202,0.039696609088522,0.8437499999999998,0.9761904761904759
267,duolingo_p_5,12,zimny start,time_s,33,0.18782877230268874,0.5578570345244794,0.0004403860075399279,2.7230760759994155
268,duolingo_p_5,12,zimny start,total_cost,33,96.54545454545452,59.43173127057784,34.99999999999999,260.99999999999994
269,duolingo_p_5,12,zimny start,cost_per_node,33,1.0465679048593355,0.24585974278378575,0.8414634146341461,1.6111111111111107
270,duolingo_p_5,13,ciepły start,time_s,36,1.6037841617221096,2.2099863957343997,0.0017666450003162026,11.902940410000156
271,duolingo_p_5,13,ciepły start,total_cost,36,87.49999999999997,46.17080091511145,35.99999999999999,157.99999999999997
272,duolingo_p_5,13,ciepły start,cost_per_node,36,0.9140335478174332,0.038777171064221565,0.8437499999999998,0.9759036144578311
273,duolingo_p_5,13,zimny start,time_s,33,0.1559539323030604,0.40733207443063413,0.0004360599996289238,1.568283287997474
274,duolingo_p_5,13,zimny start,total_cost,33,97.60606060606058,59.176082264046606,35.99999999999999,250.99999999999994
275,duolingo_p_5,13,zimny start,cost_per_node,33,1.062233150769404,0.27232779508276955,0.8433734939759034,1.6666666666666663
276,duolingo_p_5,14,ciepły start,time_s,36,1.6773309202221247,2.1841953257243434,0.11127689199929593,11.206187007002882
277,duolingo_p_5,14,ciepły start,total_cost,36,87.49999999999997,46.17080091511145,35.99999999999999,157.99999999999997
278,duolingo_p_5,14,ciepły start,cost_per_node,36,0.9140335478174332,0.038777171064221565,0.8437499999999998,0.9759036144578311
279,duolingo_p_5,14,zimny start,time_s,33,0.13346994248400512,0.3511170857998529,0.00041345099452883,1.2430350500071654
280,duolingo_p_5,14,zimny start,total_cost,33,96.39393939393936,57.849988868808005,35.99999999999999,247.99999999999994
281,duolingo_p_5,14,zimny start,cost_per_node,33,1.046079389392109,0.24553411499082461,0.8433734939759034,1.6279069767441856
282,duolingo_p_5,15,ciepły start,time_s,36,1.5924156938870309,2.1499611510339776,0.18958839299739336,12.05994922699756
283,duolingo_p_5,15,ciepły start,total_cost,36,87.83333333333331,45.86595375968665,35.99999999999999,157.99999999999997
284,duolingo_p_5,15,ciepły start,cost_per_node,36,0.9146729738061433,0.038795426129985836,0.8437499999999998,0.9759036144578311
285,duolingo_p_5,15,zimny start,time_s,33,0.1414155655163058,0.3726028479649904,0.0004637169913621619,1.3496057340089465
286,duolingo_p_5,15,zimny start,total_cost,33,96.66666666666664,56.34140721233953,35.99999999999999,247.99999999999994
287,duolingo_p_5,15,zimny start,cost_per_node,33,1.0516324779071349,0.25075876453485263,0.8433734939759034,1.5476190476190472
288,netflix,0,ciepły start,time_s,36,1.5747460462492502,1.996584948197817,0.13997713300341275,8.685756728002161
289,netflix,0,ciepły start,total_cost,36,59.919342545320106,34.40343210514246,21.679034923246043,123.34400168270734
290,netflix,0,ciepły start,cost_per_node,36,0.6376024826112138,0.07726346331641361,0.5419758730811511,0.7781802834389066
291,netflix,0,zimny start,time_s,33,0.08408330593991911,0.24051278855020067,0.0003441689987084828,1.170900384997367
292,netflix,0,zimny start,total_cost,33,70.75542822846138,46.594433625857135,21.679034923246043,203.6535012043442
293,netflix,0,zimny start,cost_per_node,33,0.785527966295355,0.23425609584711723,0.5419758730811511,1.272834382527151
294,netflix,1,ciepły start,time_s,36,1.591636591138821,2.0471671660787414,0.1692872179992264,9.334343621994776
295,netflix,1,ciepły start,total_cost,36,60.067644401138324,34.13975458909755,22.746808285137266,124.41177504459857
296,netflix,1,ciepły start,cost_per_node,36,0.632521677136801,0.07291431954498014,0.5548002020765187,0.7727439443763886
297,netflix,1,zimny start,time_s,31,0.08940426761335167,0.2903655467911002,0.0003970329998992383,1.2605021979979938
298,netflix,1,zimny start,total_cost,31,74.59696422385515,47.492042296531814,23.2645165818118,204.52713395498245
299,netflix,1,zimny start,cost_per_node,31,0.8109801433830294,0.24594476775921045,0.5674272337027267,1.388184289406254
300,netflix,2,ciepły start,time_s,36,1.5587098095285101,1.990481084683058,0.17573537700081943,8.767634645002545
301,netflix,2,ciepły start,total_cost,36,59.847438615226416,34.02771620822096,22.746808285137266,124.41177504459857
302,netflix,2,ciepły start,cost_per_node,36,0.6298772529374038,0.07154001553484447,0.5548002020765187,0.7727439443763886
303,netflix,2,zimny start,time_s,31,0.09761906096724898,0.29367567288030105,0.0003649229984148405,1.2062523999993573
304,netflix,2,zimny start,total_cost,31,74.82763667055893,47.837623516835855,23.2645165818118,202.39158723120002
305,netflix,2,zimny start,cost_per_node,31,0.8103693239127963,0.2398320910407234,0.5674272337027267,1.263492352097449
306,netflix,3,ciepły start,time_s,36,1.5989682953056925,2.1096890867177063,0.14722966399858706,9.68271075100347
307,netflix,3,ciepły start,total_cost,36,59.97596689026888,34.40934483373443,21.679034923246043,125.4795484064898
308,netflix,3,ciepły start,cost_per_node,36,0.6358894483064476,0.07526156658740023,0.5419758730811511,0.7903140716422159
309,netflix,3,zimny start,time_s,31,0.07599826938671721,0.23094288441027597,0.0004053329976159148,1.051641391000885
310,netflix,3,zimny start,total_cost,31,73.61373596686441,45.130584615175245,22.68209474805295,192.49041605729957
311,netflix,3,zimny start,cost_per_node,31,0.8119438439934399,0.2472104937211223,0.5670523687013237,1.3777591938506653
312,netflix,4,ciepły start,time_s,36,1.5740491994438344,1.9765675851247626,0.16280183799972292,8.527351721997547
313,netflix,4,ciepły start,total_cost,36,59.94900291648374,33.35086650828249,22.746808285137266,123.89406674792404
314,netflix,4,ciepły start,cost_per_node,36,0.6369594921017142,0.07297931217634039,0.5545141208912374,0.7970813714043867
315,netflix,4,zimny start,time_s,31,0.08419052777425086,0.25561319973542507,0.000359613994078245,1.0751911560000735
316,netflix,4,zimny start,total_cost,31,74.51346288568186,46.31392877482993,23.2645165818118,196.95565011611743
317,netflix,4,zimny start,cost_per_node,31,0.8142416621271751,0.24181948960770913,0.5674272337027267,1.2990058785461593
318,netflix,5,ciepły start,time_s,36,1.5802184369442531,2.0494692128432535,0.17183562999707647,9.345998502998556
319,netflix,5,ciepły start,total_cost,36,59.53555531844505,33.05579571936201,22.746808285137266,123.89406674792404
320,netflix,5,ciepły start,cost_per_node,36,0.6322211767288812,0.07205959806552104,0.5548002020765187,0.7970813714043867
321,netflix,5,zimny start,time_s,31,0.08842085312883888,0.2662076002542212,0.0003761339976335875,1.0839795440042508
322,netflix,5,zimny start,total_cost,31,73.94565378610334,45.43269502912512,23.2645165818118,203.006365833501
323,netflix,5,zimny start,cost_per_node,31,0.8121694142982727,0.24614059743824607,0.5674272337027267,1.4418491738176382
324,netflix,6,ciepły start,time_s,36,1.544718217749404,1.9440376313816023,0.1510957829959807,8.568280291001429
325,netflix,6,ciepły start,total_cost,36,59.39624145388854,32.949971779300775,22.746808285137266,123.89406674792404
326,netflix,6,ciepły start,cost_per_node,36,0.6310656132326824,0.07196809523266853,0.5548002020765187,0.7970813714043867
327,netflix,6,zimny start,time_s,31,0.08341715067780892,0.25330393759450937,0.0003669310026452876,1.0822897600010035
328,netflix,6,zimny start,total_cost,31,75.6302932837499,48.941424313754816,23.2645165818118,212.7133963961485
329,netflix,6,zimny start,cost_per_node,31,0.8206300873012194,0.25414863048928515,0.5674272337027267,1.3378201031204309
330,netflix,7,ciepły start,time_s,36,1.5668360559165093,2.011211048497942,0.13801403700199444,8.99640171899955
331,netflix,7,ciepły start,total_cost,36,59.26591558059374,32.884297191597156,22.746808285137266,123.89406674792404
332,netflix,7,ciepły start,cost_per_node,36,0.6296522870582106,0.07180841638591,0.5548002020765187,0.7970813714043867
333,netflix,7,zimny start,time_s,31,0.0850941089032154,0.25584185686112126,0.0003421170040383003,1.050068980002834
334,netflix,7,zimny start,total_cost,31,74.6053143576725,47.32061130575236,23.2645165818118,199.12355360844202
335,netflix,7,zimny start,cost_per_node,31,0.8138001348798225,0.24694751568521953,0.5674272337027267,1.400022131555824
336,netflix,8,ciepły start,time_s,36,1.562326066694772,2.0001401526725058,0.15144470400264254,9.073830435998389
337,netflix,8,ciepły start,total_cost,36,59.1643512793364,32.84054158675909,22.746808285137266,123.89406674792404
338,netflix,8,ciepły start,cost_per_node,36,0.628477957409576,0.07135125967416547,0.5548002020765187,0.7970813714043867
339,netflix,8,zimny start,time_s,31,0.08683312635454762,0.26354233857377496,0.000356935997842811,1.0831779259970062
340,netflix,8,zimny start,total_cost,31,73.57302906450494,45.33649655790609,23.2645165818118,200.28839727595974
341,netflix,8,zimny start,cost_per_node,31,0.8039566857796138,0.2266864917543489,0.5674272337027267,1.2596754545657844
342,netflix,9,ciepły start,time_s,36,1.5749592744167684,2.0048599445286803,0.1456705310047255,8.756717946998833
343,netflix,9,ciepły start,total_cost,36,59.283891563117145,32.659827243416025,22.746808285137266,123.89406674792404
344,netflix,9,ciepły start,cost_per_node,36,0.6288797911054487,0.07083363602031906,0.5516930787282459,0.7970813714043867
345,netflix,9,zimny start,time_s,31,0.08089100003252819,0.23947673198116753,0.000345264001225587,0.8931090039986884
346,netflix,9,zimny start,total_cost,31,74.09699996154244,45.31112443882803,23.2645165818118,194.36710863274476
347,netflix,9,zimny start,cost_per_node,31,0.8093626866614043,0.2329391408357035,0.5674272337027267,1.3068977733125393
348,netflix,10,ciepły start,time_s,36,1.5921681279447109,2.0484161530371865,0.16358619299717247,9.47721989799902
349,netflix,10,ciepły start,total_cost,36,59.72789833144566,32.294608221855135,23.2645165818118,123.89406674792404
350,netflix,10,ciepły start,cost_per_node,36,0.631856535817012,0.07031459976073805,0.5516930787282459,0.8035264187969303
351,netflix,10,zimny start,time_s,31,0.08712081454887671,0.25289934505990014,0.0003382020004210062,0.908154716998979
352,netflix,10,zimny start,total_cost,31,74.44979311532467,45.420365448242514,23.846938415570648,192.13449160333585
353,netflix,10,zimny start,cost_per_node,31,0.8079610972357905,0.23519271873753606,0.5677842479897773,1.3435762937505722
354,netflix,11,ciepły start,time_s,36,1.5914073281102092,2.0037360897948746,0.15460069099935936,8.804356086999178
355,netflix,11,ciepły start,total_cost,36,60.132357938222654,33.046919786043006,22.746808285137266,127.09738683359771
356,netflix,11,ciepły start,cost_per_node,36,0.6315680577165343,0.07183987847323474,0.5548002020765187,0.8096716965433094
357,netflix,11,zimny start,time_s,31,0.0964423724517767,0.27914552500160494,0.0003929310041712597,1.0974876649997896
358,netflix,11,zimny start,total_cost,31,73.99053575537148,45.380871930701566,23.2645165818118,200.96788941534504
359,netflix,11,zimny start,cost_per_node,31,0.7968321096844745,0.22079501272647178,0.5674272337027267,1.2946559413118328
360,netflix,12,ciepły start,time_s,36,1.609571564388413,2.104741803083913,0.15309683999657864,9.748538915002428
361,netflix,12,ciepły start,total_cost,36,60.10629276356368,32.99256193892507,22.746808285137266,127.09738683359771
362,netflix,12,ciepły start,cost_per_node,36,0.6314373039391485,0.0715430972079411,0.5548002020765187,0.8096716965433094
363,netflix,12,zimny start,time_s,31,0.09953228793470302,0.2863498878311074,0.0003913379987352527,1.1278239439998288
364,netflix,12,zimny start,total_cost,31,74.28592173915958,45.353890548323676,23.2645165818118,196.17908767110563
365,netflix,12,zimny start,cost_per_node,31,0.801072936183494,0.2197685035277438,0.5674272337027267,1.2310980031040222
366,netflix,13,ciepły start,time_s,36,1.5739911820273846,2.0143416477017553,0.16278470899851527,9.13142999799311
367,netflix,13,ciepły start,total_cost,36,60.36155171539627,32.689896780538156,23.2645165818118,127.09738683359771
368,netflix,13,ciepły start,cost_per_node,36,0.6330266148135343,0.07061356499291782,0.5516829036437986,0.8096716965433094
369,netflix,13,zimny start,time_s,31,0.1311299988388313,0.3930072827690876,0.000504648000060115,1.690454529998533
370,netflix,13,zimny start,total_cost,31,75.79416465991501,45.594314209889404,23.846938415570648,205.17426932582563
371,netflix,13,zimny start,cost_per_node,31,0.823509789376372,0.26219646225506343,0.5677842479897773,1.441004924610072
372,netflix,14,ciepły start,time_s,36,1.6104372584999913,2.0461277798328847,0.16756948300462682,9.303428950996022
373,netflix,14,ciepły start,total_cost,36,60.28964778530258,32.662021476800135,23.2645165818118,127.09738683359771
374,netflix,14,ciepły start,cost_per_node,36,0.6327528327452041,0.07155915951763787,0.5516829036437986,0.8096716965433094
375,netflix,14,zimny start,time_s,31,0.11112629283865492,0.32232224618155364,0.0003393229999346658,1.1407700530035072
376,netflix,14,zimny start,total_cost,31,77.00702159688237,47.71741560986883,23.846938415570648,211.3220553488357
377,netflix,14,zimny start,cost_per_node,31,0.8316186063790757,0.2645987979310325,0.5677842479897773,1.324316312475478
378,netflix,15,ciepły start,time_s,36,1.6010116526944733,2.026593814533516,0.1566580590006197,8.87267068199435
379,netflix,15,ciepły start,total_cost,36,60.502663178205125,32.59900732315475,23.2645165818118,127.09738683359771
380,netflix,15,ciepły start,cost_per_node,36,0.6319929176228485,0.07331947084828612,0.5516829036437986,0.8155376434830347
381,netflix,15,zimny start,time_s,31,0.09356021193525521,0.29031022433780684,0.0003742379994946532,1.2618480759992965
382,netflix,15,zimny start,total_cost,31,74.46127454932353,43.80399204025803,24.332289943703024,192.36098898313094
383,netflix,15,zimny start,cost_per_node,31,0.8013852047144983,0.22543428977210778,0.5658672079930935,1.277356976312021
384,roman_p_3,0,ciepły start,time_s,36,0.8319534795826056,0.7824979495077986,0.15479985799902352,3.457559129994479
385,roman_p_3,0,ciepły start,total_cost,36,45.249999999999986,25.116158714489522,16.999999999999993,96.99999999999996
386,roman_p_3,0,ciepły start,cost_per_node,36,0.49739583333333304,0.09599543097386008,0.3124999999999999,0.6749999999999997
387,roman_p_3,0,zimny start,time_s,35,0.9246814064845759,3.2202458568549344,0.000396889001422096,17.068559423001716
388,roman_p_3,0,zimny start,total_cost,35,54.05714285714283,35.70380014141091,14.999999999999993,167.99999999999991
389,roman_p_3,0,zimny start,cost_per_node,35,0.6099999999999999,0.23518218845122144,0.32499999999999984,1.1749999999999996
390,roman_p_3,1,ciepły start,time_s,36,0.8387132033622038,0.7825699026353552,0.08729859699815279,3.2858019660052378
391,roman_p_3,1,ciepły start,total_cost,36,45.55555555555554,25.00565015516571,14.999999999999993,97.99999999999996
392,roman_p_3,1,ciepły start,cost_per_node,36,0.494866201633414,0.09854963083212875,0.3043478260869564,0.6829268292682924
393,roman_p_3,1,zimny start,time_s,35,0.7070330376576748,2.272737133126125,0.0003427569972700439,11.7840250510053
394,roman_p_3,1,zimny start,total_cost,35,55.542857142857116,37.54083490965917,14.999999999999993,181.99999999999991
395,roman_p_3,1,zimny start,cost_per_node,35,0.6179163169922143,0.24710362995998886,0.3291925465838507,1.1707317073170727
396,roman_p_3,2,ciepły start,time_s,36,0.8751437868045792,0.7972067954824071,0.010504923993721604,3.355811319001077
397,roman_p_3,2,ciepły start,total_cost,36,45.027777777777764,24.781889828906568,14.999999999999993,97.99999999999996
398,roman_p_3,2,ciepły start,cost_per_node,36,0.4893790773273116,0.09821404034603513,0.3043478260869564,0.6829268292682924
399,roman_p_3,2,zimny start,time_s,35,0.624979853171057,2.156981484165346,0.0004310219956096262,11.686117288001697
400,roman_p_3,2,zimny start,total_cost,35,55.199999999999974,37.6343085026228,14.999999999999993,177.99999999999991
401,roman_p_3,2,zimny start,cost_per_node,35,0.6173129131468773,0.2595521022646866,0.3043478260869564,1.1851851851851847
402,roman_p_3,3,ciepły start,time_s,36,0.8673658929441849,0.8176713557223373,0.10075929100275972,3.464669907996722
403,roman_p_3,3,ciepły start,total_cost,36,45.249999999999986,25.41245476420679,17.999999999999993,100.99999999999996
404,roman_p_3,3,ciepły start,cost_per_node,36,0.4952528989767313,0.09755302174018032,0.3043478260869564,0.6999999999999996
405,roman_p_3,3,zimny start,time_s,35,0.7038313052854002,2.496578185224072,0.0004340590021456592,13.20505282600061
406,roman_p_3,3,zimny start,total_cost,35,54.17142857142854,36.06895823140944,17.999999999999993,174.99999999999991
407,roman_p_3,3,zimny start,cost_per_node,35,0.6082206393024197,0.23068043101598165,0.3043478260869564,1.1249999999999996
408,roman_p_3,4,ciepły start,time_s,36,0.9078720386112562,0.8102165980473586,0.15057922800042434,3.4883798919981928
409,roman_p_3,4,ciepły start,total_cost,36,45.44444444444443,24.90030917128131,18.999999999999993,100.99999999999996
410,roman_p_3,4,ciepły start,cost_per_node,36,0.49700922138620945,0.09321422126264066,0.3081761006289307,0.7073170731707313
411,roman_p_3,4,zimny start,time_s,35,0.7100682397722267,2.524687784598793,0.0004156869981670752,13.464928258006694
412,roman_p_3,4,zimny start,total_cost,35,55.2285714285714,37.98148598081601,18.999999999999993,177.99999999999991
413,roman_p_3,4,zimny start,cost_per_node,35,0.612466724119368,0.2322976558940018,0.3081761006289307,1.1194968553459115
414,roman_p_3,5,ciepły start,time_s,36,0.8317574436387076,0.7930049074408585,0.16569208500004606,3.4571863820019644
415,roman_p_3,5,ciepły start,total_cost,36,45.33333333333332,24.75018037452309,18.999999999999993,99.99999999999996
416,roman_p_3,5,ciepły start,cost_per_node,36,0.4962909936576651,0.09372947660555289,0.3081761006289307,0.7073170731707313
417,roman_p_3,5,zimny start,time_s,35,0.8216091592286829,2.6365908758991323,0.0003453359968261793,11.118094868994376
418,roman_p_3,5,zimny start,total_cost,35,54.371428571428545,35.43933151863045,18.999999999999993,166.99999999999991
419,roman_p_3,5,zimny start,cost_per_node,35,0.6082348625223298,0.224383465418808,0.3081761006289307,1.1219512195121948
420,roman_p_3,6,ciepły start,time_s,36,0.8649496636106859,0.7929013827539855,0.1004910259944154,3.463948907003214
421,roman_p_3,6,ciepły start,total_cost,36,45.527777777777764,24.676751477697845,18.999999999999993,99.99999999999996
422,roman_p_3,6,ciepły start,cost_per_node,36,0.4988263177530444,0.09466373302572602,0.3081761006289307,0.7073170731707313
423,roman_p_3,6,zimny start,time_s,35,0.8223707494573318,2.690487680654987,0.0003475540070212446,11.50788954100426
424,roman_p_3,6,zimny start,total_cost,35,55.25714285714283,37.269560878379366,18.999999999999993,172.99999999999991
425,roman_p_3,6,zimny start,cost_per_node,35,0.6142853896343693,0.2309274350575645,0.3081761006289307,1.1219512195121948
426,roman_p_3,7,ciepły start,time_s,36,0.8750035472498389,0.7784432819088896,0.15151323300233344,3.427863933997287
427,roman_p_3,7,ciepły start,total_cost,36,45.499999999999986,24.68139843224909,18.999999999999993,99.99999999999996
428,roman_p_3,7,ciepły start,cost_per_node,36,0.49848756436551056,0.09463634211749174,0.3081761006289307,0.7073170731707313
429,roman_p_3,7,zimny start,time_s,35,0.8344563064851432,2.7229687327403753,0.0003567289968486875,11.717655774002196
430,roman_p_3,7,zimny start,total_cost,35,55.34285714285712,36.97928104886241,18.999999999999993,173.99999999999991
431,roman_p_3,7,zimny start,cost_per_node,35,0.6184145489253633,0.23862428791260507,0.3081761006289307,1.1707317073170727
432,roman_p_3,8,ciepły start,time_s,36,0.867412105778486,0.8102441678594552,0.15620215400122106,3.444159489001322
433,roman_p_3,8,ciepły start,total_cost,36,45.38888888888888,24.674194475521837,18.999999999999993,99.99999999999996
434,roman_p_3,8,ciepły start,cost_per_node,36,0.4971325508153751,0.09351990511403162,0.3081761006289307,0.7073170731707313
435,roman_p_3,8,zimny start,time_s,35,0.8167924924847154,2.649039282585956,0.0003758749953703955,11.284524733004218
436,roman_p_3,8,zimny start,total_cost,35,55.05714285714283,36.71026692192513,18.999999999999993,176.99999999999991
437,roman_p_3,8,zimny start,cost_per_node,35,0.6163712745243652,0.23548589891091054,0.3270440251572325,1.1951219512195115
438,roman_p_3,9,ciepły start,time_s,36,0.8677216087216948,0.7782065360475224,0.10641962500085356,3.4264802760008024
439,roman_p_3,9,ciepły start,total_cost,36,45.47222222222221,24.5583690839496,18.999999999999993,99.99999999999996
440,roman_p_3,9,ciepły start,cost_per_node,36,0.4971303632487713,0.09337390491199248,0.3081761006289307,0.7073170731707313
441,roman_p_3,9,zimny start,time_s,35,0.5655726210286958,1.627446408701057,0.000370930996723473,6.772961446004047
442,roman_p_3,9,zimny start,total_cost,35,55.74285714285712,37.31530427013973,18.999999999999993,179.99999999999991
443,roman_p_3,9,zimny start,cost_per_node,35,0.6245871791683199,0.2562647251564814,0.3270440251572325,1.1829268292682922
444,roman_p_3,10,ciepły start,time_s,36,0.8599940522225451,0.7710769026669559,0.1644394279937842,3.383264604002761
445,roman_p_3,10,ciepły start,total_cost,36,45.777777777777764,24.280634389348347,18.999999999999993,99.99999999999996
446,roman_p_3,10,ciepły start,cost_per_node,36,0.49918776047219854,0.09480959102801155,0.3081761006289307,0.714285714285714
447,roman_p_3,10,zimny start,time_s,35,0.5790086590281655,1.6697307826412386,0.0004289219941711053,6.9589732800013735
448,roman_p_3,10,zimny start,total_cost,35,54.028571428571404,35.51593322165477,18.999999999999993,171.99999999999991
449,roman_p_3,10,zimny start,cost_per_node,35,0.5973749105761209,0.21886334881736488,0.3270440251572325,1.1428571428571423
450,roman_p_3,11,ciepły start,time_s,36,0.7904315190276571,0.7795543315448976,0.0386453990067821,3.500798758999736
451,roman_p_3,11,ciepły start,total_cost,36,46.13888888888888,25.031583224601636,17.999999999999993,99.99999999999996
452,roman_p_3,11,ciepły start,cost_per_node,36,0.49826577168046415,0.09343322309939817,0.3124999999999999,0.7073170731707313
453,roman_p_3,11,zimny start,time_s,35,0.7164842531997627,2.3046876781452714,0.0004046980029670521,11.65482451900607
454,roman_p_3,11,zimny start,total_cost,35,54.771428571428544,35.30129618873846,17.999999999999993,165.99999999999991
455,roman_p_3,11,zimny start,cost_per_node,35,0.606089831677388,0.22689735644275125,0.3312499999999998,1.1627906976744184
456,roman_p_3,12,ciepły start,time_s,36,0.8432511457512091,0.8037848937860158,0.06370702900312608,3.6805863289991976
457,roman_p_3,12,ciepły start,total_cost,36,46.13888888888888,25.004174254686546,17.999999999999993,99.99999999999996
458,roman_p_3,12,ciepły start,cost_per_node,36,0.4985906886226469,0.09500616251919203,0.3124999999999999,0.7073170731707313
459,roman_p_3,12,zimny start,time_s,35,0.7078213119717215,2.3348267705422128,0.0004241349961375817,12.054447564005386
460,roman_p_3,12,zimny start,total_cost,35,54.14285714285712,33.9386495425659,17.999999999999993,150.99999999999994
461,roman_p_3,12,zimny start,cost_per_node,35,0.5981932266220445,0.2170919715095508,0.3062499999999999,1.059523809523809
462,roman_p_3,13,ciepły start,time_s,36,0.9225671490550869,0.796658463927607,0.1449300550011685,3.576502754993271
463,roman_p_3,13,ciepły start,total_cost,36,46.41666666666666,24.77368996103959,18.999999999999993,99.99999999999996
464,roman_p_3,13,ciepły start,cost_per_node,36,0.5010909553690751,0.09638086666302338,0.3062499999999999,0.714285714285714
465,roman_p_3,13,zimny start,time_s,35,0.8740313042863689,2.952465125051079,0.0003637469999375753,15.304241698002444
466,roman_p_3,13,zimny start,total_cost,35,55.8285714285714,36.64976182755906,18.999999999999993,184.99999999999991
467,roman_p_3,13,zimny start,cost_per_node,35,0.6198121862096198,0.25417199755657405,0.3062499999999999,1.1428571428571423
468,roman_p_3,14,ciepły start,time_s,36,0.9115029008614025,0.8262026876054247,0.020845625003858004,3.718611939002585
469,roman_p_3,14,ciepły start,total_cost,36,46.527777777777764,24.592084802241434,18.999999999999993,99.99999999999996
470,roman_p_3,14,ciepły start,cost_per_node,36,0.5045498343110184,0.10107121088071602,0.3062499999999999,0.7380952380952378
471,roman_p_3,14,zimny start,time_s,35,0.6632600109431743,2.12813497717036,0.0003755840007215738,9.43642456100497
472,roman_p_3,14,zimny start,total_cost,35,55.51428571428569,36.75064739611552,18.999999999999993,178.99999999999991
473,roman_p_3,14,zimny start,cost_per_node,35,0.6113078158263586,0.24016163052761721,0.3062499999999999,1.1666666666666663
474,roman_p_3,15,ciepły start,time_s,36,0.9177215666107562,0.8013701084585947,0.17310031099623302,3.632510925999668
475,roman_p_3,15,ciepły start,total_cost,36,46.91666666666666,24.620984081528025,18.999999999999993,99.99999999999996
476,roman_p_3,15,ciepły start,cost_per_node,36,0.5061087343607047,0.09911571687845144,0.3062499999999999,0.7441860465116276
477,roman_p_3,15,zimny start,time_s,35,0.5729847804285653,1.7498741758909493,0.0003847240004688501,8.534525643997767
478,roman_p_3,15,zimny start,total_cost,35,55.628571428571405,35.768114056982036,18.999999999999993,181.99999999999991
479,roman_p_3,15,zimny start,cost_per_node,35,0.6148074192100406,0.24335045738658628,0.3062499999999999,1.136363636363636
480,roman_p_4,0,ciepły start,time_s,36,0.891757224026757,0.7963766268616211,0.17534541300847195,3.909944807004649
481,roman_p_4,0,ciepły start,total_cost,36,54.38888888888886,29.860894425201245,19.999999999999986,120.99999999999991
482,roman_p_4,0,ciepły start,cost_per_node,36,0.6003472222222217,0.12080408102404269,0.38749999999999973,0.7874999999999994
483,roman_p_4,0,zimny start,time_s,35,0.9838043084858717,3.3416894978762306,0.0003834439994534477,17.640424021010404
484,roman_p_4,0,zimny start,total_cost,35,65.34285714285708,42.92602587567348,17.99999999999999,194.99999999999986
485,roman_p_4,0,zimny start,cost_per_node,35,0.738928571428571,0.2880233636064845,0.38749999999999973,1.4249999999999992
486,roman_p_4,1,ciepły start,time_s,36,0.8529171975286671,0.8768767760467867,0.03746210898680147,4.0902166470041275
487,roman_p_4,1,ciepły start,total_cost,36,54.944444444444414,29.695545066985982,20.999999999999986,121.99999999999991
488,roman_p_4,1,ciepły start,cost_per_node,36,0.6002175959954519,0.1180078200399525,0.3913043478260867,0.7804878048780483
489,roman_p_4,1,zimny start,time_s,35,0.8357626945150384,2.832431550356512,0.0003348959871800616,13.95502219600894
490,roman_p_4,1,zimny start,total_cost,35,67.28571428571423,45.65314977122181,18.999999999999986,217.99999999999986
491,roman_p_4,1,zimny start,cost_per_node,35,0.7484385215537056,0.3021617588034088,0.3913043478260867,1.4390243902439015
492,roman_p_4,2,ciepły start,time_s,36,0.8532877825851352,0.821555756241548,0.14994376499089412,3.6487412140122615
493,roman_p_4,2,ciepły start,total_cost,36,54.63888888888886,29.487191192862763,20.999999999999986,121.99999999999991
494,roman_p_4,2,ciepły start,cost_per_node,36,0.597303553167423,0.1185898488475008,0.385093167701863,0.7804878048780483
495,roman_p_4,2,zimny start,time_s,35,0.6706003586869753,2.237512891192686,0.0003515800053719431,9.815498351992574
496,roman_p_4,2,zimny start,total_cost,35,67.08571428571423,45.994482679716995,18.999999999999986,214.99999999999986
497,roman_p_4,2,zimny start,cost_per_node,35,0.7504623183863698,0.31767398808229774,0.3664596273291923,1.4390243902439015
498,roman_p_4,3,ciepły start,time_s,36,0.9955233037520278,0.9135869118002775,0.03800797399890144,4.0097084469889515
499,roman_p_4,3,ciepły start,total_cost,36,54.666666666666636,29.923712527501838,20.999999999999986,122.99999999999991
500,roman_p_4,3,ciepły start,cost_per_node,36,0.6009638139116797,0.1168912875775802,0.3788819875776394,0.7749999999999995
501,roman_p_4,3,zimny start,time_s,35,0.7922281523700804,3.0071732258976884,0.00039481499698013067,16.594350655999733
502,roman_p_4,3,zimny start,total_cost,35,65.08571428571423,43.62566124802842,20.999999999999986,205.99999999999986
503,roman_p_4,3,zimny start,cost_per_node,35,0.7278278944428008,0.2692148683554577,0.3664596273291923,1.2999999999999992
504,roman_p_4,4,ciepły start,time_s,36,0.9300651799995749,0.8887952990088571,0.12326019100146368,3.92048372499994
505,roman_p_4,4,ciepły start,total_cost,36,54.77777777777774,29.544263268247036,21.999999999999986,122.99999999999991
506,roman_p_4,4,ciepły start,cost_per_node,36,0.5998184336627728,0.11098560399061395,0.3836477987421381,0.7804878048780483
507,roman_p_4,4,zimny start,time_s,35,0.7931766658256362,2.949337057032404,0.0002830909943440929,16.277402471998354
508,roman_p_4,4,zimny start,total_cost,35,66.48571428571424,45.71160969058297,21.999999999999986,208.99999999999986
509,roman_p_4,4,zimny start,cost_per_node,35,0.7358641694137382,0.28163849553521414,0.37735849056603743,1.3144654088050305
510,roman_p_4,5,ciepły start,time_s,36,0.8440481261115766,0.7958518105194669,0.1874100849963725,3.623130667998339
511,roman_p_4,5,ciepły start,total_cost,36,54.444444444444414,29.469058295530854,21.999999999999986,122.99999999999991
512,roman_p_4,5,ciepły start,cost_per_node,36,0.5961008561867585,0.10857632145268216,0.3836477987421381,0.7804878048780483
513,roman_p_4,5,zimny start,time_s,35,0.9902426965135549,3.296140227102976,0.0003454780089668929,15.45627912200871
514,roman_p_4,5,zimny start,total_cost,35,65.1428571428571,42.39321731066867,21.999999999999986,194.99999999999986
515,roman_p_4,5,zimny start,cost_per_node,35,0.72675078383009,0.26657829792802845,0.37735849056603743,1.3170731707317065
516,roman_p_4,6,ciepły start,time_s,36,0.8900716880557916,0.855120765374357,0.07106051300070249,3.737797152003623
517,roman_p_4,6,ciepły start,total_cost,36,54.47222222222219,29.43029159712935,21.999999999999986,122.99999999999991
518,roman_p_4,6,ciepły start,cost_per_node,36,0.5966036599569345,0.10918853190941738,0.3836477987421381,0.7804878048780483
519,roman_p_4,6,zimny start,time_s,35,0.9535830770003876,3.1938886368034876,0.0002918890095315873,14.99198329099454
520,roman_p_4,6,zimny start,total_cost,35,66.71428571428567,45.33118095071595,21.999999999999986,203.99999999999986
521,roman_p_4,6,zimny start,cost_per_node,35,0.7400330008091929,0.28389436448454086,0.37735849056603743,1.3658536585365848
522,roman_p_4,7,ciepły start,time_s,36,0.8330065084462857,0.872418436825798,0.027730854009860195,4.078416295000352
523,roman_p_4,7,ciepły start,total_cost,36,54.416666666666636,29.36895834526164,21.999999999999986,122.99999999999991
524,roman_p_4,7,ciepły start,cost_per_node,36,0.5960902035645089,0.10884959825507068,0.3836477987421381,0.7804878048780483
525,roman_p_4,7,zimny start,time_s,35,0.9486187162846493,3.192320840001084,0.0003959080058848485,15.154333123995457
526,roman_p_4,7,zimny start,total_cost,35,66.48571428571424,44.516600623727264,21.999999999999986,204.99999999999986
527,roman_p_4,7,zimny start,cost_per_node,35,0.7408027491475867,0.2859579121704771,0.37735849056603743,1.4146341463414622
528,roman_p_4,8,ciepły start,time_s,36,0.858346816278855,0.8345246033655757,0.09360672799812164,3.868830760009587
529,roman_p_4,8,ciepły start,total_cost,36,54.27777777777774,29.214097488429978,21.999999999999986,122.99999999999991
530,roman_p_4,8,ciepły start,cost_per_node,36,0.5945456522466455,0.10808754719457582,0.3836477987421381,0.7804878048780483
531,roman_p_4,8,zimny start,time_s,35,0.9609983586007729,3.1996948164171815,0.0003210669965483248,15.089146544996764
532,roman_p_4,8,zimny start,total_cost,35,66.1428571428571,44.35561033361197,21.999999999999986,207.99999999999986
533,roman_p_4,8,zimny start,cost_per_node,35,0.7392899550439045,0.28620334771312256,0.38993710691823874,1.4390243902439015
534,roman_p_4,9,ciepły start,time_s,36,0.9291589385276084,0.8710966638605582,0.01074821200745646,3.685993630992016
535,roman_p_4,9,ciepły start,total_cost,36,54.27777777777774,28.997153664367115,21.999999999999986,122.99999999999991
536,roman_p_4,9,ciepły start,cost_per_node,36,0.5934963970007961,0.10758489821992145,0.3836477987421381,0.7804878048780483
537,roman_p_4,9,zimny start,time_s,35,1.023148589570441,3.3075579490677445,0.0004329479997977614,15.509318028009147
538,roman_p_4,9,zimny start,total_cost,35,66.68571428571424,44.64617197777325,21.999999999999986,211.99999999999986
539,roman_p_4,9,zimny start,cost_per_node,35,0.745854973374531,0.30446563325862996,0.38993710691823874,1.4146341463414622
540,roman_p_4,10,ciepły start,time_s,36,0.8582649161099754,0.8294152842446165,0.08554213399474975,3.873979786003474
541,roman_p_4,10,ciepły start,total_cost,36,54.49999999999997,28.594205207149404,22.999999999999986,122.99999999999991
542,roman_p_4,10,ciepły start,cost_per_node,36,0.5940299265271956,0.1074054175407466,0.3836477987421381,0.7857142857142851
543,roman_p_4,10,zimny start,time_s,35,1.030375255571562,3.345535765921307,0.0004278660053387284,15.546023162998608
544,roman_p_4,10,zimny start,total_cost,35,64.4571428571428,42.04993030500122,22.999999999999986,197.99999999999986
545,roman_p_4,10,zimny start,cost_per_node,35,0.7122441775517027,0.2596022673287514,0.38993710691823874,1.38095238095238
546,roman_p_4,11,ciepły start,time_s,36,0.8774895256396525,0.8840636787045558,0.02805761400668416,4.265251447010087
547,roman_p_4,11,ciepły start,total_cost,36,54.88888888888886,29.267024620872018,22.999999999999986,122.99999999999991
548,roman_p_4,11,ciepły start,cost_per_node,36,0.59403258476682,0.10598382608674187,0.38749999999999973,0.7804878048780483
549,roman_p_4,11,zimny start,time_s,35,0.9565103098571334,3.0582515853619734,0.0004162300028838217,13.32573050299834
550,roman_p_4,11,zimny start,total_cost,35,65.62857142857138,42.17825318830552,22.999999999999986,195.99999999999986
551,roman_p_4,11,zimny start,cost_per_node,35,0.7271688412554815,0.2746107343149572,0.3937499999999997,1.3953488372093015
552,roman_p_4,12,ciepły start,time_s,36,0.9079698918342021,0.8383340717616409,0.13964725499681663,4.015180390008026
553,roman_p_4,12,ciepły start,total_cost,36,55.11111111111108,29.263119429243314,22.999999999999986,122.99999999999991
554,roman_p_4,12,ciepły start,cost_per_node,36,0.5968710218484801,0.1083746790466492,0.3812499999999997,0.7804878048780483
555,roman_p_4,12,zimny start,time_s,35,0.9354063216285015,2.9850032440992376,0.0003640709910541773,12.955182365010842
556,roman_p_4,12,zimny start,total_cost,35,65.11428571428566,41.085113540330475,22.999999999999986,180.9999999999999
557,roman_p_4,12,zimny start,cost_per_node,35,0.7191967524363179,0.2634397662753774,0.3749999999999998,1.2650602409638545
558,roman_p_4,13,ciepły start,time_s,36,0.9455970843620081,0.9209748933075557,0.10821642800874542,4.537176369005465
559,roman_p_4,13,ciepły start,total_cost,36,55.3333333333333,29.077237046970488,22.999999999999986,122.99999999999991
560,roman_p_4,13,ciepły start,cost_per_node,36,0.5977645495014846,0.1103529942113343,0.3812499999999997,0.7857142857142851
561,roman_p_4,13,zimny start,time_s,35,1.2134394314875994,4.252930613540395,0.0002979990094900131,21.760644004010828
562,roman_p_4,13,zimny start,total_cost,35,67.28571428571423,44.01642168726642,22.999999999999986,217.99999999999986
563,roman_p_4,13,zimny start,cost_per_node,35,0.747315730213832,0.3117863701408448,0.3749999999999998,1.404761904761904
564,roman_p_4,14,ciepły start,time_s,36,0.9534314252798342,0.9157050881168577,0.06174103899684269,4.220885950999218
565,roman_p_4,14,ciepły start,total_cost,36,55.416666666666636,28.991993968778917,22.999999999999986,122.99999999999991
566,roman_p_4,14,ciepły start,cost_per_node,36,0.6000753801255683,0.11466085831428624,0.3812499999999997,0.809523809523809
567,roman_p_4,14,zimny start,time_s,35,1.2252818467423952,4.290058802609285,0.0003436169936321676,21.6566223520058
568,roman_p_4,14,zimny start,total_cost,35,67.37142857142852,45.3898704132811,22.999999999999986,217.99999999999986
569,roman_p_4,14,zimny start,cost_per_node,35,0.7399613334468518,0.29580404584467196,0.3749999999999998,1.3953488372093015
570,roman_p_4,15,ciepły start,time_s,36,0.8796084826119315,0.867785080621865,0.09785761599778198,4.119363035992137
571,roman_p_4,15,ciepły start,total_cost,36,55.916666666666636,28.870523771783944,23.999999999999986,122.99999999999991
572,roman_p_4,15,ciepły start,cost_per_node,36,0.603759030709718,0.1144821596455566,0.3812499999999997,0.8139534883720925
573,roman_p_4,15,zimny start,time_s,35,1.1571355212005854,4.048673370963179,0.0002968859917018562,21.364947763009692
574,roman_p_4,15,zimny start,total_cost,35,67.05714285714281,43.02047587530632,22.999999999999986,214.99999999999986
575,roman_p_4,15,zimny start,cost_per_node,35,0.7412317077360003,0.29351589757270846,0.3749999999999998,1.34090909090909
576,roman_p_5,0,ciepły start,time_s,36,0.8057237059996017,0.8920904839264263,0.02551821399538312,4.041105475989752
577,roman_p_5,0,ciepły start,total_cost,36,61.361111111111164,33.2111450981468,22.000000000000018,134.0000000000001
578,roman_p_5,0,ciepły start,cost_per_node,36,0.680381944444445,0.14170638011283251,0.4562500000000003,0.8875000000000006
579,roman_p_5,0,zimny start,time_s,35,0.7701294434028179,2.719269899962361,0.0004063600063091144,14.598443904003943
580,roman_p_5,0,zimny start,total_cost,35,75.25714285714291,50.288779509328116,21.000000000000018,222.00000000000017
581,roman_p_5,0,zimny start,cost_per_node,35,0.8503571428571436,0.3473208345029594,0.45000000000000034,1.6750000000000014
582,roman_p_5,1,ciepły start,time_s,36,0.8815444733324208,0.9581603335324002,0.011945274993195198,4.211420146006276
583,roman_p_5,1,ciepły start,total_cost,36,62.083333333333385,33.27236090210614,23.000000000000018,135.0000000000001
584,roman_p_5,1,ciepły start,cost_per_node,36,0.6799108565044709,0.13777521730688186,0.45962732919254684,0.8888888888888895
585,roman_p_5,1,zimny start,time_s,35,0.6393732302277515,2.1697111536160745,0.0003337969974381849,10.32621098999516
586,roman_p_5,1,zimny start,total_cost,35,77.48571428571434,54.03777079292698,22.000000000000018,254.0000000000002
587,roman_p_5,1,zimny start,cost_per_node,35,0.8591201108698465,0.3664591910386729,0.45341614906832334,1.707317073170733
588,roman_p_5,2,ciepły start,time_s,36,0.9632736904996919,1.0258342233304871,0.06231143600598443,5.104998314986005
589,roman_p_5,2,ciepły start,total_cost,36,61.69444444444449,32.94048264408703,23.000000000000018,135.0000000000001
590,roman_p_5,2,ciepły start,cost_per_node,36,0.6764792153327567,0.13839915039876205,0.45341614906832334,0.8888888888888895
591,roman_p_5,2,zimny start,time_s,35,0.7012561697429711,2.5621981624783023,0.0003190480056218803,13.548918222993962
592,roman_p_5,2,zimny start,total_cost,35,77.57142857142863,54.6638313126835,22.000000000000018,252.0000000000002
593,roman_p_5,2,zimny start,cost_per_node,35,0.8646584198268293,0.38440487846733074,0.4285714285714288,1.707317073170733
594,roman_p_5,3,ciepły start,time_s,36,0.9348168533619577,0.9515384538942895,0.05404859701229725,4.570156189001864
595,roman_p_5,3,ciepły start,total_cost,36,61.75000000000005,33.60729087564187,23.000000000000018,137.0000000000001
596,roman_p_5,3,ciepły start,cost_per_node,36,0.6793965772478257,0.1350757719615434,0.45341614906832334,0.8888888888888895
597,roman_p_5,3,zimny start,time_s,35,0.6267836298282159,2.1780954993650243,0.0004271340003469959,10.815707342990208
598,roman_p_5,3,zimny start,total_cost,35,74.57142857142863,51.081414666880086,23.000000000000018,237.00000000000017
599,roman_p_5,3,zimny start,cost_per_node,35,0.830908645261648,0.3146716712436528,0.4285714285714288,1.4750000000000012
600,roman_p_5,4,ciepły start,time_s,36,0.8614071639450331,0.9534102691837718,0.07833062499412335,4.2823238109995145
601,roman_p_5,4,ciepły start,total_cost,36,61.97222222222227,33.16408221564937,24.000000000000018,137.0000000000001
602,roman_p_5,4,ciepły start,cost_per_node,36,0.679894331082018,0.13131048524206956,0.45911949685534625,0.8902439024390251
603,roman_p_5,4,zimny start,time_s,35,0.6963655166577415,2.2393556429676775,0.0003334080101922154,10.82787729499978
604,roman_p_5,4,zimny start,total_cost,35,76.45714285714291,53.28632031556611,24.000000000000018,240.0000000000002
605,roman_p_5,4,zimny start,cost_per_node,35,0.8465744643362464,0.3386834064346882,0.43396226415094374,1.5121951219512206
606,roman_p_5,5,ciepły start,time_s,36,0.8613588166667291,0.9806817804655963,0.0027326809940859675,4.445428209000966
607,roman_p_5,5,ciepły start,total_cost,36,61.97222222222227,33.042384997896384,24.000000000000018,136.0000000000001
608,roman_p_5,5,ciepły start,cost_per_node,36,0.680083841660686,0.1316653004845062,0.45911949685534625,0.8902439024390251
609,roman_p_5,5,zimny start,time_s,35,0.8307250262583173,2.8778509972037116,0.0003145410009892657,14.637113094009692
610,roman_p_5,5,zimny start,total_cost,35,74.5428571428572,49.15781480398132,24.000000000000018,223.00000000000017
611,roman_p_5,5,zimny start,cost_per_node,35,0.8316673849577676,0.31671453659660137,0.43396226415094374,1.5121951219512206
612,roman_p_5,6,ciepły start,time_s,36,0.9101057931390338,1.0113796420925052,0.0957704450120218,4.877014590994804
613,roman_p_5,6,ciepły start,total_cost,36,62.02777777777783,32.995658685098164,24.000000000000018,136.0000000000001
614,roman_p_5,6,ciepły start,cost_per_node,36,0.6810894492010381,0.13346907356946722,0.4528301886792456,0.9024390243902447
615,roman_p_5,6,zimny start,time_s,35,0.8964197030282646,3.0160741417622035,0.0003919390001101419,15.20640392700443
616,roman_p_5,6,zimny start,total_cost,35,76.74285714285719,53.31391102933363,24.000000000000018,235.00000000000017
617,roman_p_5,6,zimny start,cost_per_node,35,0.8514844276924357,0.345316515088229,0.43396226415094374,1.609756097560977
618,roman_p_5,7,ciepły start,time_s,36,0.8412654276665611,0.9618215223133896,0.02646911899500992,4.388326297994354
619,roman_p_5,7,ciepły start,total_cost,36,61.861111111111164,32.93903700368546,24.000000000000018,136.0000000000001
620,roman_p_5,7,ciepły start,cost_per_node,36,0.6795490800237615,0.13271306781055134,0.44654088050314494,0.8902439024390251
621,roman_p_5,7,zimny start,time_s,35,0.8995730916291774,2.935255018980084,0.0003740219981409609,14.33419344900176
622,roman_p_5,7,zimny start,total_cost,35,76.20000000000005,51.95178760441379,24.000000000000018,236.00000000000017
623,roman_p_5,7,zimny start,cost_per_node,35,0.8488947650782295,0.3420449520290048,0.43396226415094374,1.658536585365855
624,roman_p_5,8,ciepły start,time_s,36,0.8648748818353246,0.9606805955241583,0.15415426599793136,4.7218898170103785
625,roman_p_5,8,ciepły start,total_cost,36,61.833333333333385,32.93153070061755,24.000000000000018,136.0000000000001
626,roman_p_5,8,ciepły start,cost_per_node,36,0.6793743770188698,0.1330323183348493,0.4402515723270443,0.8902439024390251
627,roman_p_5,8,zimny start,time_s,35,0.9182717511160133,3.0437037984778046,0.0004188370076008141,15.07309009799792
628,roman_p_5,8,zimny start,total_cost,35,75.91428571428577,51.88356388761933,24.000000000000018,239.0000000000002
629,roman_p_5,8,zimny start,cost_per_node,35,0.8486312293491316,0.34452723478581343,0.4528301886792456,1.682926829268294
630,roman_p_5,9,ciepły start,time_s,36,0.9641228846946129,0.958641126062688,0.10026621499855536,4.762265461991774
631,roman_p_5,9,ciepły start,total_cost,36,61.97222222222227,32.840294161820815,24.000000000000018,136.0000000000001
632,roman_p_5,9,ciepły start,cost_per_node,36,0.6793245231270233,0.13301637183974893,0.4402515723270443,0.8915662650602416
633,roman_p_5,9,zimny start,time_s,35,0.5913803023435841,1.8024511032512975,0.0003417319967411458,7.67582871200284
634,roman_p_5,9,zimny start,total_cost,35,76.80000000000005,52.30386331474056,24.000000000000018,244.0000000000002
635,roman_p_5,9,zimny start,cost_per_node,35,0.8571531804689015,0.3596948200989618,0.4528301886792456,1.658536585365855
636,roman_p_5,10,ciepły start,time_s,36,0.8644718540304489,0.9998939625523261,0.07708302600076422,4.471003930011648
637,roman_p_5,10,ciepły start,total_cost,36,62.361111111111164,32.484856056566954,25.000000000000018,136.0000000000001
638,roman_p_5,10,ciepły start,cost_per_node,36,0.6811502542357399,0.13237843898472226,0.4402515723270443,0.8915662650602416
639,roman_p_5,10,zimny start,time_s,35,0.6112208774575265,1.782156760281987,0.0003857910051010549,7.774835365999024
640,roman_p_5,10,zimny start,total_cost,35,74.08571428571433,48.89386550512873,25.000000000000018,224.00000000000017
641,roman_p_5,10,zimny start,cost_per_node,35,0.8172560033610976,0.30700519325345815,0.4528301886792456,1.6190476190476204
642,roman_p_5,11,ciepły start,time_s,36,0.9129463899440048,0.9069656629752529,0.017632784001762047,4.184754041998531
643,roman_p_5,11,ciepły start,total_cost,36,62.80555555555561,32.98988541481376,25.000000000000018,136.0000000000001
644,roman_p_5,11,ciepły start,cost_per_node,36,0.6824065258136147,0.13104366333573597,0.4437500000000003,0.8915662650602416
645,roman_p_5,11,zimny start,time_s,35,0.7022866344008695,2.2584965866354443,0.0003242359962314367,11.491617120002047
646,roman_p_5,11,zimny start,total_cost,35,75.74285714285719,49.438817124355495,25.000000000000018,226.00000000000017
647,roman_p_5,11,zimny start,cost_per_node,35,0.8387079526074172,0.3291754058066784,0.4562500000000003,1.6279069767441874
648,roman_p_5,12,ciepły start,time_s,36,0.879586150722591,0.9903129157646807,0.0015883690066402778,4.629654345000745
649,roman_p_5,12,ciepły start,total_cost,36,62.80555555555561,32.94134999787564,25.000000000000018,136.0000000000001
650,roman_p_5,12,ciepły start,cost_per_node,36,0.6827234743743351,0.13195640815977003,0.4437500000000003,0.8915662650602416
651,roman_p_5,12,zimny start,time_s,35,0.6671247129145611,2.081810503370701,0.0003952480037696659,10.096900687000016
652,roman_p_5,12,zimny start,total_cost,35,75.37142857142862,48.63373660469097,25.000000000000018,211.00000000000017
653,roman_p_5,12,zimny start,cost_per_node,35,0.8311702767542097,0.3172096328559632,0.43750000000000033,1.5060240963855434
654,roman_p_5,13,ciepły start,time_s,36,0.8638305975570498,0.9328798675716301,0.03968802800227422,4.538722964003682
655,roman_p_5,13,ciepły start,total_cost,36,63.083333333333385,32.7068144930948,25.000000000000018,136.0000000000001
656,roman_p_5,13,ciepły start,cost_per_node,36,0.6837525058117379,0.1330167894133283,0.43750000000000033,0.8915662650602416
657,roman_p_5,13,zimny start,time_s,35,1.0353573062839652,3.5422550365449297,0.0003939809976145625,15.485087509994628
658,roman_p_5,13,zimny start,total_cost,35,77.77142857142863,51.71931355845694,25.000000000000018,251.0000000000002
659,roman_p_5,13,zimny start,cost_per_node,35,0.8637872680163725,0.37730103231059947,0.43750000000000033,1.666666666666668
660,roman_p_5,14,ciepły start,time_s,36,0.9022689515829067,0.9391806299604398,0.014037086992175318,4.589713826004299
661,roman_p_5,14,ciepły start,total_cost,36,63.22222222222227,32.48042145320438,25.000000000000018,136.0000000000001
662,roman_p_5,14,ciepły start,cost_per_node,36,0.687876744605788,0.13752974912440746,0.43750000000000033,0.8915662650602416
663,roman_p_5,14,zimny start,time_s,35,0.8495474349141919,2.798206075036157,0.0003948800003854558,14.493208030995447
664,roman_p_5,14,zimny start,total_cost,35,78.3428571428572,54.33877548315206,25.000000000000018,257.0000000000002
665,roman_p_5,14,zimny start,cost_per_node,35,0.8582795090735249,0.3583843753995704,0.43750000000000033,1.6279069767441874
666,roman_p_5,15,ciepły start,time_s,36,0.8523997469164897,0.9136255230046507,0.04256804700708017,4.48769743500452
667,roman_p_5,15,ciepły start,total_cost,36,63.69444444444449,32.30110077243673,26.00000000000002,136.0000000000001
668,roman_p_5,15,ciepły start,cost_per_node,36,0.6908690524288109,0.13578079253929243,0.43750000000000033,0.8915662650602416
669,roman_p_5,15,zimny start,time_s,35,0.9118581059151828,2.9403029905436644,0.000412982000852935,14.241110071990988
670,roman_p_5,15,zimny start,total_cost,35,77.48571428571434,50.55827821235929,25.000000000000018,248.0000000000002
671,roman_p_5,15,zimny start,cost_per_node,35,0.8562214906186537,0.35158195219304045,0.43750000000000033,1.5476190476190488
672,spotify,0,ciepły start,time_s,36,1.3919220653893314,1.6877951133766984,0.146132387999387,7.789958698005648
673,spotify,0,ciepły start,total_cost,36,39.12617229606451,24.747497913219526,11.632652725121424,97.46967042142691
674,spotify,0,ciepły start,cost_per_node,36,0.4156020987080361,0.10328910305779221,0.2908163181280356,0.6091854401339182
675,spotify,0,zimny start,time_s,32,0.43331427303178316,1.934354419827969,0.0003766649970202707,10.923950107004202
676,spotify,0,zimny start,total_cost,32,48.26052126501315,32.48594812784274,11.632652725121424,138.9225603865834
677,spotify,0,zimny start,cost_per_node,32,0.5378168124444581,0.18423325736520255,0.2908163181280356,0.8756422144485367
678,spotify,1,ciepły start,time_s,36,1.3735939018883476,1.7120327195585303,0.16171922799549066,8.387597134998941
679,spotify,1,ciepły start,total_cost,36,39.06176030366899,24.302823348012268,11.632652725121424,98.51907191383343
680,spotify,1,ciepły start,cost_per_node,36,0.4099296410494626,0.09854276600814046,0.2837232371980835,0.611919701328158
681,spotify,1,zimny start,time_s,32,0.31581564221869485,1.0714251751217096,0.0003779830003622919,5.732535832001304
682,spotify,1,zimny start,total_cost,32,48.88629634733111,32.17739268620558,11.632652725121424,134.28795896430455
683,spotify,1,zimny start,cost_per_node,32,0.540312813107825,0.18141161569728745,0.2837232371980835,0.8574751466028643
684,spotify,2,ciepły start,time_s,36,1.381284952749815,1.7448279052142075,0.13894627799891168,8.595063104003202
685,spotify,2,ciepły start,total_cost,36,38.61113152608355,24.21375342310484,11.632652725121424,98.51907191383343
686,spotify,2,ciepły start,cost_per_node,36,0.404006868424943,0.09807255274700508,0.2837232371980835,0.611919701328158
687,spotify,2,zimny start,time_s,32,0.13845146731227942,0.3950743069747681,0.0004372080002212897,1.6163656819990138
688,spotify,2,zimny start,total_cost,32,48.7223273641426,33.1069361366182,11.632652725121424,137.56695587430005
689,spotify,2,zimny start,cost_per_node,32,0.5330205624324009,0.1799376208228381,0.2837232371980835,0.8873486119567031
690,spotify,3,ciepły start,time_s,36,1.3605258926383814,1.6970303210822992,0.1484088079960202,8.124862452001253
691,spotify,3,ciepły start,total_cost,36,38.895365694375585,24.325616755008017,11.632652725121424,99.56847340623992
692,spotify,3,ciepły start,cost_per_node,36,0.4115810971916614,0.09787627460641687,0.2908163181280356,0.6184377230201238
693,spotify,3,zimny start,time_s,32,0.3868228505002662,1.5065115619968221,0.0004581699977279641,8.37439161400107
694,spotify,3,zimny start,total_cost,32,47.65099954834847,31.267640026170113,11.632652725121424,133.19393931757313
695,spotify,3,zimny start,cost_per_node,32,0.5306497383996402,0.1793527805100383,0.2908163181280356,0.9160719488944191
696,spotify,4,ciepły start,time_s,36,1.3756061940831488,1.687733609287577,0.1551108519997797,8.099156151001807
697,spotify,4,ciepły start,total_cost,36,38.940287621537685,23.722376576525804,12.682054217527934,98.51907191383343
698,spotify,4,ciepły start,cost_per_node,36,0.4136949186293918,0.09707399254479569,0.2837232371980835,0.6196168044895184
699,spotify,4,zimny start,time_s,32,0.29342906137480895,1.0585097180004666,0.0004157980001764372,5.761197745996469
700,spotify,4,zimny start,total_cost,32,48.73309914894898,31.368468656638072,11.632652725121424,133.67555292455086
701,spotify,4,zimny start,cost_per_node,32,0.5403688401854224,0.17735460807457493,0.2837232371980835,0.8798802456182435
702,spotify,5,ciepły start,time_s,36,1.352238712610819,1.6635967732313364,0.1646527140037506,7.979098823998356
703,spotify,5,ciepły start,total_cost,36,38.84433185772945,23.76947156628648,12.682054217527934,98.51907191383343
704,spotify,5,ciepły start,cost_per_node,36,0.41131839749798793,0.09550838487192363,0.2837232371980835,0.6196168044895184
705,spotify,5,zimny start,time_s,32,0.2940756035316099,1.0712375909655556,0.0004441069977474399,5.852801350003574
706,spotify,5,zimny start,total_cost,32,48.65395113622188,32.62245102788006,11.632652725121424,134.50492567553158
707,spotify,5,zimny start,cost_per_node,32,0.5315002638017698,0.16693078237595813,0.2837232371980835,0.8459429287769281
708,spotify,6,ciepły start,time_s,36,1.3383690959997492,1.6327584828880062,0.13723382400348785,7.715431662996707
709,spotify,6,ciepły start,total_cost,36,38.84433185772944,23.73966831158261,12.682054217527934,98.51907191383343
710,spotify,6,ciepły start,cost_per_node,36,0.41116710194296247,0.09477609560549129,0.29652081637377264,0.6196168044895184
711,spotify,6,zimny start,time_s,32,0.2975395001569723,1.0701749226049992,0.0004640159968403168,5.818149673999869
712,spotify,6,zimny start,total_cost,32,48.98597636612316,32.116032316217535,11.632652725121424,129.040951502272
713,spotify,6,zimny start,cost_per_node,32,0.5399765819102389,0.17551257207731316,0.2837232371980835,0.8468167209284053
714,spotify,7,ciepły start,time_s,36,1.3430559961111106,1.6692591865175754,0.16635716000018874,7.968316580998362
715,spotify,7,ciepły start,total_cost,36,38.69858165045076,23.7855837342458,12.682054217527934,98.51907191383343
716,spotify,7,ciepły start,cost_per_node,36,0.40915042474549473,0.09489335237341906,0.29652081637377264,0.6196168044895184
717,spotify,7,zimny start,time_s,32,0.29212054806293963,1.0448126988401252,0.0004329069997766055,5.671405801003857
718,spotify,7,zimny start,total_cost,32,47.84367506465044,31.038055114221343,11.632652725121424,129.17174393504797
719,spotify,7,zimny start,cost_per_node,32,0.526179939042132,0.1602340194941854,0.2837232371980835,0.837753324921946
720,spotify,8,ciepły start,time_s,36,1.363236976638695,1.6585738039772369,0.15885362200060626,7.97760816400114
721,spotify,8,ciepły start,total_cost,36,38.606259009775194,23.74701662822967,12.682054217527934,98.51907191383343
722,spotify,8,ciepły start,cost_per_node,36,0.4082392757128734,0.0951873952855657,0.29652081637377264,0.6196168044895184
723,spotify,8,zimny start,time_s,32,0.2888392706236118,1.0313878537715309,0.0004366659995866939,5.596735756000271
724,spotify,8,zimny start,total_cost,32,48.55826269251037,31.030229287176457,11.632652725121424,127.24835153733584
725,spotify,8,zimny start,cost_per_node,32,0.5404977210110254,0.18038106078454624,0.2837232371980835,0.9086654633056208
726,spotify,9,ciepły start,time_s,36,1.3652197387230747,1.6572714344200057,0.16132774200377753,7.945708306004235
727,spotify,9,ciepły start,total_cost,36,38.60262588664253,23.633636158683508,12.682054217527934,98.51907191383343
728,spotify,9,ciepły start,cost_per_node,36,0.40778685734995485,0.09540043328207355,0.29663746942802655,0.6196168044895184
729,spotify,9,zimny start,time_s,32,0.29024720346842514,1.045627749521988,0.0003586470047594048,5.688294685998699
730,spotify,9,zimny start,total_cost,32,47.038880573925915,30.350226905683677,11.632652725121424,132.14453782516662
731,spotify,9,zimny start,cost_per_node,32,0.517184710634142,0.15575454621121446,0.2837232371980835,0.8420316319244067
732,spotify,10,ciepły start,time_s,36,1.3530606898055137,1.631026539253658,0.16959401900385274,7.833346569001151
733,spotify,10,ciepły start,total_cost,36,38.59296591042023,22.861175991144883,12.988257237404781,98.51907191383343
734,spotify,10,ciepły start,cost_per_node,36,0.4085891957148962,0.09301607575036205,0.29663746942802655,0.6196168044895184
735,spotify,10,zimny start,time_s,32,0.4776260755002113,1.798487698452198,0.0004589460004353896,9.754587636001816
736,spotify,10,zimny start,total_cost,32,47.935084867950295,30.50253810570918,12.682054217527934,130.7027590344322
737,spotify,10,zimny start,cost_per_node,32,0.5276614333826206,0.1590882206212219,0.30195367184590316,0.822029931034165
738,spotify,11,ciepły start,time_s,36,1.3596360953617679,1.7056449965637808,0.1507606850063894,8.422293636001996
739,spotify,11,ciepły start,total_cost,36,38.73508299456624,23.681929686483517,11.632652725121424,101.66727639105294
740,spotify,11,ciepły start,cost_per_node,36,0.4048852765031423,0.09349678414900722,0.2837232371980835,0.6275757801916848
741,spotify,11,zimny start,time_s,32,0.19126000918822683,0.5296019301408286,0.0003574229995138012,2.1464726139965933
742,spotify,11,zimny start,total_cost,32,48.00235384387948,30.73967356673302,11.632652725121424,129.47794695492482
743,spotify,11,zimny start,cost_per_node,32,0.5223183120850265,0.1577247866589797,0.2837232371980835,0.8501558994726909
744,spotify,12,ciepły start,time_s,36,1.3626692260277196,1.691941434472159,0.1684950300041237,8.341273405996617
745,spotify,12,ciepły start,total_cost,36,38.74722175713993,23.610656802992498,11.632652725121424,101.66727639105294
746,spotify,12,ciepły start,cost_per_node,36,0.40531552867336906,0.09264062648137754,0.2837232371980835,0.6275757801916848
747,spotify,12,zimny start,time_s,32,0.1891362870312605,0.5271929855900459,0.0003507990040816366,2.160428647999652
748,spotify,12,zimny start,total_cost,32,49.14864672043274,32.55498505477609,11.632652725121424,138.39632862528077
749,spotify,12,zimny start,cost_per_node,32,0.5333877035394781,0.17258175547255575,0.2837232371980835,0.8674395848803572
750,spotify,13,ciepły start,time_s,36,1.3692649536949628,1.6352790261352823,0.17220121599530103,7.839844337999239
751,spotify,13,ciepły start,total_cost,36,38.89908387390267,23.411845977834165,12.682054217527934,101.66727639105294
752,spotify,13,ciepły start,cost_per_node,36,0.4065826626795614,0.09185612713635759,0.30195367184590316,0.6275757801916848
753,spotify,13,zimny start,time_s,32,0.7113066480626458,3.2611041758071715,0.0003397649998078123,18.37785550600529
754,spotify,13,zimny start,total_cost,32,48.331686127579175,29.956608203637355,12.682054217527934,130.57196660165624
755,spotify,13,zimny start,cost_per_node,32,0.529267036024858,0.16703010078665395,0.30195367184590316,0.8552854419145132
756,spotify,14,ciepły start,time_s,36,1.3481868464172697,1.6177788079863058,0.16959848799888275,7.772768882001401
757,spotify,14,ciepły start,total_cost,36,38.840783790991196,23.380419880154356,12.682054217527934,101.66727639105294
758,spotify,14,ciepły start,cost_per_node,36,0.4063973172680624,0.0926583167235361,0.30195367184590316,0.6275757801916848
759,spotify,14,zimny start,time_s,32,0.3851478961257726,1.4652649980984163,0.0003559309989213943,7.943230544005928
760,spotify,14,zimny start,total_cost,32,48.542009326857084,31.787004538989912,12.682054217527934,140.40895733164274
761,spotify,14,zimny start,cost_per_node,32,0.5250987466465015,0.16259263017243433,0.30195367184590316,0.8667219588373006
762,spotify,15,ciepły start,time_s,36,1.347059359138762,1.5740335460304578,0.13929706400085706,7.461060738001834
763,spotify,15,ciepły start,total_cost,36,39.126257352458914,23.172966671126634,12.682054217527934,101.66727639105294
764,spotify,15,ciepły start,cost_per_node,36,0.4088952962201764,0.09380931099494631,0.30195367184590316,0.6275757801916848
765,spotify,15,zimny start,time_s,32,0.47622190037509426,1.6110282309365536,0.0003567770036170259,7.984982930000115
766,spotify,15,zimny start,total_cost,32,48.90403971875076,31.028065027286424,12.682054217527934,132.62615143214435
767,spotify,15,zimny start,cost_per_node,32,0.5293923901995978,0.16614647047904146,0.30195367184590316,0.8606293189837304
