algorithm,graph,n_nodes,rep,cost_mean,cost_std,cost_ci95,time_ms_mean,time_ms_std,time_ms_ci95
AntColonyOptimization,random,20,42,80.133810,107.580326,32.536009,162.008149,24.953270,7.546731
AntColonyOptimization,random,40,42,112.053095,150.204994,45.427182,293.873691,51.993079,15.724504
AntColonyOptimization,random,60,42,153.881905,209.468187,63.350420,469.570382,63.918629,19.331203
AntColonyOptimization,random,80,42,194.546905,270.030954,81.666694,715.227292,123.462206,37.339239
AntColonyOptimization,random,100,42,232.557143,324.306161,98.081393,936.717840,215.092598,65.051437
AntColonyOptimization,random,120,42,271.120476,383.575677,116.006543,1189.568086,376.410398,113.839515
AntColonyOptimization,random,140,42,301.633810,432.059303,130.669668,1366.744029,497.859244,150.569844
AntColonyOptimization,random,160,42,335.479286,482.847154,146.029669,1666.939905,689.707444,208.591371
AntColonyOptimization,random,180,42,372.846667,540.673613,163.518390,1954.615472,920.852689,278.497683
AntColonyOptimization,random,200,42,407.090238,594.602441,179.828331,2292.330409,1204.329039,364.230730
AntColonyOptimization,random,300,42,573.077143,849.915091,257.043702,4229.955314,2733.171738,826.605608
AntColonyOptimization,random,400,42,732.917381,1101.538902,333.143440,6559.363869,4946.918724,1496.119217
AntColonyOptimization,random,600,42,1062.698810,1623.618653,491.038403,12528.443849,11565.031347,3497.665235
AntColonyOptimization,random,800,39,1082.811795,1901.114379,596.666994,18669.311634,20018.091365,6282.701626
AntColonyOptimization,random,1000,30,70.733333,15.752249,5.636870,12172.129747,12570.887760,4498.434412
AntColonyOptimization,random,1500,30,78.566667,17.511441,6.266389,14440.168101,1467.268499,525.055289
AntColonyOptimization,random,2000,30,85.633333,19.031251,6.810246,19150.585567,1260.717385,451.141922
AntColonyOptimization,random,2500,30,89.833333,20.177374,7.220381,24111.124198,1123.091825,401.893248
AntColonyOptimization,random,3000,30,94.016667,21.233303,7.598240,30607.429468,1629.075511,582.957185
AntColonyOptimization,scale_free,20,42,53.289524,75.236782,22.754203,96.636090,29.157960,8.818375
AntColonyOptimization,scale_free,40,42,124.328095,180.598530,54.619238,254.166205,98.006671,29.640605
AntColonyOptimization,scale_free,60,42,200.615238,286.391809,86.614782,505.936752,165.158989,49.949787
AntColonyOptimization,scale_free,80,42,276.016905,396.030978,119.773457,836.973050,295.837296,89.471424
AntColonyOptimization,scale_free,100,42,349.086667,501.182955,151.575050,1215.742128,519.807937,157.207888
AntColonyOptimization,scale_free,120,42,425.357619,612.997153,185.391528,1624.020826,661.267319,199.990095
AntColonyOptimization,scale_free,140,42,497.599762,716.650239,216.739804,2101.247304,847.423928,256.290288
AntColonyOptimization,scale_free,160,42,570.873333,817.847476,247.345346,2701.374448,931.256985,281.644302
AntColonyOptimization,scale_free,180,42,638.958333,913.793637,276.362782,3338.946488,1169.405929,353.668775
AntColonyOptimization,scale_free,200,42,714.653095,1021.281910,308.870951,4033.896150,1496.327012,452.541010
AntColonyOptimization,scale_free,300,42,1086.140714,1540.886010,466.017192,8614.898984,3053.475785,923.476624
AntColonyOptimization,scale_free,400,42,1431.827619,2031.144409,614.288278,14359.833597,5063.764739,1531.457491
AntColonyOptimization,scale_free,600,42,2177.296190,3086.452498,933.449921,31100.629343,10434.166137,3155.652506
AntColonyOptimization,scale_free,800,30,398.616667,47.302162,16.926861,43699.375172,6402.584383,2291.135397
AntColonyOptimization,small_world,20,42,43.159524,58.822267,17.789887,85.270408,12.851860,3.886847
AntColonyOptimization,small_world,40,42,85.116190,114.478947,34.622391,228.857452,34.228198,10.351790
AntColonyOptimization,small_world,60,42,130.551905,175.359713,53.034839,411.074087,56.570302,17.108815
AntColonyOptimization,small_world,80,42,184.002381,248.600084,75.185258,692.650169,124.928664,37.782746
AntColonyOptimization,small_world,100,42,229.383810,308.662147,93.350103,944.747868,107.857228,32.619754
AntColonyOptimization,small_world,120,42,277.562381,372.693588,112.715423,1317.370713,211.743326,64.038501
AntColonyOptimization,small_world,140,42,325.196667,436.663223,132.062052,1691.089764,276.188249,83.528873
AntColonyOptimization,small_world,160,42,367.129762,492.343265,148.901622,2157.832031,320.792448,97.018725
AntColonyOptimization,small_world,180,42,414.246190,557.334687,168.557274,2541.009221,387.240515,117.114917
AntColonyOptimization,small_world,200,42,466.044524,623.992399,188.716870,3163.592593,608.622677,184.068535
AntColonyOptimization,small_world,300,42,707.982143,956.142880,289.170657,6484.779509,1299.910258,393.137795
AntColonyOptimization,small_world,400,42,951.813095,1280.587283,387.293859,11372.047595,1987.239046,601.009778
AntColonyOptimization,small_world,600,42,1463.154524,1968.037504,595.202568,24166.519563,4259.374614,1288.182113
AntColonyOptimization,small_world,800,42,1951.877381,2619.044109,792.089468,40870.230510,7223.435824,2184.616678
AntColonyOptimization,small_world,1000,22,428.090909,108.699743,45.422732,57425.072869,2125.440042,888.164865
DominatingSetAlgorithm,random,20,42,81.385238,109.395485,33.084976,0.365208,0.070723,0.021389
DominatingSetAlgorithm,random,40,42,128.831429,176.369526,53.340241,0.590869,0.081113,0.024531
DominatingSetAlgorithm,random,60,42,167.082381,229.664701,69.458544,0.975990,0.167472,0.050649
DominatingSetAlgorithm,random,80,42,216.799048,303.735878,91.860228,1.430046,0.215799,0.065265
DominatingSetAlgorithm,random,100,42,266.196190,375.765305,113.644417,1.983617,0.260163,0.078682
DominatingSetAlgorithm,random,120,42,296.511905,421.401134,127.446269,2.794269,0.356075,0.107690
DominatingSetAlgorithm,random,140,42,323.758571,459.503657,138.969789,3.447644,0.378102,0.114351
DominatingSetAlgorithm,random,160,42,365.795714,524.453059,158.612733,4.445365,0.431757,0.130578
DominatingSetAlgorithm,random,180,42,394.622381,571.129838,172.729405,5.591280,0.526013,0.159085
DominatingSetAlgorithm,random,200,42,439.120952,642.392577,194.281720,6.816423,0.515402,0.155875
DominatingSetAlgorithm,random,300,42,611.883810,907.746493,274.533917,15.718494,0.988958,0.299095
DominatingSetAlgorithm,random,400,42,778.514286,1168.824114,353.492814,28.609894,2.261874,0.684069
DominatingSetAlgorithm,random,600,42,1103.540000,1682.140807,508.737525,65.771716,6.207353,1.877318
DominatingSetAlgorithm,random,800,42,1420.030476,2180.441679,659.440933,131.379837,11.379028,3.441411
DominatingSetAlgorithm,random,1000,42,1755.948095,2719.517925,822.476223,212.043330,21.040422,6.363351
DominatingSetAlgorithm,random,1500,42,2566.287619,4019.085624,1215.510416,442.069024,27.462658,8.305657
DominatingSetAlgorithm,random,2000,42,3358.179524,5288.472113,1599.416768,776.471345,48.580604,14.692454
DominatingSetAlgorithm,random,2500,42,4159.627619,6581.740256,1990.545757,1207.295891,71.238170,21.544885
DominatingSetAlgorithm,random,3000,42,4964.598095,7878.240183,2382.652150,1935.304435,110.824724,33.517227
DominatingSetAlgorithm,scale_free,20,42,61.221429,87.815628,26.558481,0.364714,0.072998,0.022077
DominatingSetAlgorithm,scale_free,40,42,142.889524,209.423743,63.336979,0.570834,0.142116,0.042981
DominatingSetAlgorithm,scale_free,60,42,219.199524,314.006992,94.966568,0.928761,0.190207,0.057525
DominatingSetAlgorithm,scale_free,80,42,298.484286,431.284891,130.435459,1.273072,0.226070,0.068371
DominatingSetAlgorithm,scale_free,100,42,375.693810,542.625321,164.108653,1.761609,0.315057,0.095284
DominatingSetAlgorithm,scale_free,120,42,451.008571,650.472437,196.725349,2.247313,0.285211,0.086258
DominatingSetAlgorithm,scale_free,140,42,529.182857,765.554824,231.530241,2.685517,0.372558,0.112674
DominatingSetAlgorithm,scale_free,160,42,631.110952,905.764184,273.934398,4.509524,4.143436,1.253118
DominatingSetAlgorithm,scale_free,180,42,688.655238,981.182194,296.743411,4.017116,0.570373,0.172500
DominatingSetAlgorithm,scale_free,200,42,759.705238,1081.370797,327.043908,4.848436,0.738170,0.223248
DominatingSetAlgorithm,scale_free,300,42,1115.800952,1583.329166,478.853469,9.976521,0.923661,0.279347
DominatingSetAlgorithm,scale_free,400,42,1461.527143,2073.390702,627.065017,18.397869,2.983137,0.902204
DominatingSetAlgorithm,scale_free,600,42,2219.716667,3142.342475,950.352982,42.237693,5.072909,1.534223
DominatingSetAlgorithm,scale_free,800,42,2961.591429,4187.803307,1266.536475,72.375578,6.278954,1.898973
DominatingSetAlgorithm,scale_free,1000,42,3690.938095,5221.514771,1579.166553,113.227331,13.137482,3.973229
DominatingSetAlgorithm,scale_free,1500,42,5557.446190,7841.818197,2371.636882,255.028935,25.301478,7.652042
DominatingSetAlgorithm,scale_free,2000,42,7387.846190,10411.009066,3148.649008,455.120844,44.863395,13.568242
DominatingSetAlgorithm,scale_free,2500,42,9262.226667,13049.374688,3946.581969,705.233894,72.811531,22.020724
DominatingSetAlgorithm,scale_free,3000,42,11122.832381,15703.279877,4749.214633,966.403898,82.269065,24.881009
DominatingSetAlgorithm,small_world,20,42,51.069048,71.120971,21.509440,0.352688,0.068512,0.020720
DominatingSetAlgorithm,small_world,40,42,94.161905,130.128117,39.355241,0.552098,0.111515,0.033726
DominatingSetAlgorithm,small_world,60,42,143.992857,201.183255,60.844770,0.848705,0.188485,0.057004
DominatingSetAlgorithm,small_world,80,42,185.166190,257.217555,77.791480,1.174616,0.229465,0.069398
DominatingSetAlgorithm,small_world,100,42,242.204286,337.127901,101.959130,1.650754,0.310063,0.093774
DominatingSetAlgorithm,small_world,120,42,288.085714,398.853503,120.627086,2.074068,0.327784,0.099133
DominatingSetAlgorithm,small_world,140,42,329.858095,454.759031,137.534850,2.713442,0.489429,0.148020
DominatingSetAlgorithm,small_world,160,42,388.805714,536.382001,162.220458,3.388068,0.514032,0.155461
DominatingSetAlgorithm,small_world,180,42,428.598571,595.914562,180.225162,3.933100,0.388288,0.117432
DominatingSetAlgorithm,small_world,200,42,479.353810,662.591628,200.390611,39.534625,107.982936,32.657772
DominatingSetAlgorithm,small_world,300,42,722.205238,998.614709,302.015606,10.376080,0.559535,0.169223
DominatingSetAlgorithm,small_world,400,42,956.477143,1317.133231,398.346617,19.952426,2.240468,0.677595
DominatingSetAlgorithm,small_world,600,42,1442.031905,1992.597140,602.630251,41.078073,2.898253,0.876532
DominatingSetAlgorithm,small_world,800,42,1909.941429,2638.573120,797.995716,74.592249,5.446263,1.647138
DominatingSetAlgorithm,small_world,1000,42,2384.544286,3292.210389,995.678220,117.355631,14.213314,4.298597
DominatingSetAlgorithm,small_world,1500,42,3586.247143,4946.947599,1496.127950,263.944865,25.519383,7.717944
DominatingSetAlgorithm,small_world,2000,42,4768.172381,6568.785030,1986.627649,458.745356,35.733183,10.806950
DominatingSetAlgorithm,small_world,2500,42,5989.079524,8257.526637,2497.361484,729.364070,73.007129,22.079879
DominatingSetAlgorithm,small_world,3000,42,7169.330000,9897.021809,2993.201495,1037.491264,90.368694,27.330617
GeneticAlgorithm,random,20,42,79.172143,105.765568,31.987164,110.109459,16.594331,5.018699
GeneticAlgorithm,random,40,42,117.787857,158.273845,47.867481,154.408061,15.863691,4.797729
GeneticAlgorithm,random,60,42,154.083095,209.179455,63.263098,198.511274,17.181539,5.196291
GeneticAlgorithm,random,80,42,202.344048,279.052165,84.395021,250.695510,23.992527,7.256169
GeneticAlgorithm,random,100,42,240.428095,332.075676,100.431163,285.552776,19.038980,5.758046
GeneticAlgorithm,random,120,42,276.853810,388.006001,117.346427,321.766032,30.085290,9.098832
GeneticAlgorithm,random,140,42,315.740238,451.278012,136.482070,364.463123,34.648267,10.478834
GeneticAlgorithm,random,160,42,348.656667,497.851129,150.567390,412.812987,49.556499,14.987598
GeneticAlgorithm,random,180,42,392.757619,567.349161,171.585997,467.801966,64.254385,19.432747
GeneticAlgorithm,random,200,42,425.191667,618.318076,187.000759,510.636469,61.050462,18.463770
GeneticAlgorithm,random,300,42,585.314524,862.845576,260.954327,802.153070,116.386033,35.199159
GeneticAlgorithm,random,400,42,755.106429,1130.680798,341.956956,1132.567703,210.692666,63.720745
GeneticAlgorithm,random,600,42,1090.568095,1660.982554,502.338538,1848.057138,396.741480,119.988337
GeneticAlgorithm,random,800,42,1407.889524,2163.619161,654.353222,2884.621352,698.277940,211.183386
GeneticAlgorithm,random,1000,42,1740.295000,2698.147495,816.013066,3795.264636,1073.261147,324.591269
GeneticAlgorithm,random,1500,42,2545.867857,3984.192072,1204.957400,5897.738610,1850.543781,559.668405
GeneticAlgorithm,random,2000,42,3340.921667,5260.307079,1590.898688,8299.627421,2917.140327,882.244068
GeneticAlgorithm,random,2500,42,4158.034762,6574.011219,1988.208229,11322.977911,4793.061434,1449.587454
GeneticAlgorithm,random,3000,42,4956.305238,7861.974478,2377.732839,16542.159631,7380.733810,2232.189026
GeneticAlgorithm,scale_free,20,42,52.987619,75.010065,22.685636,107.815147,14.310166,4.327889
GeneticAlgorithm,scale_free,40,42,121.250952,173.395103,52.440673,153.785453,16.957558,5.128552
GeneticAlgorithm,scale_free,60,42,203.393810,289.351256,87.509821,211.227770,29.493840,8.919957
GeneticAlgorithm,scale_free,80,42,267.326667,377.828024,114.268254,261.158892,46.237709,13.983881
GeneticAlgorithm,scale_free,100,42,351.786667,505.085339,152.755265,302.017211,39.894925,12.065604
GeneticAlgorithm,scale_free,120,42,427.473571,611.288917,184.874898,362.128507,55.676910,16.838622
GeneticAlgorithm,scale_free,140,42,520.729524,752.842720,227.685661,405.859643,69.110551,20.901420
GeneticAlgorithm,scale_free,160,42,596.394524,854.022669,258.285975,469.461072,73.400587,22.198875
GeneticAlgorithm,scale_free,180,42,665.830238,949.537764,287.173041,533.556869,93.236118,28.197825
GeneticAlgorithm,scale_free,200,42,741.527381,1057.211319,319.737246,573.650946,79.960433,24.182799
GeneticAlgorithm,scale_free,300,42,1101.705238,1561.616674,472.286861,903.898502,120.730535,36.513087
GeneticAlgorithm,scale_free,400,42,1447.535238,2053.827200,621.148338,1270.056427,165.741575,50.125981
GeneticAlgorithm,scale_free,600,42,2200.586905,3115.292680,942.172190,1926.059944,212.084399,64.141653
GeneticAlgorithm,scale_free,800,42,2955.402381,4181.272957,1264.561472,2594.076679,276.552109,83.638917
GeneticAlgorithm,scale_free,1000,42,3688.742619,5212.428566,1576.418571,3236.999263,323.172480,97.738529
GeneticAlgorithm,scale_free,1500,42,5504.230238,7748.414258,2343.388303,4995.521946,481.178250,145.524935
GeneticAlgorithm,scale_free,2000,42,7363.263095,10375.502108,3137.910476,6618.940034,637.508666,192.804657
GeneticAlgorithm,scale_free,2500,42,9216.818095,12975.052518,3924.104376,8368.588557,993.103727,300.348894
GeneticAlgorithm,scale_free,3000,42,11072.745000,15625.572135,4725.713126,9944.705292,1008.560886,305.023674
GeneticAlgorithm,small_world,20,42,42.349762,57.886001,17.506728,97.139850,11.849800,3.583789
GeneticAlgorithm,small_world,40,42,84.078810,113.299981,34.265831,262.469753,228.623059,69.143516
GeneticAlgorithm,small_world,60,42,129.262619,173.777858,52.556431,302.119788,234.569944,70.942059
GeneticAlgorithm,small_world,80,42,176.948810,240.229119,72.653589,348.661190,248.742889,75.228448
GeneticAlgorithm,small_world,100,42,228.305000,307.342235,92.950915,330.984566,225.121520,68.084529
GeneticAlgorithm,small_world,120,42,277.522619,374.638253,113.303557,264.831830,24.693630,7.468207
GeneticAlgorithm,small_world,140,42,321.640000,433.424173,131.082452,358.045737,129.154956,39.060923
GeneticAlgorithm,small_world,160,42,364.950000,491.300565,148.586273,421.422392,143.772203,43.481684
GeneticAlgorithm,small_world,180,42,414.002143,560.914459,169.639921,481.120073,149.446935,45.197919
GeneticAlgorithm,small_world,200,42,460.928333,618.720708,187.122529,523.237771,145.351249,43.959242
GeneticAlgorithm,small_world,300,42,726.256667,987.661051,298.702841,686.284792,122.714033,37.112965
GeneticAlgorithm,small_world,400,42,967.942381,1301.921927,393.746193,904.826121,78.528899,23.749854
GeneticAlgorithm,small_world,600,42,1521.330952,2056.021903,621.812092,1391.062432,109.678849,33.170675
GeneticAlgorithm,small_world,800,42,2015.929762,2712.195808,820.261762,1824.829428,126.873442,38.370914
GeneticAlgorithm,small_world,1000,42,2527.830714,3393.511518,1026.315183,2281.246992,145.648549,44.049156
GeneticAlgorithm,small_world,1500,42,3826.973571,5145.149480,1556.071050,3456.100227,222.961943,67.431398
GeneticAlgorithm,small_world,2000,42,5133.076429,6888.568189,2083.341130,4565.734427,267.801568,80.992451
GeneticAlgorithm,small_world,2500,42,6403.595476,8604.007352,2602.149229,5765.779497,373.113724,112.842487
GeneticAlgorithm,small_world,3000,42,7649.510238,10264.520536,3104.345813,6853.968799,411.515683,124.456567
GreedyAlgorithm,random,20,42,81.385238,109.395485,33.084976,0.288916,0.078984,0.023887
GreedyAlgorithm,random,40,42,126.552381,171.378939,51.830915,0.342526,0.085120,0.025743
GreedyAlgorithm,random,60,42,169.081905,230.661653,69.760057,0.359437,0.074954,0.022669
GreedyAlgorithm,random,80,42,217.585238,301.255165,91.109975,0.469716,0.120291,0.036380
GreedyAlgorithm,random,100,42,255.026667,353.829057,107.010137,0.508217,0.120867,0.036554
GreedyAlgorithm,random,120,42,293.438095,411.054476,124.317082,0.566615,0.137106,0.041466
GreedyAlgorithm,random,140,42,329.812381,469.286411,141.928432,0.591587,0.140337,0.042443
GreedyAlgorithm,random,160,42,362.808571,518.168210,156.711978,0.629935,0.150979,0.045661
GreedyAlgorithm,random,180,42,408.982381,590.206975,178.498990,1.216715,2.234471,0.675781
GreedyAlgorithm,random,200,42,440.520476,642.853562,194.421138,0.807020,0.221182,0.066893
GreedyAlgorithm,random,300,42,596.559524,877.382187,265.350701,1.221925,0.328785,0.099436
GreedyAlgorithm,random,400,42,764.856667,1143.560642,345.852266,1.713888,0.461721,0.139640
GreedyAlgorithm,random,600,42,1096.082381,1668.743314,504.685660,2.778597,0.721735,0.218278
GreedyAlgorithm,random,800,42,1411.144762,2166.417786,655.199623,4.721551,1.530805,0.462968
GreedyAlgorithm,random,1000,42,1746.409048,2705.342168,818.188984,6.502037,2.403387,0.726867
GreedyAlgorithm,random,1500,42,2548.530476,3986.597376,1205.684847,12.487034,5.055955,1.529096
GreedyAlgorithm,random,2000,42,3343.782857,5261.414559,1591.233628,17.601197,6.928631,2.095458
GreedyAlgorithm,random,2500,42,4160.543810,6573.370823,1988.014552,24.959459,13.622250,4.119839
GreedyAlgorithm,random,3000,42,4957.683333,7861.209537,2377.501494,35.455907,23.446415,7.091006
GreedyAlgorithm,scale_free,20,42,61.221429,87.815628,26.558481,0.273564,0.055555,0.016802
GreedyAlgorithm,scale_free,40,42,143.793810,211.001823,63.814245,0.317357,0.063190,0.019111
GreedyAlgorithm,scale_free,60,42,215.749048,308.118859,93.185793,0.377127,0.076612,0.023170
GreedyAlgorithm,scale_free,80,42,294.986190,424.777824,128.467497,0.451655,0.100043,0.030256
GreedyAlgorithm,scale_free,100,42,367.840476,529.871651,160.251503,0.494232,0.105175,0.031809
GreedyAlgorithm,scale_free,120,42,453.450476,653.294150,197.578733,0.705533,0.233378,0.070582
GreedyAlgorithm,scale_free,140,42,534.627143,772.751397,233.706733,0.636138,0.157443,0.047616
GreedyAlgorithm,scale_free,160,42,609.692381,873.946593,264.311659,1.469375,3.496627,1.057501
GreedyAlgorithm,scale_free,180,42,682.148571,973.191198,294.326657,0.681853,0.146491,0.044304
GreedyAlgorithm,scale_free,200,42,752.618095,1073.767760,324.744486,0.745242,0.176160,0.053277
GreedyAlgorithm,scale_free,300,42,1120.880476,1591.143802,481.216885,0.932275,0.183068,0.055366
GreedyAlgorithm,scale_free,400,42,1465.169524,2076.884762,628.121742,1.181322,0.246693,0.074608
GreedyAlgorithm,scale_free,600,42,2220.127619,3142.329678,950.349112,1.702588,0.316977,0.095865
GreedyAlgorithm,scale_free,800,42,2982.790476,4217.971187,1275.660285,2.150498,0.424141,0.128275
GreedyAlgorithm,scale_free,1000,42,3716.709048,5250.555293,1587.949411,2.568847,0.426981,0.129134
GreedyAlgorithm,scale_free,1500,42,5541.451905,7795.689837,2357.686072,3.645501,0.439232,0.132839
GreedyAlgorithm,scale_free,2000,42,7419.801429,10452.025425,3161.053773,4.871604,0.739789,0.223738
GreedyAlgorithm,scale_free,2500,42,9265.509524,13038.369459,3943.253608,5.996014,1.359930,0.411290
GreedyAlgorithm,scale_free,3000,42,11151.205714,15733.132780,4758.243183,7.714309,3.352083,1.013786
GreedyAlgorithm,small_world,20,42,47.841905,65.861482,19.918789,0.272431,0.059508,0.017997
GreedyAlgorithm,small_world,40,42,103.152381,137.274636,41.516595,0.308722,0.065275,0.019742
GreedyAlgorithm,small_world,60,42,148.719048,198.917975,60.159671,0.384280,0.084659,0.025604
GreedyAlgorithm,small_world,80,42,211.624762,282.381012,85.401779,0.425308,0.110308,0.033361
GreedyAlgorithm,small_world,100,42,256.878571,341.522892,103.288328,0.452057,0.107261,0.032439
GreedyAlgorithm,small_world,120,42,307.999524,411.069455,124.321612,0.501580,0.115353,0.034887
GreedyAlgorithm,small_world,140,42,355.618571,473.884590,143.319080,0.529684,0.115597,0.034961
GreedyAlgorithm,small_world,160,42,399.244286,532.923454,161.174474,0.591857,0.132299,0.040012
GreedyAlgorithm,small_world,180,42,448.228571,599.937467,181.441828,0.596315,0.148416,0.044886
GreedyAlgorithm,small_world,200,42,514.814762,684.662921,207.065733,16.007492,69.237544,20.939827
GreedyAlgorithm,small_world,300,42,760.524762,1025.708734,310.209776,0.830896,0.172667,0.052220
GreedyAlgorithm,small_world,400,42,1005.191429,1346.822597,407.325707,14.406800,60.408804,18.269710
GreedyAlgorithm,small_world,600,42,1550.836190,2082.108306,629.701522,1.412320,0.206969,0.062595
GreedyAlgorithm,small_world,800,42,2038.791905,2731.090934,825.976301,1.803171,0.237357,0.071785
GreedyAlgorithm,small_world,1000,42,2545.991429,3403.214157,1029.249596,2.226768,0.332533,0.100570
GreedyAlgorithm,small_world,1500,42,3845.947619,5153.974365,1558.740000,3.165659,0.436877,0.132127
GreedyAlgorithm,small_world,2000,42,5153.610000,6895.106880,2085.318656,4.062076,0.570183,0.172443
GreedyAlgorithm,small_world,2500,42,6418.112857,8601.034696,2601.250195,4.742870,0.327536,0.099058
GreedyAlgorithm,small_world,3000,42,7662.973810,10261.286742,3103.367802,5.708890,0.557166,0.168506
ILPSolver,random,20,42,78.244286,104.096375,31.482342,21.009620,5.006687,1.514195
ILPSolver,random,40,42,100.483333,132.345489,40.025850,515.329703,250.935488,75.891565
ILPSolver,random,60,42,122.961429,162.049153,49.009265,4339.479946,2221.734559,671.929327
ILPSolver,random,80,30,25.200000,5.511117,1.972128,17818.820457,16298.476061,5832.334754
ILPSolver,scale_free,20,42,42.254762,56.894752,17.206940,37.937667,16.700021,5.050664
ILPSolver,scale_free,40,42,84.537143,114.520961,34.635097,100.284437,79.048206,23.906910
ILPSolver,scale_free,60,42,134.202857,181.843509,54.995763,262.279816,285.198328,86.253832
ILPSolver,scale_free,80,42,178.573810,244.999133,74.096206,304.579610,431.176632,130.402717
ILPSolver,scale_free,100,42,228.101905,312.012913,94.363490,504.307992,699.012381,211.405506
ILPSolver,scale_free,120,42,268.565714,369.697194,111.809210,552.484668,1169.840160,353.800101
ILPSolver,scale_free,140,42,308.007619,421.579375,127.500175,596.265670,602.639360,182.258973
ILPSolver,scale_free,160,42,356.558095,488.369398,147.699787,551.556791,326.676420,98.798241
ILPSolver,scale_free,180,42,399.122381,545.930287,165.108189,678.462773,528.585509,159.862529
ILPSolver,scale_free,200,42,443.140952,608.620555,184.067893,808.252818,917.391821,277.450997
ILPSolver,scale_free,300,42,689.534286,960.038441,290.348809,1214.188202,873.335680,264.126897
ILPSolver,scale_free,400,42,923.931429,1284.057804,388.343465,2415.190893,4028.761108,1218.436617
ILPSolver,scale_free,600,42,1375.348571,1903.764190,575.764096,3783.196887,4414.282493,1335.031610
ILPSolver,scale_free,800,40,1676.481000,2500.278466,774.844324,12339.120860,18352.428851,5687.476625
ILPSolver,scale_free,1000,30,336.400000,57.802637,20.684408,7314.400745,13845.222858,4954.449370
ILPSolver,scale_free,1500,30,511.033333,87.615828,31.352921,9582.194074,5119.064609,1831.833744
ILPSolver,scale_free,2000,30,689.933333,115.501734,41.331765,13910.384666,2860.759073,1023.709487
ILPSolver,scale_free,2500,30,851.333333,144.308657,51.640190,21223.308878,4465.854550,1598.085527
ILPSolver,scale_free,3000,30,1012.000000,171.774511,61.468719,26023.339892,3644.109896,1304.027979
ILPSolver,small_world,20,42,41.921429,57.099398,17.268832,1377.636525,3460.313955,1046.518549
ILPSolver,small_world,40,36,55.321667,95.564946,31.217882,4421.952617,13357.081375,4363.313249
ILPSolver,small_world,60,36,79.816667,136.171305,44.482626,2490.368986,1055.261539,344.718769
ILPSolver,small_world,80,30,25.466667,5.870636,2.100780,5530.833534,14335.587652,5129.924158
ILPSolver,small_world,100,30,32.400000,7.367683,2.636492,3962.526759,931.436557,333.310291
ILPSolver,small_world,120,30,38.400000,8.816521,3.154951,5842.374379,1306.541125,467.539737
ILPSolver,small_world,140,30,44.866667,10.326509,3.695294,4786.200513,3101.329258,1109.796422
ILPSolver,small_world,160,30,51.600000,11.928234,4.268464,9764.520677,2866.268040,1025.680846
ILPSolver,small_world,180,30,57.433333,13.363443,4.782047,8895.102474,5111.192314,1829.016680
ILPSolver,small_world,200,30,64.033333,14.918707,5.338591,11669.274183,7461.112690,2669.924886
RandomizedAlgorithm,random,20,42,108.386190,147.821670,44.706383,0.329415,0.084209,0.025468
RandomizedAlgorithm,random,40,42,192.156667,258.133213,78.068406,0.368625,0.084523,0.025563
RandomizedAlgorithm,random,60,42,267.022381,362.874577,109.745815,0.415288,0.085133,0.025747
RandomizedAlgorithm,random,80,42,331.220476,453.678814,137.208155,0.502011,0.106358,0.032166
RandomizedAlgorithm,random,100,42,402.873571,549.255956,166.113987,0.578967,0.124195,0.037561
RandomizedAlgorithm,random,120,42,484.817857,679.807261,205.597214,0.607291,0.133018,0.040229
RandomizedAlgorithm,random,140,42,554.081429,775.249007,234.462097,0.683918,0.147945,0.044744
RandomizedAlgorithm,random,160,42,623.947143,880.167318,266.193021,0.723957,0.149635,0.045255
RandomizedAlgorithm,random,180,42,682.101667,964.392160,291.665524,0.813425,0.171184,0.051772
RandomizedAlgorithm,random,200,42,749.101190,1081.529417,327.091880,0.883627,0.194984,0.058970
RandomizedAlgorithm,random,300,42,1072.890238,1573.659071,475.928898,1.317533,0.310180,0.093809
RandomizedAlgorithm,random,400,42,1406.010476,2111.180944,638.494092,1.758683,0.442188,0.133733
RandomizedAlgorithm,random,600,42,2047.982143,3126.452531,945.547314,2.532591,0.806441,0.243896
RandomizedAlgorithm,random,800,42,2669.693571,4114.907649,1244.490309,3.611205,1.499280,0.453434
RandomizedAlgorithm,random,1000,42,3299.776667,5120.324048,1548.562981,4.488492,2.137045,0.646316
RandomizedAlgorithm,random,1500,42,4896.592619,7719.708635,2334.706730,7.549841,4.919666,1.487877
RandomizedAlgorithm,random,2000,42,6431.689048,10257.394856,3102.190761,10.583779,8.256446,2.497035
RandomizedAlgorithm,random,2500,42,8068.731429,12936.783035,3912.530362,18.951636,42.254778,12.779306
RandomizedAlgorithm,random,3000,42,9576.092143,15422.523315,4664.304144,18.281847,18.281237,5.528878
RandomizedAlgorithm,scale_free,20,42,101.850476,138.688312,41.944139,0.304893,0.053166,0.016079
RandomizedAlgorithm,scale_free,40,42,214.921429,291.879697,88.274510,0.378219,0.077783,0.023524
RandomizedAlgorithm,scale_free,60,42,307.765476,415.427889,125.639753,0.432908,0.084478,0.025549
RandomizedAlgorithm,scale_free,80,42,422.447619,575.387484,174.017064,0.468949,0.075561,0.022852
RandomizedAlgorithm,scale_free,100,42,527.907857,714.894193,216.208715,0.528021,0.098059,0.029657
RandomizedAlgorithm,scale_free,120,42,629.494524,857.902953,259.459507,3.730544,7.500266,2.268340
RandomizedAlgorithm,scale_free,140,42,729.803571,982.648234,297.186792,0.666832,0.155522,0.047035
RandomizedAlgorithm,scale_free,160,42,845.714762,1151.004091,348.103423,0.859256,0.270444,0.081791
RandomizedAlgorithm,scale_free,180,42,946.497381,1286.411912,389.055428,0.753636,0.129438,0.039146
RandomizedAlgorithm,scale_free,200,42,1042.510952,1414.589678,427.820815,0.793490,0.166494,0.050353
RandomizedAlgorithm,scale_free,300,42,1565.930000,2120.920222,641.439587,1.070227,0.224531,0.067906
RandomizedAlgorithm,scale_free,400,42,2081.008333,2822.810000,853.715317,2.294454,2.966548,0.897187
RandomizedAlgorithm,scale_free,600,42,3120.281190,4207.223687,1272.409870,1.733390,0.246184,0.074454
RandomizedAlgorithm,scale_free,800,42,4155.348810,5623.733182,1700.811304,2.251156,0.340590,0.103006
RandomizedAlgorithm,scale_free,1000,42,5191.521905,7023.169422,2124.049195,2.787266,0.475306,0.143749
RandomizedAlgorithm,scale_free,1500,42,7780.348810,10534.307715,3185.938781,4.998314,2.028677,0.613542
RandomizedAlgorithm,scale_free,2000,42,10378.860952,14026.663057,4242.147753,5.040369,0.459998,0.139119
RandomizedAlgorithm,scale_free,2500,42,13015.334524,17613.957646,5327.069635,7.775457,4.168261,1.260626
RandomizedAlgorithm,scale_free,3000,42,15616.947381,21154.209374,6397.764129,8.704974,3.993859,1.207881
RandomizedAlgorithm,small_world,20,42,86.899524,119.175729,36.042860,0.315754,0.072430,0.021905
RandomizedAlgorithm,small_world,40,42,175.375476,240.853845,72.842528,0.379824,0.085777,0.025942
RandomizedAlgorithm,small_world,60,42,249.430476,336.148219,101.662841,0.448094,0.127137,0.038451
RandomizedAlgorithm,small_world,80,42,328.432857,447.120505,135.224696,0.488154,0.112040,0.033885
RandomizedAlgorithm,small_world,100,42,421.793571,570.220330,172.454338,0.554915,0.150623,0.045553
RandomizedAlgorithm,small_world,120,42,505.976667,687.617375,207.959262,0.549004,0.098344,0.029743
RandomizedAlgorithm,small_world,140,42,605.839048,821.982444,248.595904,0.613489,0.117398,0.035505
RandomizedAlgorithm,small_world,160,42,681.779524,927.113960,280.391308,0.657813,0.142008,0.042948
RandomizedAlgorithm,small_world,180,42,774.568333,1053.651492,318.660632,0.714223,0.125000,0.037804
RandomizedAlgorithm,small_world,200,42,865.018571,1182.558170,357.646467,0.784640,0.174338,0.052726
RandomizedAlgorithm,small_world,300,42,1273.820238,1716.009343,518.980541,1.033714,0.215319,0.065120
RandomizedAlgorithm,small_world,400,42,1715.381190,2331.685619,705.182328,17.887989,75.020122,22.688678
RandomizedAlgorithm,small_world,600,42,2585.634286,3518.136500,1064.006085,1.780369,0.366962,0.110982
RandomizedAlgorithm,small_world,800,42,3450.891429,4700.026185,1421.450379,2.241394,0.354522,0.107220
RandomizedAlgorithm,small_world,1000,42,4291.966905,5826.771444,1762.217093,2.655900,0.387218,0.117108
RandomizedAlgorithm,small_world,1500,42,6396.546667,8702.835778,2632.038361,3.862479,0.442372,0.133789
RandomizedAlgorithm,small_world,2000,42,8526.442381,11563.463012,3497.190917,5.970889,3.084467,0.932849
RandomizedAlgorithm,small_world,2500,42,10684.900714,14523.119315,4392.293286,7.191691,3.640508,1.101015
RandomizedAlgorithm,small_world,3000,42,12821.175000,17369.785280,5253.223471,7.343822,0.580351,0.175518
SimulatedAnnealing,random,20,42,81.385238,109.395485,33.084976,56.852853,7.472052,2.259807
SimulatedAnnealing,random,40,42,126.005476,170.335088,51.515218,93.327512,11.290471,3.414629
SimulatedAnnealing,random,60,42,168.606190,229.713290,69.473239,125.820081,10.313718,3.119225
SimulatedAnnealing,random,80,42,214.190238,295.219615,89.284616,173.054122,12.827754,3.879556
SimulatedAnnealing,random,100,42,252.432857,349.100199,105.579967,216.632930,8.608486,2.603504
SimulatedAnnealing,random,120,42,293.438095,411.054476,124.317082,272.083088,34.360938,10.391935
SimulatedAnnealing,random,140,42,329.812381,469.286411,141.928432,331.513769,26.868806,8.126056
SimulatedAnnealing,random,160,42,362.808571,518.168210,156.711978,403.879235,37.886192,11.458094
SimulatedAnnealing,random,180,42,408.982381,590.206975,178.498990,463.200900,20.123950,6.086178
SimulatedAnnealing,random,200,42,440.520476,642.853562,194.421138,548.469534,31.236853,9.447104
SimulatedAnnealing,random,300,42,596.226429,876.951125,265.220333,844.813292,77.248102,23.362496
SimulatedAnnealing,random,400,42,764.856667,1143.560642,345.852266,1051.567013,127.601922,38.591232
SimulatedAnnealing,random,600,42,1096.082381,1668.743314,504.685660,1514.792721,270.392278,81.775971
SimulatedAnnealing,random,800,42,1411.144762,2166.417786,655.199623,2117.713465,453.286662,137.089555
SimulatedAnnealing,random,1000,42,1746.409048,2705.342168,818.188984,2684.180839,653.680598,197.695608
SimulatedAnnealing,random,1500,42,2548.530476,3986.597376,1205.684847,3897.146076,1168.547298,353.409095
SimulatedAnnealing,random,2000,42,3343.782857,5261.414559,1591.233628,5234.289395,1775.508683,536.975198
SimulatedAnnealing,random,2500,42,4160.543810,6573.370823,1988.014552,6859.393683,2354.075688,711.953859
SimulatedAnnealing,random,3000,42,4957.683333,7861.209537,2377.501494,9906.678103,3604.475312,1090.117926
SimulatedAnnealing,scale_free,20,42,49.340952,67.436442,20.395111,77.655944,9.357234,2.829951
SimulatedAnnealing,scale_free,40,42,115.578571,161.770747,48.925066,99.980331,8.003129,2.420423
SimulatedAnnealing,scale_free,60,42,188.932143,259.974662,78.625324,125.366130,12.846013,3.885078
SimulatedAnnealing,scale_free,80,42,244.396667,337.094363,101.948987,159.347881,14.628361,4.424122
SimulatedAnnealing,scale_free,100,42,324.688571,456.109432,137.943258,201.126439,20.782005,6.285197
SimulatedAnnealing,scale_free,120,42,404.834048,568.725165,172.002148,242.376501,32.339742,9.780656
SimulatedAnnealing,scale_free,140,42,525.680714,755.570176,228.510538,276.386362,24.335972,7.360039
SimulatedAnnealing,scale_free,160,42,609.692381,873.946593,264.311659,310.629205,17.049845,5.156462
SimulatedAnnealing,scale_free,180,42,682.148571,973.191198,294.326657,358.097876,23.685073,7.163185
SimulatedAnnealing,scale_free,200,42,752.618095,1073.767760,324.744486,407.433839,55.787647,16.872113
SimulatedAnnealing,scale_free,300,42,1120.880476,1591.143802,481.216885,608.593619,57.474157,17.382172
SimulatedAnnealing,scale_free,400,42,1465.169524,2076.884762,628.121742,821.772725,104.448197,31.588745
SimulatedAnnealing,scale_free,600,42,2220.127619,3142.329678,950.349112,1205.161894,180.644231,54.633060
SimulatedAnnealing,scale_free,800,42,2982.790476,4217.971187,1275.660285,1544.995450,235.353959,71.179173
SimulatedAnnealing,scale_free,1000,42,3716.709048,5250.555293,1587.949411,1826.732304,321.417985,97.207909
SimulatedAnnealing,scale_free,1500,42,5541.451905,7795.689837,2357.686072,2473.431700,397.661758,120.266661
SimulatedAnnealing,scale_free,2000,42,7419.801429,10452.025425,3161.053773,3294.766687,517.517630,156.515220
SimulatedAnnealing,scale_free,2500,42,9265.509524,13038.369459,3943.253608,4114.629283,493.113871,149.134680
SimulatedAnnealing,scale_free,3000,42,11151.205714,15733.132780,4758.243183,4942.659246,715.140420,216.283183
SimulatedAnnealing,small_world,20,42,42.353333,57.580777,17.414417,74.233406,7.264457,2.197023
SimulatedAnnealing,small_world,40,42,84.234524,112.284161,33.958612,97.822905,8.400519,2.540607
SimulatedAnnealing,small_world,60,42,131.635476,172.722398,52.237223,120.815611,15.879516,4.802515
SimulatedAnnealing,small_world,80,42,179.578333,233.269389,70.548726,154.183470,25.820870,7.809124
SimulatedAnnealing,small_world,100,42,240.826905,315.440601,95.400141,199.262527,104.668346,31.655326
SimulatedAnnealing,small_world,120,42,300.287619,397.449609,120.202500,229.140899,105.195047,31.814618
SimulatedAnnealing,small_world,140,42,352.714048,468.591132,141.718155,242.047898,16.991968,5.138958
SimulatedAnnealing,small_world,160,42,399.244286,532.923454,161.174474,277.964780,17.899818,5.413524
SimulatedAnnealing,small_world,180,42,448.228571,599.937467,181.441828,334.668130,98.659056,29.837909
SimulatedAnnealing,small_world,200,42,514.814762,684.662921,207.065733,343.417287,26.903955,8.136686
SimulatedAnnealing,small_world,300,42,760.524762,1025.708734,310.209776,553.473452,69.674496,21.071976
SimulatedAnnealing,small_world,400,42,1005.191429,1346.822597,407.325707,801.122129,159.709249,48.301597
SimulatedAnnealing,small_world,600,42,1550.836190,2082.108306,629.701522,1199.344260,133.740710,40.447813
SimulatedAnnealing,small_world,800,42,2038.791905,2731.090934,825.976301,1542.073904,134.275898,40.609673
SimulatedAnnealing,small_world,1000,42,2545.991429,3403.214157,1029.249596,1910.460437,115.231838,34.850091
SimulatedAnnealing,small_world,1500,42,3845.947619,5153.974365,1558.740000,2870.378422,206.582485,62.477684
SimulatedAnnealing,small_world,2000,42,5153.610000,6895.106880,2085.318656,3509.937489,224.202767,67.806667
SimulatedAnnealing,small_world,2500,42,6418.112857,8601.034696,2601.250195,4231.303450,226.209649,68.413617
SimulatedAnnealing,small_world,3000,42,7662.973810,10261.286742,3103.367802,4966.111327,267.432244,80.880755
TabuSearch,random,20,42,78.753095,104.892252,31.723043,102.828885,144.280333,43.635360
TabuSearch,random,40,42,109.613333,144.763839,43.781589,650.859575,52.114734,15.761297
TabuSearch,random,60,42,139.533095,183.272045,55.427801,864.744550,130.365892,39.427152
TabuSearch,random,80,42,173.760476,235.048875,71.086904,872.267618,371.527952,112.362895
TabuSearch,random,100,42,210.752857,287.690451,87.007537,1095.911099,364.428228,110.215693
TabuSearch,random,120,42,245.630000,338.807459,102.467087,1310.205531,284.199427,85.951730
TabuSearch,random,140,42,279.226429,394.734788,119.381444,1134.623963,472.967024,143.041577
TabuSearch,random,160,42,312.413095,442.010795,133.679343,1321.583299,567.786250,171.718188
TabuSearch,random,180,42,343.146905,488.378871,147.702652,1481.710039,580.267924,175.493078
TabuSearch,random,200,42,382.868571,550.634012,166.530758,1228.040602,813.684151,246.086213
TabuSearch,random,300,42,549.861429,806.621900,243.950344,1817.548215,1216.661327,367.960440
TabuSearch,random,400,42,714.569286,1065.328904,322.192285,2348.189354,1820.173857,550.483490
TabuSearch,random,600,42,1063.630952,1617.713762,489.252559,3214.832407,3471.740994,1049.974480
TabuSearch,random,800,42,1398.490476,2146.304031,649.116528,4783.878209,5576.379867,1686.490024
TabuSearch,random,1000,42,1735.807857,2688.925664,813.224066,6967.020471,7858.806823,2376.774830
TabuSearch,random,1500,42,2547.364286,3984.469478,1205.041297,11620.291333,11796.944263,3567.803717
TabuSearch,random,2000,42,3343.390000,5261.663109,1591.308799,14073.373965,16208.750341,4902.086374
TabuSearch,random,2500,41,3958.754390,6523.464148,1996.836116,18983.915334,22153.651109,6781.245305
TabuSearch,random,3000,30,104.750000,23.097152,8.265210,9495.984208,14683.458329,5254.408081
TabuSearch,scale_free,20,42,42.382857,56.929618,17.217484,402.369227,145.946394,44.139234
TabuSearch,scale_free,40,42,94.270238,129.454953,39.151653,622.678296,150.623692,45.553811
TabuSearch,scale_free,60,42,155.356905,209.993653,63.509339,855.840712,157.212071,47.546364
TabuSearch,scale_free,80,42,225.059524,308.927540,93.430366,822.238127,430.578513,130.221826
TabuSearch,scale_free,100,42,308.643571,424.999132,128.534428,1080.791571,458.145958,138.559174
TabuSearch,scale_free,120,42,393.050238,542.776428,164.154353,809.892845,595.935237,180.231415
TabuSearch,scale_free,140,42,479.890238,670.305184,202.723457,808.286545,591.230072,178.808410
TabuSearch,scale_free,160,42,559.929286,779.383860,235.712619,672.392529,645.168798,195.121346
TabuSearch,scale_free,180,42,638.026190,888.537017,268.724307,744.607578,778.098641,235.323925
TabuSearch,scale_free,200,42,697.951905,969.978975,293.355170,768.606436,845.046623,255.571309
TabuSearch,scale_free,300,42,1077.138333,1507.169446,455.820137,1137.177943,1386.620896,419.362089
TabuSearch,scale_free,400,42,1446.535476,2040.691812,617.175742,1503.194635,1945.819937,588.483208
TabuSearch,scale_free,600,42,2217.224762,3136.585846,948.611979,2177.526039,2630.297712,795.492947
TabuSearch,scale_free,800,42,2982.790476,4217.971187,1275.660285,3214.296865,3994.670223,1208.126355
TabuSearch,scale_free,1000,42,3716.709048,5250.555293,1587.949411,4606.376606,4734.087946,1431.751833
TabuSearch,scale_free,1500,42,5541.451905,7795.689837,2357.686072,8508.357711,7170.392677,2168.574597
TabuSearch,scale_free,2000,42,7419.801429,10452.025425,3161.053773,13067.170856,9952.033720,3009.838998
TabuSearch,scale_free,2500,42,9265.509524,13038.369459,3943.253608,18736.943385,12790.699858,3868.349759
TabuSearch,scale_free,3000,37,8755.598919,15243.133478,4911.673186,21020.602281,14635.911942,4716.013039
TabuSearch,small_world,20,42,42.006429,57.212316,17.302982,502.129496,201.584758,60.966199
TabuSearch,small_world,40,42,76.636190,102.811631,31.093791,664.692260,194.383211,58.788202
TabuSearch,small_world,60,42,118.727619,158.879124,48.050539,879.749494,252.235372,76.284695
TabuSearch,small_world,80,42,166.716667,223.895642,67.713781,962.476573,201.720334,61.007202
TabuSearch,small_world,100,42,221.423095,291.723276,88.227202,1099.144633,143.673846,43.451937
TabuSearch,small_world,120,42,285.124762,372.166680,112.556068,1253.915351,245.559333,74.265630
TabuSearch,small_world,140,42,330.268810,429.206161,129.806779,1438.565337,395.433236,119.592679
TabuSearch,small_world,160,42,380.309762,498.314387,150.707495,1420.107216,501.007215,151.521899
TabuSearch,small_world,180,42,429.270000,565.950803,171.163085,1242.066971,351.488482,106.302266
TabuSearch,small_world,200,42,484.407857,630.550953,190.700404,1311.706470,412.264178,124.682938
TabuSearch,small_world,300,42,746.456190,999.537310,302.294633,1904.313143,416.746637,126.038588
TabuSearch,small_world,400,42,1001.478095,1339.990326,405.259393,2789.096967,503.475055,152.268260
TabuSearch,small_world,600,42,1550.526667,2082.300315,629.759592,4959.990755,699.100046,211.432019
TabuSearch,small_world,800,42,2038.791905,2731.090934,825.976301,7715.355593,588.861030,178.091930
TabuSearch,small_world,1000,42,2545.991429,3403.214157,1029.249596,10704.382634,1094.902717,331.136428
TabuSearch,small_world,1500,42,3845.709762,5153.529268,1558.605387,21580.879977,2924.425860,884.447465
TabuSearch,small_world,2000,42,5153.538571,6895.153377,2085.332719,27471.696876,3601.272282,1089.149219
TabuSearch,small_world,2500,42,6418.112857,8601.034696,2601.250195,32980.478025,4050.156748,1224.907398
TabuSearch,small_world,3000,42,7662.973810,10261.286742,3103.367802,38093.625118,4460.259337,1348.936597
