run_id,algorithm,graph,n_nodes,n_edges,graph_params,license_config,total_cost,time_ms,valid,issues,image_path,notes
20250821_010918,dominating_set_algorithm,random,10,9,"{'p': 0.1, 'seed': 42}",duolingo_super,100.31,0.07936100155347958,True,0,,
20250821_010918,dominating_set_algorithm,random,30,43,"{'p': 0.1, 'seed': 42}",duolingo_super,270.57,0.23176799732027575,True,0,,
20250821_010918,dominating_set_algorithm,random,50,120,"{'p': 0.1, 'seed': 42}",duolingo_super,347.66,0.4343719992903061,True,0,,
20250821_010918,dominating_set_algorithm,random,70,228,"{'p': 0.1, 'seed': 42}",duolingo_super,502.74,0.7632550041307695,True,0,,
20250821_010918,dominating_set_algorithm,random,90,380,"{'p': 0.1, 'seed': 42}",duolingo_super,591.44,1.2506640050560236,True,0,,
20250821_010918,dominating_set_algorithm,random,110,581,"{'p': 0.1, 'seed': 42}",duolingo_super,708.12,1.7185039978357963,True,0,,
20250821_010918,dominating_set_algorithm,random,130,819,"{'p': 0.1, 'seed': 42}",duolingo_super,768.84,2.3788940015947446,True,0,,
20250821_010918,dominating_set_algorithm,random,150,1103,"{'p': 0.1, 'seed': 42}",duolingo_super,927.49,3.173097997205332,True,0,,
20250821_010918,dominating_set_algorithm,random,170,1395,"{'p': 0.1, 'seed': 42}",duolingo_super,1013.8100000000001,6.073361000744626,True,0,,
20250821_010918,dominating_set_algorithm,random,190,1776,"{'p': 0.1, 'seed': 42}",duolingo_super,1116.5,5.0685390015132725,True,0,,
20250821_010918,dominating_set_algorithm,random,210,2175,"{'p': 0.1, 'seed': 42}",duolingo_super,1219.19,6.835125001089182,True,0,,
20250821_010918,dominating_set_algorithm,random,230,2619,"{'p': 0.1, 'seed': 42}",duolingo_super,1304.3200000000002,7.819605001714081,True,0,,
20250821_010918,dominating_set_algorithm,random,250,3084,"{'p': 0.1, 'seed': 42}",duolingo_super,1407.01,9.20520799991209,True,0,,
20250821_010918,dominating_set_algorithm,random,270,3590,"{'p': 0.1, 'seed': 42}",duolingo_super,1480.53,10.964004002744332,True,0,,
20250821_010918,dominating_set_algorithm,random,290,4163,"{'p': 0.1, 'seed': 42}",duolingo_super,1627.5700000000002,13.704201999644283,True,0,,
20250821_010918,dominating_set_algorithm,random,310,4788,"{'p': 0.1, 'seed': 42}",duolingo_super,1684.72,14.88290200359188,True,0,,
20250821_010918,dominating_set_algorithm,random,330,5428,"{'p': 0.1, 'seed': 42}",duolingo_super,1785.0300000000002,17.497521002951544,True,0,,
20250821_010918,dominating_set_algorithm,random,350,6131,"{'p': 0.1, 'seed': 42}",duolingo_super,1887.72,18.29578100296203,True,0,,
20250821_010918,dominating_set_algorithm,random,370,6883,"{'p': 0.1, 'seed': 42}",duolingo_super,2003.21,27.97982099582441,True,0,,
20250821_010918,dominating_set_algorithm,random,390,7676,"{'p': 0.1, 'seed': 42}",duolingo_super,2133.88,22.547478998603765,True,0,,
20250821_010918,dominating_set_algorithm,random,410,8433,"{'p': 0.1, 'seed': 42}",duolingo_super,2223.77,24.87880799890263,True,0,,
20250821_010918,dominating_set_algorithm,random,430,9286,"{'p': 0.1, 'seed': 42}",duolingo_super,2296.1,27.339676998963114,True,0,,
20250821_010918,dominating_set_algorithm,random,450,10158,"{'p': 0.1, 'seed': 42}",duolingo_super,2372.0,31.03000899864128,True,0,,
20250821_010918,dominating_set_algorithm,random,470,11119,"{'p': 0.1, 'seed': 42}",duolingo_super,2486.3,41.09108899865532,True,0,,
20250821_010918,dominating_set_algorithm,random,490,12073,"{'p': 0.1, 'seed': 42}",duolingo_super,2601.79,38.939427002333105,True,0,,
20250821_010918,dominating_set_algorithm,random,510,13054,"{'p': 0.1, 'seed': 42}",duolingo_super,2647.33,38.6868229979882,True,0,,
20250821_010918,dominating_set_algorithm,random,530,14070,"{'p': 0.1, 'seed': 42}",duolingo_super,2791.9900000000002,43.62592499819584,True,0,,
20250821_010918,dominating_set_algorithm,random,550,15147,"{'p': 0.1, 'seed': 42}",duolingo_super,2838.7200000000003,47.44079500233056,True,0,,
20250821_010918,dominating_set_algorithm,random,570,16242,"{'p': 0.1, 'seed': 42}",duolingo_super,2955.4,46.78149300161749,True,0,,
20250821_010918,dominating_set_algorithm,random,590,17437,"{'p': 0.1, 'seed': 42}",duolingo_super,3098.8700000000003,51.89624000195181,True,0,,
20250821_010918,dominating_set_algorithm,random,610,18614,"{'p': 0.1, 'seed': 42}",duolingo_super,3143.2200000000003,52.967341005569324,True,0,,
20250821_010918,dominating_set_algorithm,random,630,19860,"{'p': 0.1, 'seed': 42}",duolingo_super,3272.7000000000003,54.62487100157887,True,0,,
20250821_010918,dominating_set_algorithm,random,650,21118,"{'p': 0.1, 'seed': 42}",duolingo_super,3347.4100000000003,62.24981199920876,True,0,,
20250821_010918,dominating_set_algorithm,random,670,22424,"{'p': 0.1, 'seed': 42}",duolingo_super,3448.9100000000003,68.49877600325271,True,0,,
20250821_010918,dominating_set_algorithm,random,690,23815,"{'p': 0.1, 'seed': 42}",duolingo_super,3536.42,75.63059600215638,True,0,,
20250821_010918,dominating_set_algorithm,random,710,25210,"{'p': 0.1, 'seed': 42}",duolingo_super,3639.11,77.67143899400253,True,0,,
20250821_010918,dominating_set_algorithm,random,730,26570,"{'p': 0.1, 'seed': 42}",duolingo_super,3784.96,82.91694999934407,True,0,,
20250821_010918,dominating_set_algorithm,random,750,28065,"{'p': 0.1, 'seed': 42}",duolingo_super,3844.4900000000002,89.34150999994017,True,0,,
20250821_010918,dominating_set_algorithm,random,770,29598,"{'p': 0.1, 'seed': 42}",duolingo_super,3929.6200000000003,90.169565002725,True,0,,
20250821_010918,dominating_set_algorithm,random,790,31177,"{'p': 0.1, 'seed': 42}",duolingo_super,4005.5200000000004,102.16085099818883,True,0,,
20250821_010918,dominating_set_algorithm,random,810,32778,"{'p': 0.1, 'seed': 42}",duolingo_super,4175.780000000001,108.79876199760474,True,0,,
20250821_010918,dominating_set_algorithm,random,830,34379,"{'p': 0.1, 'seed': 42}",duolingo_super,4264.4800000000005,120.1628599956166,True,0,,
20250821_010918,dominating_set_algorithm,random,850,36107,"{'p': 0.1, 'seed': 42}",duolingo_super,4324.01,124.40710899682017,True,0,,
20250821_010918,dominating_set_algorithm,random,870,37776,"{'p': 0.1, 'seed': 42}",duolingo_super,4440.6900000000005,135.83607399777975,True,0,,
20250821_010918,dominating_set_algorithm,random,890,39565,"{'p': 0.1, 'seed': 42}",duolingo_super,4544.570000000001,152.6967869940563,True,0,,
20250821_010918,dominating_set_algorithm,random,910,41408,"{'p': 0.1, 'seed': 42}",duolingo_super,4630.89,151.68035499664256,True,0,,
20250821_010918,dominating_set_algorithm,random,930,43243,"{'p': 0.1, 'seed': 42}",duolingo_super,4717.21,165.52197699638782,True,0,,
20250821_010918,dominating_set_algorithm,random,950,45065,"{'p': 0.1, 'seed': 42}",duolingo_super,4831.51,164.9341060037841,True,0,,
20250821_010918,dominating_set_algorithm,random,970,46973,"{'p': 0.1, 'seed': 42}",duolingo_super,4864.25,170.78827500517946,True,0,,
20250821_010918,dominating_set_algorithm,random,990,48936,"{'p': 0.1, 'seed': 42}",duolingo_super,5067.25,226.26871999818832,True,0,,
20250821_010918,dominating_set_algorithm,scale_free,10,16,"{'m': 2, 'seed': 42}",duolingo_super,85.13,0.0724909987184219,True,0,,
20250821_010918,dominating_set_algorithm,scale_free,30,56,"{'m': 2, 'seed': 42}",duolingo_super,297.36,0.1581859978614375,True,0,,
20250821_010918,dominating_set_algorithm,scale_free,50,96,"{'m': 2, 'seed': 42}",duolingo_super,485.18,0.30677899485453963,True,0,,
20250821_010918,dominating_set_algorithm,scale_free,70,136,"{'m': 2, 'seed': 42}",duolingo_super,669.4300000000001,0.5918659953749739,True,0,,
20250821_010918,dominating_set_algorithm,scale_free,90,176,"{'m': 2, 'seed': 42}",duolingo_super,853.6800000000001,0.9066870043170638,True,0,,
20250821_010918,dominating_set_algorithm,scale_free,110,216,"{'m': 2, 'seed': 42}",duolingo_super,1011.14,1.0858539972105063,True,0,,
20250821_010918,dominating_set_algorithm,scale_free,130,256,"{'m': 2, 'seed': 42}",duolingo_super,1170.98,1.5688220009906217,True,0,,
20250821_010918,dominating_set_algorithm,scale_free,150,296,"{'m': 2, 'seed': 42}",duolingo_super,1356.42,1.9227599987061694,True,0,,
20250821_010918,dominating_set_algorithm,scale_free,170,336,"{'m': 2, 'seed': 42}",duolingo_super,1484.71,2.43314600083977,True,0,,
20250821_010918,dominating_set_algorithm,scale_free,190,376,"{'m': 2, 'seed': 42}",duolingo_super,1696.94,4.337721999036148,True,0,,
20250821_010918,dominating_set_algorithm,scale_free,210,416,"{'m': 2, 'seed': 42}",duolingo_super,1882.38,3.511534996505361,True,0,,
20250821_010918,dominating_set_algorithm,scale_free,230,456,"{'m': 2, 'seed': 42}",duolingo_super,2042.22,4.403790000651497,True,0,,
20250821_010918,dominating_set_algorithm,scale_free,250,496,"{'m': 2, 'seed': 42}",duolingo_super,2214.86,5.0916929976665415,True,0,,
20250821_010918,dominating_set_algorithm,scale_free,270,536,"{'m': 2, 'seed': 42}",duolingo_super,2411.9100000000003,6.710624998959247,True,0,,
20250821_010918,dominating_set_algorithm,scale_free,290,576,"{'m': 2, 'seed': 42}",duolingo_super,2594.9700000000003,7.448075004504062,True,0,,
20250821_010918,dominating_set_algorithm,scale_free,310,616,"{'m': 2, 'seed': 42}",duolingo_super,2820.0,8.675828998093493,True,0,,
20250821_010918,dominating_set_algorithm,scale_free,330,656,"{'m': 2, 'seed': 42}",duolingo_super,2978.65,9.733001003041863,True,0,,
20250821_010918,dominating_set_algorithm,scale_free,350,696,"{'m': 2, 'seed': 42}",duolingo_super,3094.1400000000003,12.456177995773032,True,0,,
20250821_010918,dominating_set_algorithm,scale_free,370,736,"{'m': 2, 'seed': 42}",duolingo_super,3182.84,14.00874699902488,True,0,,
20250821_010918,dominating_set_algorithm,scale_free,390,776,"{'m': 2, 'seed': 42}",duolingo_super,3351.9100000000003,15.568003000225872,True,0,,
20250821_010918,dominating_set_algorithm,scale_free,410,816,"{'m': 2, 'seed': 42}",duolingo_super,3551.34,17.367296997690573,True,0,,
20250821_010918,dominating_set_algorithm,scale_free,430,856,"{'m': 2, 'seed': 42}",duolingo_super,3762.38,18.86498100066092,True,0,,
20250821_010918,dominating_set_algorithm,scale_free,450,896,"{'m': 2, 'seed': 42}",duolingo_super,3988.6000000000004,21.41640800255118,True,0,,
20250821_010918,dominating_set_algorithm,scale_free,470,936,"{'m': 2, 'seed': 42}",duolingo_super,4158.860000000001,21.556701001827605,True,0,,
20250821_010918,dominating_set_algorithm,scale_free,490,976,"{'m': 2, 'seed': 42}",duolingo_super,4329.12,23.024351001367904,True,0,,
20250821_010918,dominating_set_algorithm,scale_free,510,1016,"{'m': 2, 'seed': 42}",duolingo_super,4518.13,24.654152999573853,True,0,,
20250821_010918,dominating_set_algorithm,scale_free,530,1056,"{'m': 2, 'seed': 42}",duolingo_super,4676.78,33.11688800022239,True,0,,
20250821_010918,dominating_set_algorithm,scale_free,550,1096,"{'m': 2, 'seed': 42}",duolingo_super,4873.83,30.493674996250775,True,0,,
20250821_010918,dominating_set_algorithm,scale_free,570,1136,"{'m': 2, 'seed': 42}",duolingo_super,5058.08,31.725975997687783,True,0,,
20250821_010918,dominating_set_algorithm,scale_free,590,1176,"{'m': 2, 'seed': 42}",duolingo_super,5294.72,34.817422994819935,True,0,,
20250821_010918,dominating_set_algorithm,scale_free,610,1216,"{'m': 2, 'seed': 42}",duolingo_super,5441.76,37.354797997977585,True,0,,
20250821_010918,dominating_set_algorithm,scale_free,630,1256,"{'m': 2, 'seed': 42}",duolingo_super,5571.24,40.88358699664241,True,0,,
20250821_010918,dominating_set_algorithm,scale_free,650,1296,"{'m': 2, 'seed': 42}",duolingo_super,5690.3,41.47047599690268,True,0,,
20250821_010918,dominating_set_algorithm,scale_free,670,1336,"{'m': 2, 'seed': 42}",duolingo_super,5873.360000000001,45.11315999843646,True,0,,
20250821_010918,dominating_set_algorithm,scale_free,690,1376,"{'m': 2, 'seed': 42}",duolingo_super,6046.0,47.68800600140821,True,0,,
20250821_010918,dominating_set_algorithm,scale_free,710,1416,"{'m': 2, 'seed': 42}",duolingo_super,6217.45,50.83967999962624,True,0,,
20250821_010918,dominating_set_algorithm,scale_free,730,1456,"{'m': 2, 'seed': 42}",duolingo_super,6348.12,50.83558399928734,True,0,,
20250821_010918,dominating_set_algorithm,scale_free,750,1496,"{'m': 2, 'seed': 42}",duolingo_super,6658.280000000001,52.65939499804517,True,0,,
20250821_010918,dominating_set_algorithm,scale_free,770,1536,"{'m': 2, 'seed': 42}",duolingo_super,6815.740000000001,55.591244003153406,True,0,,
20250821_010918,dominating_set_algorithm,scale_free,790,1576,"{'m': 2, 'seed': 42}",duolingo_super,6974.39,58.971172002202366,True,0,,
20250821_010918,dominating_set_algorithm,scale_free,810,1616,"{'m': 2, 'seed': 42}",duolingo_super,7215.79,65.27917299536057,True,0,,
20250821_010918,dominating_set_algorithm,scale_free,830,1656,"{'m': 2, 'seed': 42}",duolingo_super,7403.610000000001,67.64116099657258,True,0,,
20250821_010918,dominating_set_algorithm,scale_free,850,1696,"{'m': 2, 'seed': 42}",duolingo_super,7459.570000000001,70.67639999877429,True,0,,
20250821_010918,dominating_set_algorithm,scale_free,870,1736,"{'m': 2, 'seed': 42}",duolingo_super,7603.04,74.69069200305967,True,0,,
20250821_010918,dominating_set_algorithm,scale_free,890,1776,"{'m': 2, 'seed': 42}",duolingo_super,7760.5,80.39073899999494,True,0,,
20250821_010918,dominating_set_algorithm,scale_free,910,1816,"{'m': 2, 'seed': 42}",duolingo_super,7920.34,85.17840199783677,True,0,,
20250821_010918,dominating_set_algorithm,scale_free,930,1856,"{'m': 2, 'seed': 42}",duolingo_super,8105.780000000001,95.69088499847567,True,0,,
20250821_010918,dominating_set_algorithm,scale_free,950,1896,"{'m': 2, 'seed': 42}",duolingo_super,8311.16,93.78379800182302,True,0,,
20250821_010918,dominating_set_algorithm,scale_free,970,1936,"{'m': 2, 'seed': 42}",duolingo_super,8452.25,101.0968549962854,True,0,,
20250821_010918,dominating_set_algorithm,scale_free,990,1976,"{'m': 2, 'seed': 42}",duolingo_super,8637.69,111.08666600193828,True,0,,
20250821_010918,dominating_set_algorithm,small_world,10,30,"{'k': 6, 'p': 0.05, 'seed': 42}",duolingo_super,58.34,0.06689199653919786,True,0,,
20250821_010918,dominating_set_algorithm,small_world,30,90,"{'k': 6, 'p': 0.05, 'seed': 42}",duolingo_super,200.62,0.18653000006452203,True,0,,
20250821_010918,dominating_set_algorithm,small_world,50,150,"{'k': 6, 'p': 0.05, 'seed': 42}",duolingo_super,344.09000000000003,0.3520440004649572,True,0,,
20250821_010918,dominating_set_algorithm,small_world,70,210,"{'k': 6, 'p': 0.05, 'seed': 42}",duolingo_super,419.99,0.6139059987617657,True,0,,
20250821_010918,dominating_set_algorithm,small_world,90,270,"{'k': 6, 'p': 0.05, 'seed': 42}",duolingo_super,575.07,0.8612349993200041,True,0,,
20250821_010918,dominating_set_algorithm,small_world,110,330,"{'k': 6, 'p': 0.05, 'seed': 42}",duolingo_super,691.75,1.3025469961576164,True,0,,
20250821_010918,dominating_set_algorithm,small_world,130,390,"{'k': 6, 'p': 0.05, 'seed': 42}",duolingo_super,796.82,1.8770059978123754,True,0,,
20250821_010918,dominating_set_algorithm,small_world,150,450,"{'k': 6, 'p': 0.05, 'seed': 42}",duolingo_super,939.1,2.3377920006169006,True,0,,
20250821_010918,dominating_set_algorithm,small_world,170,510,"{'k': 6, 'p': 0.05, 'seed': 42}",duolingo_super,1012.62,2.7321419984218664,True,0,,
20250821_010918,dominating_set_algorithm,small_world,190,570,"{'k': 6, 'p': 0.05, 'seed': 42}",duolingo_super,1157.28,3.2409350023954175,True,0,,
20250821_010918,dominating_set_algorithm,small_world,210,630,"{'k': 6, 'p': 0.05, 'seed': 42}",duolingo_super,1327.54,4.239622001477983,True,0,,
20250821_010918,dominating_set_algorithm,small_world,230,690,"{'k': 6, 'p': 0.05, 'seed': 42}",duolingo_super,1402.25,4.8790029977681115,True,0,,
20250821_010918,dominating_set_algorithm,small_world,250,750,"{'k': 6, 'p': 0.05, 'seed': 42}",duolingo_super,1587.69,6.217155001650099,True,0,,
20250821_010918,dominating_set_algorithm,small_world,270,810,"{'k': 6, 'p': 0.05, 'seed': 42}",duolingo_super,1648.41,6.611562996113207,True,0,,
20250821_010918,dominating_set_algorithm,small_world,290,870,"{'k': 6, 'p': 0.05, 'seed': 42}",duolingo_super,1789.5,8.143029997881968,True,0,,
20250821_010918,dominating_set_algorithm,small_world,310,930,"{'k': 6, 'p': 0.05, 'seed': 42}",duolingo_super,1864.21,9.256821002054494,True,0,,
20250821_010918,dominating_set_algorithm,small_world,330,990,"{'k': 6, 'p': 0.05, 'seed': 42}",duolingo_super,2011.25,12.038239001412876,True,0,,
20250821_010918,dominating_set_algorithm,small_world,350,1050,"{'k': 6, 'p': 0.05, 'seed': 42}",duolingo_super,2165.1400000000003,14.333585000713356,True,0,,
20250821_010918,dominating_set_algorithm,small_world,370,1110,"{'k': 6, 'p': 0.05, 'seed': 42}",duolingo_super,2284.2000000000003,15.150507999351248,True,0,,
20250821_010918,dominating_set_algorithm,small_world,390,1170,"{'k': 6, 'p': 0.05, 'seed': 42}",duolingo_super,2388.08,13.678766001248732,True,0,,
20250821_010918,dominating_set_algorithm,small_world,410,1230,"{'k': 6, 'p': 0.05, 'seed': 42}",duolingo_super,2530.36,15.690125997934956,True,0,,
20250821_010918,dominating_set_algorithm,small_world,430,1290,"{'k': 6, 'p': 0.05, 'seed': 42}",duolingo_super,2630.67,16.91803999710828,True,0,,
20250821_010918,dominating_set_algorithm,small_world,450,1350,"{'k': 6, 'p': 0.05, 'seed': 42}",duolingo_super,2788.13,19.132186003844254,True,0,,
20250821_010918,dominating_set_algorithm,small_world,470,1410,"{'k': 6, 'p': 0.05, 'seed': 42}",duolingo_super,2876.83,20.833740003581624,True,0,,
20250821_010918,dominating_set_algorithm,small_world,490,1470,"{'k': 6, 'p': 0.05, 'seed': 42}",duolingo_super,2992.32,22.27038000273751,True,0,,
20250821_010918,dominating_set_algorithm,small_world,510,1530,"{'k': 6, 'p': 0.05, 'seed': 42}",duolingo_super,3133.4100000000003,24.738250001973938,True,0,,
20250821_010918,dominating_set_algorithm,small_world,530,1590,"{'k': 6, 'p': 0.05, 'seed': 42}",duolingo_super,3322.42,26.251816998410504,True,0,,
20250821_010918,dominating_set_algorithm,small_world,550,1650,"{'k': 6, 'p': 0.05, 'seed': 42}",duolingo_super,3449.52,43.355898997106124,True,0,,
20250821_010918,dominating_set_algorithm,small_world,570,1710,"{'k': 6, 'p': 0.05, 'seed': 42}",duolingo_super,3498.63,28.990129998419434,True,0,,
20250821_010918,dominating_set_algorithm,small_world,590,1770,"{'k': 6, 'p': 0.05, 'seed': 42}",duolingo_super,3695.6800000000003,30.564994995074812,True,0,,
20250821_010918,dominating_set_algorithm,small_world,610,1830,"{'k': 6, 'p': 0.05, 'seed': 42}",duolingo_super,3729.61,33.245669001189526,True,0,,
20250821_010918,dominating_set_algorithm,small_world,630,1890,"{'k': 6, 'p': 0.05, 'seed': 42}",duolingo_super,3974.5800000000004,36.33297700434923,True,0,,
20250821_010918,dominating_set_algorithm,small_world,650,1950,"{'k': 6, 'p': 0.05, 'seed': 42}",duolingo_super,4042.15,37.45972199976677,True,0,,
20250821_010918,dominating_set_algorithm,small_world,670,2010,"{'k': 6, 'p': 0.05, 'seed': 42}",duolingo_super,4104.06,39.684597999439575,True,0,,
20250821_010918,dominating_set_algorithm,small_world,690,2070,"{'k': 6, 'p': 0.05, 'seed': 42}",duolingo_super,4290.6900000000005,42.28022800089093,True,0,,
20250821_010918,dominating_set_algorithm,small_world,710,2130,"{'k': 6, 'p': 0.05, 'seed': 42}",duolingo_super,4415.41,45.18526999891037,True,0,,
20250821_010918,dominating_set_algorithm,small_world,730,2190,"{'k': 6, 'p': 0.05, 'seed': 42}",duolingo_super,4488.93,46.979552003904246,True,0,,
20250821_010918,dominating_set_algorithm,small_world,750,2250,"{'k': 6, 'p': 0.05, 'seed': 42}",duolingo_super,4730.33,53.54563800210599,True,0,,
20250821_010918,dominating_set_algorithm,small_world,770,2310,"{'k': 6, 'p': 0.05, 'seed': 42}",duolingo_super,4833.02,56.43049699574476,True,0,,
20250821_010918,dominating_set_algorithm,small_world,790,2370,"{'k': 6, 'p': 0.05, 'seed': 42}",duolingo_super,4946.13,61.63611300144112,True,0,,
20250821_010918,dominating_set_algorithm,small_world,810,2430,"{'k': 6, 'p': 0.05, 'seed': 42}",duolingo_super,5029.17,71.49655700050062,True,0,,
20250821_010918,dominating_set_algorithm,small_world,830,2490,"{'k': 6, 'p': 0.05, 'seed': 42}",duolingo_super,5057.150000000001,67.98501500452403,True,0,,
20250821_010918,dominating_set_algorithm,small_world,850,2550,"{'k': 6, 'p': 0.05, 'seed': 42}",duolingo_super,5303.31,70.56808699417161,True,0,,
20250821_010918,dominating_set_algorithm,small_world,870,2610,"{'k': 6, 'p': 0.05, 'seed': 42}",duolingo_super,5383.68,77.63783499831334,True,0,,
20250821_010918,dominating_set_algorithm,small_world,890,2670,"{'k': 6, 'p': 0.05, 'seed': 42}",duolingo_super,5473.570000000001,77.62267000362044,True,0,,
20250821_010918,dominating_set_algorithm,small_world,910,2730,"{'k': 6, 'p': 0.05, 'seed': 42}",duolingo_super,5577.450000000001,93.05342900188407,True,0,,
20250821_010918,dominating_set_algorithm,small_world,930,2790,"{'k': 6, 'p': 0.05, 'seed': 42}",duolingo_super,5748.900000000001,85.82444600324379,True,0,,
20250821_010918,dominating_set_algorithm,small_world,950,2850,"{'k': 6, 'p': 0.05, 'seed': 42}",duolingo_super,5905.17,89.03285500127822,True,0,,
20250821_010918,dominating_set_algorithm,small_world,970,2910,"{'k': 6, 'p': 0.05, 'seed': 42}",duolingo_super,6038.22,96.31678999721771,True,0,,
20250821_010918,dominating_set_algorithm,small_world,990,2970,"{'k': 6, 'p': 0.05, 'seed': 42}",duolingo_super,6080.1900000000005,94.73490100208437,True,0,,
