run_id,algorithm,graph,n_nodes,n_edges,graph_params,license_config,total_cost,time_ms,valid,issues,image_path,notes
20250821_010918,ant_colony_optimization,random,10,9,"{'p': 0.1, 'seed': 42}",roman_domination,7.0,50.92633899766952,True,0,,
20250821_010918,ant_colony_optimization,random,30,43,"{'p': 0.1, 'seed': 42}",roman_domination,17.0,200.79694299784023,True,0,,
20250821_010918,ant_colony_optimization,random,50,120,"{'p': 0.1, 'seed': 42}",roman_domination,22.0,348.0203349972726,True,0,,
20250821_010918,ant_colony_optimization,random,70,228,"{'p': 0.1, 'seed': 42}",roman_domination,28.0,527.1714519985835,True,0,,
20250821_010918,ant_colony_optimization,random,90,380,"{'p': 0.1, 'seed': 42}",roman_domination,30.0,641.8767459981609,True,0,,
20250821_010918,ant_colony_optimization,random,110,581,"{'p': 0.1, 'seed': 42}",roman_domination,31.0,762.5261069988483,True,0,,
20250821_010918,ant_colony_optimization,random,130,819,"{'p': 0.1, 'seed': 42}",roman_domination,34.0,891.3715000016964,True,0,,
20250821_010918,ant_colony_optimization,random,150,1103,"{'p': 0.1, 'seed': 42}",roman_domination,36.0,1140.5243090048316,True,0,,
20250821_010918,ant_colony_optimization,random,170,1395,"{'p': 0.1, 'seed': 42}",roman_domination,37.0,1214.3406449977192,True,0,,
20250821_010918,ant_colony_optimization,random,190,1776,"{'p': 0.1, 'seed': 42}",roman_domination,39.0,1298.4657650013105,True,0,,
20250821_010918,ant_colony_optimization,random,210,2175,"{'p': 0.1, 'seed': 42}",roman_domination,40.0,1610.0373300068895,True,0,,
20250821_010918,ant_colony_optimization,random,230,2619,"{'p': 0.1, 'seed': 42}",roman_domination,40.0,1707.9404280011659,True,0,,
20250821_010918,ant_colony_optimization,random,250,3084,"{'p': 0.1, 'seed': 42}",roman_domination,42.0,1774.2355119989952,True,0,,
20250821_010918,ant_colony_optimization,random,270,3590,"{'p': 0.1, 'seed': 42}",roman_domination,45.0,1939.6554209961323,True,0,,
20250821_010918,ant_colony_optimization,random,290,4163,"{'p': 0.1, 'seed': 42}",roman_domination,43.0,2150.6456619972596,True,0,,
20250821_010918,ant_colony_optimization,random,310,4788,"{'p': 0.1, 'seed': 42}",roman_domination,43.0,2465.4780209966702,True,0,,
20250821_010918,ant_colony_optimization,random,330,5428,"{'p': 0.1, 'seed': 42}",roman_domination,48.0,2610.7492950031883,True,0,,
20250821_010918,ant_colony_optimization,random,350,6131,"{'p': 0.1, 'seed': 42}",roman_domination,46.0,2625.127594001242,True,0,,
20250821_010918,ant_colony_optimization,random,370,6883,"{'p': 0.1, 'seed': 42}",roman_domination,48.0,2873.278899001889,True,0,,
20250821_010918,ant_colony_optimization,random,390,7676,"{'p': 0.1, 'seed': 42}",roman_domination,46.0,2925.5623189965263,True,0,,
20250821_010918,ant_colony_optimization,random,410,8433,"{'p': 0.1, 'seed': 42}",roman_domination,48.0,3221.0588550005923,True,0,,
20250821_010918,ant_colony_optimization,random,430,9286,"{'p': 0.1, 'seed': 42}",roman_domination,48.0,3330.582262002281,True,0,,
20250821_010918,ant_colony_optimization,random,450,10158,"{'p': 0.1, 'seed': 42}",roman_domination,48.0,3460.143194999546,True,0,,
20250821_010918,ant_colony_optimization,random,470,11119,"{'p': 0.1, 'seed': 42}",roman_domination,51.0,3626.721724998788,True,0,,
20250821_010918,ant_colony_optimization,random,490,12073,"{'p': 0.1, 'seed': 42}",roman_domination,54.0,3907.5692760015954,True,0,,
20250821_010918,ant_colony_optimization,random,510,13054,"{'p': 0.1, 'seed': 42}",roman_domination,52.0,3899.469775002217,True,0,,
20250821_010918,ant_colony_optimization,random,530,14070,"{'p': 0.1, 'seed': 42}",roman_domination,53.0,4123.91853799636,True,0,,
20250821_010918,ant_colony_optimization,random,550,15147,"{'p': 0.1, 'seed': 42}",roman_domination,58.0,4632.638384005986,True,0,,
20250821_010918,ant_colony_optimization,random,570,16242,"{'p': 0.1, 'seed': 42}",roman_domination,56.0,4504.383012004837,True,0,,
20250821_010918,ant_colony_optimization,random,590,17437,"{'p': 0.1, 'seed': 42}",roman_domination,57.0,4728.410834002716,True,0,,
20250821_010918,ant_colony_optimization,random,610,18614,"{'p': 0.1, 'seed': 42}",roman_domination,57.0,4783.336858999974,True,0,,
20250821_010918,ant_colony_optimization,random,630,19860,"{'p': 0.1, 'seed': 42}",roman_domination,57.0,4956.902502999583,True,0,,
20250821_010918,ant_colony_optimization,random,650,21118,"{'p': 0.1, 'seed': 42}",roman_domination,60.0,5315.659428997606,True,0,,
20250821_010918,ant_colony_optimization,random,670,22424,"{'p': 0.1, 'seed': 42}",roman_domination,55.0,5395.157388993539,True,0,,
20250821_010918,ant_colony_optimization,random,690,23815,"{'p': 0.1, 'seed': 42}",roman_domination,58.0,5516.119961997902,True,0,,
20250821_010918,ant_colony_optimization,random,710,25210,"{'p': 0.1, 'seed': 42}",roman_domination,58.0,5514.39254500292,True,0,,
20250821_010918,ant_colony_optimization,random,730,26570,"{'p': 0.1, 'seed': 42}",roman_domination,57.0,5680.065544001991,True,0,,
20250821_010918,ant_colony_optimization,random,750,28065,"{'p': 0.1, 'seed': 42}",roman_domination,61.0,6093.229323007108,True,0,,
20250821_010918,ant_colony_optimization,random,770,29598,"{'p': 0.1, 'seed': 42}",roman_domination,59.0,6063.556560002326,True,0,,
20250821_010918,ant_colony_optimization,random,790,31177,"{'p': 0.1, 'seed': 42}",roman_domination,60.0,6544.072128999687,True,0,,
20250821_010918,ant_colony_optimization,random,810,32778,"{'p': 0.1, 'seed': 42}",roman_domination,59.0,6599.323481997999,True,0,,
20250821_010918,ant_colony_optimization,random,830,34379,"{'p': 0.1, 'seed': 42}",roman_domination,64.0,6912.809262998053,True,0,,
20250821_010918,ant_colony_optimization,random,850,36107,"{'p': 0.1, 'seed': 42}",roman_domination,64.0,6787.695765997341,True,0,,
20250821_010918,ant_colony_optimization,random,870,37776,"{'p': 0.1, 'seed': 42}",roman_domination,64.0,6854.352290996758,True,0,,
20250821_010918,ant_colony_optimization,random,890,39565,"{'p': 0.1, 'seed': 42}",roman_domination,64.0,7154.152474002331,True,0,,
20250821_010918,ant_colony_optimization,random,910,41408,"{'p': 0.1, 'seed': 42}",roman_domination,62.0,7446.475243996247,True,0,,
20250821_010918,ant_colony_optimization,random,930,43243,"{'p': 0.1, 'seed': 42}",roman_domination,65.0,7634.269920999941,True,0,,
20250821_010918,ant_colony_optimization,random,950,45065,"{'p': 0.1, 'seed': 42}",roman_domination,65.0,7823.189878996345,True,0,,
20250821_010918,ant_colony_optimization,random,970,46973,"{'p': 0.1, 'seed': 42}",roman_domination,64.0,7649.775678997685,True,0,,
20250821_010918,ant_colony_optimization,random,990,48936,"{'p': 0.1, 'seed': 42}",roman_domination,63.0,7929.131632001372,True,0,,
20250821_010918,ant_colony_optimization,scale_free,10,16,"{'m': 2, 'seed': 42}",roman_domination,5.0,43.23636399931274,True,0,,
20250821_010918,ant_colony_optimization,scale_free,30,56,"{'m': 2, 'seed': 42}",roman_domination,9.0,107.50583100161748,True,0,,
20250821_010918,ant_colony_optimization,scale_free,50,96,"{'m': 2, 'seed': 42}",roman_domination,19.0,269.0131319977809,True,0,,
20250821_010918,ant_colony_optimization,scale_free,70,136,"{'m': 2, 'seed': 42}",roman_domination,26.0,408.4411460062256,True,0,,
20250821_010918,ant_colony_optimization,scale_free,90,176,"{'m': 2, 'seed': 42}",roman_domination,32.0,621.3105730057578,True,0,,
20250821_010918,ant_colony_optimization,scale_free,110,216,"{'m': 2, 'seed': 42}",roman_domination,40.0,778.7870100000873,True,0,,
20250821_010918,ant_colony_optimization,scale_free,130,256,"{'m': 2, 'seed': 42}",roman_domination,48.0,1020.4094850050751,True,0,,
20250821_010918,ant_colony_optimization,scale_free,150,296,"{'m': 2, 'seed': 42}",roman_domination,63.0,1580.1230979996035,True,0,,
20250821_010918,ant_colony_optimization,scale_free,170,336,"{'m': 2, 'seed': 42}",roman_domination,73.0,1974.4203760055825,True,0,,
20250821_010918,ant_colony_optimization,scale_free,190,376,"{'m': 2, 'seed': 42}",roman_domination,85.0,2469.170535005105,True,0,,
20250821_010918,ant_colony_optimization,scale_free,210,416,"{'m': 2, 'seed': 42}",roman_domination,94.0,2992.7275299996836,True,0,,
20250821_010918,ant_colony_optimization,scale_free,230,456,"{'m': 2, 'seed': 42}",roman_domination,108.0,3772.7019300000393,True,0,,
20250821_010918,ant_colony_optimization,scale_free,250,496,"{'m': 2, 'seed': 42}",roman_domination,120.0,4493.134495001868,True,0,,
20250821_010918,ant_colony_optimization,scale_free,270,536,"{'m': 2, 'seed': 42}",roman_domination,128.0,5019.298836996313,True,0,,
20250821_010918,ant_colony_optimization,scale_free,290,576,"{'m': 2, 'seed': 42}",roman_domination,138.0,5806.383193004876,True,0,,
20250821_010918,ant_colony_optimization,scale_free,310,616,"{'m': 2, 'seed': 42}",roman_domination,147.0,6721.987573000661,True,0,,
20250821_010918,ant_colony_optimization,scale_free,330,656,"{'m': 2, 'seed': 42}",roman_domination,157.0,7509.149230005278,True,0,,
20250821_010918,ant_colony_optimization,scale_free,350,696,"{'m': 2, 'seed': 42}",roman_domination,168.0,8406.053810998856,True,0,,
20250821_010918,ant_colony_optimization,scale_free,370,736,"{'m': 2, 'seed': 42}",roman_domination,177.0,8972.552404004091,True,0,,
20250821_010918,ant_colony_optimization,scale_free,390,776,"{'m': 2, 'seed': 42}",roman_domination,189.0,10311.82791399624,True,0,,
20250821_010918,ant_colony_optimization,scale_free,410,816,"{'m': 2, 'seed': 42}",roman_domination,194.0,11159.030317998258,True,0,,
20250821_010918,ant_colony_optimization,scale_free,430,856,"{'m': 2, 'seed': 42}",roman_domination,203.0,12175.989561001188,True,0,,
20250821_010918,ant_colony_optimization,scale_free,450,896,"{'m': 2, 'seed': 42}",roman_domination,209.0,13097.05816499627,True,0,,
20250821_010918,ant_colony_optimization,scale_free,470,936,"{'m': 2, 'seed': 42}",roman_domination,217.0,14378.778111000429,True,0,,
20250821_010918,ant_colony_optimization,scale_free,490,976,"{'m': 2, 'seed': 42}",roman_domination,228.0,15372.850876003213,True,0,,
20250821_010918,ant_colony_optimization,scale_free,510,1016,"{'m': 2, 'seed': 42}",roman_domination,239.0,17094.22725100012,True,0,,
20250821_010918,ant_colony_optimization,scale_free,530,1056,"{'m': 2, 'seed': 42}",roman_domination,259.0,17634.575306001352,True,0,,
20250821_010918,ant_colony_optimization,scale_free,550,1096,"{'m': 2, 'seed': 42}",roman_domination,265.0,19641.844132005644,True,0,,
20250821_010918,ant_colony_optimization,scale_free,570,1136,"{'m': 2, 'seed': 42}",roman_domination,277.0,20714.879496998037,True,0,,
20250821_010918,ant_colony_optimization,scale_free,590,1176,"{'m': 2, 'seed': 42}",roman_domination,289.0,21664.266724998015,True,0,,
20250821_010918,ant_colony_optimization,scale_free,610,1216,"{'m': 2, 'seed': 42}",roman_domination,303.0,24545.718964000116,True,0,,
20250821_010918,ant_colony_optimization,scale_free,630,1256,"{'m': 2, 'seed': 42}",roman_domination,311.0,25857.946096999513,True,0,,
20250821_010918,ant_colony_optimization,scale_free,650,1296,"{'m': 2, 'seed': 42}",roman_domination,322.0,26828.955226003018,True,0,,
20250821_010918,ant_colony_optimization,scale_free,670,1336,"{'m': 2, 'seed': 42}",roman_domination,333.0,28365.227015994606,True,0,,
20250821_010918,ant_colony_optimization,scale_free,690,1376,"{'m': 2, 'seed': 42}",roman_domination,345.0,28765.468892997887,True,0,,
20250821_010918,ant_colony_optimization,scale_free,710,1416,"{'m': 2, 'seed': 42}",roman_domination,355.0,31222.0754450027,True,0,,
20250821_010918,ant_colony_optimization,scale_free,730,1456,"{'m': 2, 'seed': 42}",roman_domination,367.0,34323.943851006334,True,0,,
20250821_010918,ant_colony_optimization,scale_free,750,1496,"{'m': 2, 'seed': 42}",roman_domination,371.0,34109.1766440004,True,0,,
20250821_010918,ant_colony_optimization,scale_free,770,1536,"{'m': 2, 'seed': 42}",roman_domination,380.0,35004.900831998384,True,0,,
20250821_010918,ant_colony_optimization,scale_free,790,1576,"{'m': 2, 'seed': 42}",roman_domination,392.0,37244.55259599927,True,0,,
20250821_010918,ant_colony_optimization,scale_free,810,1616,"{'m': 2, 'seed': 42}",roman_domination,403.0,39982.66377999971,True,0,,
20250821_010918,ant_colony_optimization,scale_free,830,1656,"{'m': 2, 'seed': 42}",roman_domination,410.0,42318.15541199467,True,0,,
20250821_010918,ant_colony_optimization,scale_free,850,1696,"{'m': 2, 'seed': 42}",roman_domination,419.0,44500.21064199973,True,0,,
20250821_010918,ant_colony_optimization,scale_free,870,1736,"{'m': 2, 'seed': 42}",roman_domination,431.0,45546.3200660015,True,0,,
20250821_010918,ant_colony_optimization,scale_free,890,1776,"{'m': 2, 'seed': 42}",roman_domination,434.0,47039.065224002115,True,0,,
20250821_010918,ant_colony_optimization,scale_free,910,1816,"{'m': 2, 'seed': 42}",roman_domination,445.0,51818.26537200686,True,0,,
20250821_010918,ant_colony_optimization,scale_free,930,1856,"{'m': 2, 'seed': 42}",roman_domination,459.0,52772.679235000396,True,0,,
20250821_010918,ant_colony_optimization,scale_free,950,1896,"{'m': 2, 'seed': 42}",roman_domination,469.0,54894.62396899762,True,0,,
20250821_010918,ant_colony_optimization,scale_free,970,1936,"{'m': 2, 'seed': 42}",roman_domination,484.0,57975.485976996424,True,0,,
20250821_010918,ant_colony_optimization,scale_free,990,1976,"{'m': 2, 'seed': 42}",roman_domination,495.0,60228.261796997685,True,0,,
20250821_010918,ant_colony_optimization,small_world,10,30,"{'k': 6, 'p': 0.05, 'seed': 42}",roman_domination,4.0,34.5063040003879,True,0,,
20250821_010918,ant_colony_optimization,small_world,30,90,"{'k': 6, 'p': 0.05, 'seed': 42}",roman_domination,11.0,168.42545599502046,True,0,,
20250821_010918,ant_colony_optimization,small_world,50,150,"{'k': 6, 'p': 0.05, 'seed': 42}",roman_domination,18.0,277.1315119971405,True,0,,
20250821_010918,ant_colony_optimization,small_world,70,210,"{'k': 6, 'p': 0.05, 'seed': 42}",roman_domination,24.0,467.81128700240515,True,0,,
20250821_010918,ant_colony_optimization,small_world,90,270,"{'k': 6, 'p': 0.05, 'seed': 42}",roman_domination,34.0,681.5156340016983,True,0,,
20250821_010918,ant_colony_optimization,small_world,110,330,"{'k': 6, 'p': 0.05, 'seed': 42}",roman_domination,39.0,957.5849140019272,True,0,,
20250821_010918,ant_colony_optimization,small_world,130,390,"{'k': 6, 'p': 0.05, 'seed': 42}",roman_domination,49.0,1304.0770170046017,True,0,,
20250821_010918,ant_colony_optimization,small_world,150,450,"{'k': 6, 'p': 0.05, 'seed': 42}",roman_domination,58.0,1661.9382580029196,True,0,,
20250821_010918,ant_colony_optimization,small_world,170,510,"{'k': 6, 'p': 0.05, 'seed': 42}",roman_domination,62.0,2140.781355999934,True,0,,
20250821_010918,ant_colony_optimization,small_world,190,570,"{'k': 6, 'p': 0.05, 'seed': 42}",roman_domination,70.0,2484.0024820005056,True,0,,
20250821_010918,ant_colony_optimization,small_world,210,630,"{'k': 6, 'p': 0.05, 'seed': 42}",roman_domination,79.0,3082.2271870056284,True,0,,
20250821_010918,ant_colony_optimization,small_world,230,690,"{'k': 6, 'p': 0.05, 'seed': 42}",roman_domination,87.0,3460.776428000827,True,0,,
20250821_010918,ant_colony_optimization,small_world,250,750,"{'k': 6, 'p': 0.05, 'seed': 42}",roman_domination,92.0,4019.590773001255,True,0,,
20250821_010918,ant_colony_optimization,small_world,270,810,"{'k': 6, 'p': 0.05, 'seed': 42}",roman_domination,103.0,4616.005903997575,True,0,,
20250821_010918,ant_colony_optimization,small_world,290,870,"{'k': 6, 'p': 0.05, 'seed': 42}",roman_domination,108.0,5322.332517003815,True,0,,
20250821_010918,ant_colony_optimization,small_world,310,930,"{'k': 6, 'p': 0.05, 'seed': 42}",roman_domination,117.0,6121.0530280004605,True,0,,
20250821_010918,ant_colony_optimization,small_world,330,990,"{'k': 6, 'p': 0.05, 'seed': 42}",roman_domination,126.0,7137.718580001092,True,0,,
20250821_010918,ant_colony_optimization,small_world,350,1050,"{'k': 6, 'p': 0.05, 'seed': 42}",roman_domination,134.0,7832.931230994291,True,0,,
20250821_010918,ant_colony_optimization,small_world,370,1110,"{'k': 6, 'p': 0.05, 'seed': 42}",roman_domination,140.0,8767.83604999946,True,0,,
20250821_010918,ant_colony_optimization,small_world,390,1170,"{'k': 6, 'p': 0.05, 'seed': 42}",roman_domination,146.0,9516.571276995819,True,0,,
20250821_010918,ant_colony_optimization,small_world,410,1230,"{'k': 6, 'p': 0.05, 'seed': 42}",roman_domination,161.0,10762.237142997037,True,0,,
20250821_010918,ant_colony_optimization,small_world,430,1290,"{'k': 6, 'p': 0.05, 'seed': 42}",roman_domination,168.0,11691.390183004842,True,0,,
20250821_010918,ant_colony_optimization,small_world,450,1350,"{'k': 6, 'p': 0.05, 'seed': 42}",roman_domination,178.0,12615.278315002797,True,0,,
20250821_010918,ant_colony_optimization,small_world,470,1410,"{'k': 6, 'p': 0.05, 'seed': 42}",roman_domination,183.0,13199.73558300262,True,0,,
20250821_010918,ant_colony_optimization,small_world,490,1470,"{'k': 6, 'p': 0.05, 'seed': 42}",roman_domination,191.0,14415.676659002202,True,0,,
20250821_010918,ant_colony_optimization,small_world,510,1530,"{'k': 6, 'p': 0.05, 'seed': 42}",roman_domination,191.0,15239.343569002813,True,0,,
20250821_010918,ant_colony_optimization,small_world,530,1590,"{'k': 6, 'p': 0.05, 'seed': 42}",roman_domination,210.0,17107.538040996587,True,0,,
20250821_010918,ant_colony_optimization,small_world,550,1650,"{'k': 6, 'p': 0.05, 'seed': 42}",roman_domination,217.0,18363.03069099813,True,0,,
20250821_010918,ant_colony_optimization,small_world,570,1710,"{'k': 6, 'p': 0.05, 'seed': 42}",roman_domination,226.0,20079.28961000289,True,0,,
20250821_010918,ant_colony_optimization,small_world,590,1770,"{'k': 6, 'p': 0.05, 'seed': 42}",roman_domination,234.0,21292.373638003482,True,0,,
20250821_010918,ant_colony_optimization,small_world,610,1830,"{'k': 6, 'p': 0.05, 'seed': 42}",roman_domination,244.0,22533.177420002175,True,0,,
20250821_010918,ant_colony_optimization,small_world,630,1890,"{'k': 6, 'p': 0.05, 'seed': 42}",roman_domination,247.0,23245.353841994074,True,0,,
20250821_010918,ant_colony_optimization,small_world,650,1950,"{'k': 6, 'p': 0.05, 'seed': 42}",roman_domination,251.0,24267.83653000166,True,0,,
20250821_010918,ant_colony_optimization,small_world,670,2010,"{'k': 6, 'p': 0.05, 'seed': 42}",roman_domination,265.0,26046.1302909971,True,0,,
20250821_010918,ant_colony_optimization,small_world,690,2070,"{'k': 6, 'p': 0.05, 'seed': 42}",roman_domination,267.0,26767.64646400261,True,0,,
20250821_010918,ant_colony_optimization,small_world,710,2130,"{'k': 6, 'p': 0.05, 'seed': 42}",roman_domination,280.0,28842.624595003144,True,0,,
20250821_010918,ant_colony_optimization,small_world,730,2190,"{'k': 6, 'p': 0.05, 'seed': 42}",roman_domination,287.0,30847.418293000374,True,0,,
20250821_010918,ant_colony_optimization,small_world,750,2250,"{'k': 6, 'p': 0.05, 'seed': 42}",roman_domination,298.0,31848.455398001533,True,0,,
20250821_010918,ant_colony_optimization,small_world,770,2310,"{'k': 6, 'p': 0.05, 'seed': 42}",roman_domination,296.0,32183.167049006443,True,0,,
20250821_010918,ant_colony_optimization,small_world,790,2370,"{'k': 6, 'p': 0.05, 'seed': 42}",roman_domination,312.0,34307.406739993894,True,0,,
20250821_010918,ant_colony_optimization,small_world,810,2430,"{'k': 6, 'p': 0.05, 'seed': 42}",roman_domination,317.0,36566.798186002416,True,0,,
20250821_010918,ant_colony_optimization,small_world,830,2490,"{'k': 6, 'p': 0.05, 'seed': 42}",roman_domination,330.0,39598.1473819993,True,0,,
20250821_010918,ant_colony_optimization,small_world,850,2550,"{'k': 6, 'p': 0.05, 'seed': 42}",roman_domination,335.0,39607.90224799712,True,0,,
20250821_010918,ant_colony_optimization,small_world,870,2610,"{'k': 6, 'p': 0.05, 'seed': 42}",roman_domination,347.0,42362.494282002444,True,0,,
20250821_010918,ant_colony_optimization,small_world,890,2670,"{'k': 6, 'p': 0.05, 'seed': 42}",roman_domination,352.0,44006.726410996635,True,0,,
20250821_010918,ant_colony_optimization,small_world,910,2730,"{'k': 6, 'p': 0.05, 'seed': 42}",roman_domination,350.0,44842.03120100574,True,0,,
20250821_010918,ant_colony_optimization,small_world,930,2790,"{'k': 6, 'p': 0.05, 'seed': 42}",roman_domination,368.0,47325.228023997624,True,0,,
20250821_010918,ant_colony_optimization,small_world,950,2850,"{'k': 6, 'p': 0.05, 'seed': 42}",roman_domination,371.0,48853.11619899585,True,0,,
20250821_010918,ant_colony_optimization,small_world,970,2910,"{'k': 6, 'p': 0.05, 'seed': 42}",roman_domination,378.0,51167.26402600034,True,0,,
20250821_010918,ant_colony_optimization,small_world,990,2970,"{'k': 6, 'p': 0.05, 'seed': 42}",roman_domination,386.0,53670.53824499453,True,0,,
