run_id,algorithm,graph,n_nodes,n_edges,graph_params,license_config,total_cost,time_ms,valid,issues,image_path,notes
20250821_010918,simulated_annealing,random,10,9,"{'p': 0.1, 'seed': 42}",duolingo_super,100.31,42.72088399739005,True,0,,
20250821_010918,simulated_annealing,random,30,43,"{'p': 0.1, 'seed': 42}",duolingo_super,297.36,73.59486800123705,True,0,,
20250821_010918,simulated_annealing,random,50,120,"{'p': 0.1, 'seed': 42}",duolingo_super,412.85,103.78313399996841,True,0,,
20250821_010918,simulated_annealing,random,70,228,"{'p': 0.1, 'seed': 42}",duolingo_super,516.73,137.60376800200902,True,0,,
20250821_010918,simulated_annealing,random,90,380,"{'p': 0.1, 'seed': 42}",duolingo_super,635.7900000000001,179.829624001286,True,0,,
20250821_010918,simulated_annealing,random,110,581,"{'p': 0.1, 'seed': 42}",duolingo_super,706.9300000000001,231.94138699909672,True,0,,
20250821_010918,simulated_annealing,random,130,819,"{'p': 0.1, 'seed': 42}",duolingo_super,822.4200000000001,290.7184759969823,True,0,,
20250821_010918,simulated_annealing,random,150,1103,"{'p': 0.1, 'seed': 42}",duolingo_super,1005.48,349.8030159971677,True,0,,
20250821_010918,simulated_annealing,random,170,1395,"{'p': 0.1, 'seed': 42}",duolingo_super,1083.76,449.48859999567503,True,0,,
20250821_010918,simulated_annealing,random,190,1776,"{'p': 0.1, 'seed': 42}",duolingo_super,1170.0800000000002,518.8155680007185,True,0,,
20250821_010918,simulated_annealing,random,210,2175,"{'p': 0.1, 'seed': 42}",duolingo_super,1303.13,621.0985859943321,True,0,,
20250821_010918,simulated_annealing,random,230,2619,"{'p': 0.1, 'seed': 42}",duolingo_super,1334.68,680.3433039967786,True,0,,
20250821_010918,simulated_annealing,random,250,3084,"{'p': 0.1, 'seed': 42}",duolingo_super,1479.3400000000001,771.9243109968374,True,0,,
20250821_010918,simulated_annealing,random,270,3590,"{'p': 0.1, 'seed': 42}",duolingo_super,1566.8500000000001,919.0299740002956,True,0,,
20250821_010918,simulated_annealing,random,290,4163,"{'p': 0.1, 'seed': 42}",duolingo_super,1636.8000000000002,1038.9050980011234,True,0,,
20250821_010918,simulated_annealing,random,310,4788,"{'p': 0.1, 'seed': 42}",duolingo_super,1753.48,974.0507079986855,True,0,,
20250821_010918,simulated_annealing,random,330,5428,"{'p': 0.1, 'seed': 42}",duolingo_super,1886.5300000000002,1053.572331002215,True,0,,
20250821_010918,simulated_annealing,random,350,6131,"{'p': 0.1, 'seed': 42}",duolingo_super,1947.25,1209.2238050026936,True,0,,
20250821_010918,simulated_annealing,random,370,6883,"{'p': 0.1, 'seed': 42}",duolingo_super,2048.75,1352.290142000129,True,0,,
20250821_010918,simulated_annealing,random,390,7676,"{'p': 0.1, 'seed': 42}",duolingo_super,2149.06,1284.3803099967772,True,0,,
20250821_010918,simulated_annealing,random,410,8433,"{'p': 0.1, 'seed': 42}",duolingo_super,2208.59,1419.0096050006105,True,0,,
20250821_010918,simulated_annealing,random,430,9286,"{'p': 0.1, 'seed': 42}",duolingo_super,2324.08,1466.1167259982903,True,0,,
20250821_010918,simulated_annealing,random,450,10158,"{'p': 0.1, 'seed': 42}",duolingo_super,2385.9900000000002,1343.2730410058866,True,0,,
20250821_010918,simulated_annealing,random,470,11119,"{'p': 0.1, 'seed': 42}",duolingo_super,2542.26,1537.645207994501,True,0,,
20250821_010918,simulated_annealing,random,490,12073,"{'p': 0.1, 'seed': 42}",duolingo_super,2671.7400000000002,1596.2398099945858,True,0,,
20250821_010918,simulated_annealing,random,510,13054,"{'p': 0.1, 'seed': 42}",duolingo_super,2759.25,1637.1579719998408,True,0,,
20250821_010918,simulated_annealing,random,530,14070,"{'p': 0.1, 'seed': 42}",duolingo_super,2849.1400000000003,1780.848476002575,True,0,,
20250821_010918,simulated_annealing,random,550,15147,"{'p': 0.1, 'seed': 42}",duolingo_super,2867.8900000000003,1863.563320999674,True,0,,
20250821_010918,simulated_annealing,random,570,16242,"{'p': 0.1, 'seed': 42}",duolingo_super,3053.3300000000004,1925.283552998735,True,0,,
20250821_010918,simulated_annealing,random,590,17437,"{'p': 0.1, 'seed': 42}",duolingo_super,3111.67,2114.563356997678,True,0,,
20250821_010918,simulated_annealing,random,610,18614,"{'p': 0.1, 'seed': 42}",duolingo_super,3228.3500000000004,2128.0894939991413,True,0,,
20250821_010918,simulated_annealing,random,630,19860,"{'p': 0.1, 'seed': 42}",duolingo_super,3328.6600000000003,2122.120800006087,True,0,,
20250821_010918,simulated_annealing,random,650,21118,"{'p': 0.1, 'seed': 42}",duolingo_super,3418.55,2275.4427670006407,True,0,,
20250821_010918,simulated_annealing,random,670,22424,"{'p': 0.1, 'seed': 42}",duolingo_super,3550.4100000000003,2458.001282000623,True,0,,
20250821_010918,simulated_annealing,random,690,23815,"{'p': 0.1, 'seed': 42}",duolingo_super,3593.57,2495.2942230011104,True,0,,
20250821_010918,simulated_annealing,random,710,25210,"{'p': 0.1, 'seed': 42}",duolingo_super,3706.6800000000003,2477.5052149998373,True,0,,
20250821_010918,simulated_annealing,random,730,26570,"{'p': 0.1, 'seed': 42}",duolingo_super,3783.7700000000004,2783.7648280037683,True,0,,
20250821_010918,simulated_annealing,random,750,28065,"{'p': 0.1, 'seed': 42}",duolingo_super,3927.2400000000002,2852.5292330014054,True,0,,
20250821_010918,simulated_annealing,random,770,29598,"{'p': 0.1, 'seed': 42}",duolingo_super,4014.75,2906.188077002298,True,0,,
20250821_010918,simulated_annealing,random,790,31177,"{'p': 0.1, 'seed': 42}",duolingo_super,4046.3,3098.9238749971264,True,0,,
20250821_010918,simulated_annealing,random,810,32778,"{'p': 0.1, 'seed': 42}",duolingo_super,4162.9800000000005,3314.941758995701,True,0,,
20250821_010918,simulated_annealing,random,830,34379,"{'p': 0.1, 'seed': 42}",duolingo_super,4305.26,3316.7224700009683,True,0,,
20250821_010918,simulated_annealing,random,850,36107,"{'p': 0.1, 'seed': 42}",duolingo_super,4298.41,3260.07391299936,True,0,,
20250821_010918,simulated_annealing,random,870,37776,"{'p': 0.1, 'seed': 42}",duolingo_super,4469.860000000001,3313.6510270051076,True,0,,
20250821_010918,simulated_annealing,random,890,39565,"{'p': 0.1, 'seed': 42}",duolingo_super,4582.97,3494.9397259988473,True,0,,
20250821_010918,simulated_annealing,random,910,41408,"{'p': 0.1, 'seed': 42}",duolingo_super,4730.01,3879.6104659995763,True,0,,
20250821_010918,simulated_annealing,random,930,43243,"{'p': 0.1, 'seed': 42}",duolingo_super,4745.1900000000005,3720.3263909977977,True,0,,
20250821_010918,simulated_annealing,random,950,45065,"{'p': 0.1, 'seed': 42}",duolingo_super,4889.85,3913.4720459987875,True,0,,
20250821_010918,simulated_annealing,random,970,46973,"{'p': 0.1, 'seed': 42}",duolingo_super,4962.18,3733.055685996078,True,0,,
20250821_010918,simulated_annealing,random,990,48936,"{'p': 0.1, 'seed': 42}",duolingo_super,5067.25,3898.2371899983264,True,0,,
20250821_010918,simulated_annealing,scale_free,10,16,"{'m': 2, 'seed': 42}",duolingo_super,58.34,57.92107400338864,True,0,,
20250821_010918,simulated_annealing,scale_free,30,56,"{'m': 2, 'seed': 42}",duolingo_super,218.18,89.54308400279842,True,0,,
20250821_010918,simulated_annealing,scale_free,50,96,"{'m': 2, 'seed': 42}",duolingo_super,379.21000000000004,111.31350600044243,True,0,,
20250821_010918,simulated_annealing,scale_free,70,136,"{'m': 2, 'seed': 42}",duolingo_super,610.19,140.22124699840788,True,0,,
20250821_010918,simulated_annealing,scale_free,90,176,"{'m': 2, 'seed': 42}",duolingo_super,781.64,187.64391200238606,True,0,,
20250821_010918,simulated_annealing,scale_free,110,216,"{'m': 2, 'seed': 42}",duolingo_super,1092.7,224.18993199971737,True,0,,
20250821_010918,simulated_annealing,scale_free,130,256,"{'m': 2, 'seed': 42}",duolingo_super,1278.14,266.4275799979805,True,0,,
20250821_010918,simulated_annealing,scale_free,150,296,"{'m': 2, 'seed': 42}",duolingo_super,1476.38,324.54620100179454,True,0,,
20250821_010918,simulated_annealing,scale_free,170,336,"{'m': 2, 'seed': 42}",duolingo_super,1659.44,346.52424700470874,True,0,,
20250821_010918,simulated_annealing,scale_free,190,376,"{'m': 2, 'seed': 42}",duolingo_super,1818.0900000000001,386.037137999665,True,0,,
20250821_010918,simulated_annealing,scale_free,210,416,"{'m': 2, 'seed': 42}",duolingo_super,2059.4900000000002,418.79624300054274,True,0,,
20250821_010918,simulated_annealing,scale_free,230,456,"{'m': 2, 'seed': 42}",duolingo_super,2232.13,485.4202679998707,True,0,,
20250821_010918,simulated_annealing,scale_free,250,496,"{'m': 2, 'seed': 42}",duolingo_super,2418.76,536.4408940004068,True,0,,
20250821_010918,simulated_annealing,scale_free,270,536,"{'m': 2, 'seed': 42}",duolingo_super,2589.02,589.9069930019323,True,0,,
20250821_010918,simulated_annealing,scale_free,290,576,"{'m': 2, 'seed': 42}",duolingo_super,2800.06,641.0528170017642,True,0,,
20250821_010918,simulated_annealing,scale_free,310,616,"{'m': 2, 'seed': 42}",duolingo_super,3037.89,654.1061089956202,True,0,,
20250821_010918,simulated_annealing,scale_free,330,656,"{'m': 2, 'seed': 42}",duolingo_super,3211.7200000000003,727.4411969992798,True,0,,
20250821_010918,simulated_annealing,scale_free,350,696,"{'m': 2, 'seed': 42}",duolingo_super,3395.9700000000003,775.0799280038336,True,0,,
20250821_010918,simulated_annealing,scale_free,370,736,"{'m': 2, 'seed': 42}",duolingo_super,3510.27,861.9564330001594,True,0,,
20250821_010918,simulated_annealing,scale_free,390,776,"{'m': 2, 'seed': 42}",duolingo_super,3695.71,846.7936449960689,True,0,,
20250821_010918,simulated_annealing,scale_free,410,816,"{'m': 2, 'seed': 42}",duolingo_super,3854.36,948.6399060042459,True,0,,
20250821_010918,simulated_annealing,scale_free,430,856,"{'m': 2, 'seed': 42}",duolingo_super,4067.78,965.9608959991601,True,0,,
20250821_010918,simulated_annealing,scale_free,450,896,"{'m': 2, 'seed': 42}",duolingo_super,4292.81,1040.945834996819,True,0,,
20250821_010918,simulated_annealing,scale_free,470,936,"{'m': 2, 'seed': 42}",duolingo_super,4447.89,1015.0000049980008,True,0,,
20250821_010918,simulated_annealing,scale_free,490,976,"{'m': 2, 'seed': 42}",duolingo_super,4630.95,1153.0115580026177,True,0,,
20250821_010918,simulated_annealing,scale_free,510,1016,"{'m': 2, 'seed': 42}",duolingo_super,4845.56,1235.6001320003998,True,0,,
20250821_010918,simulated_annealing,scale_free,530,1056,"{'m': 2, 'seed': 42}",duolingo_super,5071.78,1281.4512319964706,True,0,,
20250821_010918,simulated_annealing,scale_free,550,1096,"{'m': 2, 'seed': 42}",duolingo_super,5298.0,1224.501993994636,True,0,,
20250821_010918,simulated_annealing,scale_free,570,1136,"{'m': 2, 'seed': 42}",duolingo_super,5390.27,1430.1056509939372,True,0,,
20250821_010918,simulated_annealing,scale_free,590,1176,"{'m': 2, 'seed': 42}",duolingo_super,5587.320000000001,1404.1534179996233,True,0,,
20250821_010918,simulated_annealing,scale_free,610,1216,"{'m': 2, 'seed': 42}",duolingo_super,5743.59,1493.2025369998883,True,0,,
20250821_010918,simulated_annealing,scale_free,630,1256,"{'m': 2, 'seed': 42}",duolingo_super,5968.62,1663.2423810006003,True,0,,
20250821_010918,simulated_annealing,scale_free,650,1296,"{'m': 2, 'seed': 42}",duolingo_super,6138.88,1704.2153080037679,True,0,,
20250821_010918,simulated_annealing,scale_free,670,1336,"{'m': 2, 'seed': 42}",duolingo_super,6374.33,1731.222518006689,True,0,,
20250821_010918,simulated_annealing,scale_free,690,1376,"{'m': 2, 'seed': 42}",duolingo_super,6576.14,1777.9701839972404,True,0,,
20250821_010918,simulated_annealing,scale_free,710,1416,"{'m': 2, 'seed': 42}",duolingo_super,6830.34,1829.2428809945704,True,0,,
20250821_010918,simulated_annealing,scale_free,730,1456,"{'m': 2, 'seed': 42}",duolingo_super,6999.41,1853.0894330033334,True,0,,
20250821_010918,simulated_annealing,scale_free,750,1496,"{'m': 2, 'seed': 42}",duolingo_super,7210.45,1814.3120599997928,True,0,,
20250821_010918,simulated_annealing,scale_free,770,1536,"{'m': 2, 'seed': 42}",duolingo_super,7351.54,1924.302474995784,True,0,,
20250821_010918,simulated_annealing,scale_free,790,1576,"{'m': 2, 'seed': 42}",duolingo_super,7690.87,2011.7127100020298,True,0,,
20250821_010918,simulated_annealing,scale_free,810,1616,"{'m': 2, 'seed': 42}",duolingo_super,7859.9400000000005,1883.9733770000748,True,0,,
20250821_010918,simulated_annealing,scale_free,830,1656,"{'m': 2, 'seed': 42}",duolingo_super,8050.14,1974.746555002639,True,0,,
20250821_010918,simulated_annealing,scale_free,850,1696,"{'m': 2, 'seed': 42}",duolingo_super,8261.18,2108.09763600264,True,0,,
20250821_010918,simulated_annealing,scale_free,870,1736,"{'m': 2, 'seed': 42}",duolingo_super,8460.61,2086.6465829967638,True,0,,
20250821_010918,simulated_annealing,scale_free,890,1776,"{'m': 2, 'seed': 42}",duolingo_super,8618.07,2089.5862630059128,True,0,,
20250821_010918,simulated_annealing,scale_free,910,1816,"{'m': 2, 'seed': 42}",duolingo_super,8763.92,2224.3108699985896,True,0,,
20250821_010918,simulated_annealing,scale_free,930,1856,"{'m': 2, 'seed': 42}",duolingo_super,8935.37,2178.2161180017283,True,0,,
20250821_010918,simulated_annealing,scale_free,950,1896,"{'m': 2, 'seed': 42}",duolingo_super,9075.27,2209.0477230012766,True,0,,
20250821_010918,simulated_annealing,scale_free,970,1936,"{'m': 2, 'seed': 42}",duolingo_super,9247.91,2189.311378002458,True,0,,
20250821_010918,simulated_annealing,scale_free,990,1976,"{'m': 2, 'seed': 42}",duolingo_super,9410.130000000001,2308.1958059992758,True,0,,
20250821_010918,simulated_annealing,small_world,10,30,"{'k': 6, 'p': 0.05, 'seed': 42}",duolingo_super,58.34,40.04612800054019,True,0,,
20250821_010918,simulated_annealing,small_world,30,90,"{'k': 6, 'p': 0.05, 'seed': 42}",duolingo_super,175.02,75.70725299592596,True,0,,
20250821_010918,simulated_annealing,small_world,50,150,"{'k': 6, 'p': 0.05, 'seed': 42}",duolingo_super,291.70000000000005,102.20667099929415,True,0,,
20250821_010918,simulated_annealing,small_world,70,210,"{'k': 6, 'p': 0.05, 'seed': 42}",duolingo_super,408.38,120.09894200309645,True,0,,
20250821_010918,simulated_annealing,small_world,90,270,"{'k': 6, 'p': 0.05, 'seed': 42}",duolingo_super,525.0600000000001,150.32443399832118,True,0,,
20250821_010918,simulated_annealing,small_world,110,330,"{'k': 6, 'p': 0.05, 'seed': 42}",duolingo_super,700.08,168.5348859973601,True,0,,
20250821_010918,simulated_annealing,small_world,130,390,"{'k': 6, 'p': 0.05, 'seed': 42}",duolingo_super,885.5200000000001,200.71612199535593,True,0,,
20250821_010918,simulated_annealing,small_world,150,450,"{'k': 6, 'p': 0.05, 'seed': 42}",duolingo_super,1028.99,254.6696270001121,True,0,,
20250821_010918,simulated_annealing,small_world,170,510,"{'k': 6, 'p': 0.05, 'seed': 42}",duolingo_super,1145.67,311.67131799884373,True,0,,
20250821_010918,simulated_annealing,small_world,190,570,"{'k': 6, 'p': 0.05, 'seed': 42}",duolingo_super,1231.99,343.2518949994119,True,0,,
20250821_010918,simulated_annealing,small_world,210,630,"{'k': 6, 'p': 0.05, 'seed': 42}",duolingo_super,1363.8500000000001,399.89004200469935,True,0,,
20250821_010918,simulated_annealing,small_world,230,690,"{'k': 6, 'p': 0.05, 'seed': 42}",duolingo_super,1564.47,441.34842199855484,True,0,,
20250821_010918,simulated_annealing,small_world,250,750,"{'k': 6, 'p': 0.05, 'seed': 42}",duolingo_super,1707.94,472.59045200189576,True,0,,
20250821_010918,simulated_annealing,small_world,270,810,"{'k': 6, 'p': 0.05, 'seed': 42}",duolingo_super,1843.3700000000001,519.1517580024083,True,0,,
20250821_010918,simulated_annealing,small_world,290,870,"{'k': 6, 'p': 0.05, 'seed': 42}",duolingo_super,1929.69,568.7811230018269,True,0,,
20250821_010918,simulated_annealing,small_world,310,930,"{'k': 6, 'p': 0.05, 'seed': 42}",duolingo_super,2043.99,635.332785997889,True,0,,
20250821_010918,simulated_annealing,small_world,330,990,"{'k': 6, 'p': 0.05, 'seed': 42}",duolingo_super,2193.4100000000003,691.4772290037945,True,0,,
20250821_010918,simulated_annealing,small_world,350,1050,"{'k': 6, 'p': 0.05, 'seed': 42}",duolingo_super,2366.05,739.4225989992265,True,0,,
20250821_010918,simulated_annealing,small_world,370,1110,"{'k': 6, 'p': 0.05, 'seed': 42}",duolingo_super,2468.7400000000002,828.33666800434,True,0,,
20250821_010918,simulated_annealing,small_world,390,1170,"{'k': 6, 'p': 0.05, 'seed': 42}",duolingo_super,2525.8900000000003,864.5209559981595,True,0,,
20250821_010918,simulated_annealing,small_world,410,1230,"{'k': 6, 'p': 0.05, 'seed': 42}",duolingo_super,2770.86,906.0581309968256,True,0,,
20250821_010918,simulated_annealing,small_world,430,1290,"{'k': 6, 'p': 0.05, 'seed': 42}",duolingo_super,2941.1200000000003,998.9536400025827,True,0,,
20250821_010918,simulated_annealing,small_world,450,1350,"{'k': 6, 'p': 0.05, 'seed': 42}",duolingo_super,3075.36,1039.5096850043046,True,0,,
20250821_010918,simulated_annealing,small_world,470,1410,"{'k': 6, 'p': 0.05, 'seed': 42}",duolingo_super,3222.4,1066.9700610014843,True,0,,
20250821_010918,simulated_annealing,small_world,490,1470,"{'k': 6, 'p': 0.05, 'seed': 42}",duolingo_super,3365.8700000000003,1076.946166002017,True,0,,
20250821_010918,simulated_annealing,small_world,510,1530,"{'k': 6, 'p': 0.05, 'seed': 42}",duolingo_super,3452.19,1263.8450190061121,True,0,,
20250821_010918,simulated_annealing,small_world,530,1590,"{'k': 6, 'p': 0.05, 'seed': 42}",duolingo_super,3672.75,1234.3484140001237,True,0,,
20250821_010918,simulated_annealing,small_world,550,1650,"{'k': 6, 'p': 0.05, 'seed': 42}",duolingo_super,3802.23,1348.833673997433,True,0,,
20250821_010918,simulated_annealing,small_world,570,1710,"{'k': 6, 'p': 0.05, 'seed': 42}",duolingo_super,3959.69,1360.5643999981112,True,0,,
20250821_010918,simulated_annealing,small_world,590,1770,"{'k': 6, 'p': 0.05, 'seed': 42}",duolingo_super,4103.16,1398.014697006147,True,0,,
20250821_010918,simulated_annealing,small_world,610,1830,"{'k': 6, 'p': 0.05, 'seed': 42}",duolingo_super,4246.63,1444.5022600048105,True,0,,
20250821_010918,simulated_annealing,small_world,630,1890,"{'k': 6, 'p': 0.05, 'seed': 42}",duolingo_super,4281.75,1436.901580003905,True,0,,
20250821_010918,simulated_annealing,small_world,650,1950,"{'k': 6, 'p': 0.05, 'seed': 42}",duolingo_super,4385.63,1587.5019599989173,True,0,,
20250821_010918,simulated_annealing,small_world,670,2010,"{'k': 6, 'p': 0.05, 'seed': 42}",duolingo_super,4666.62,1562.258745994768,True,0,,
20250821_010918,simulated_annealing,small_world,690,2070,"{'k': 6, 'p': 0.05, 'seed': 42}",duolingo_super,4700.55,1530.6531349997385,True,0,,
20250821_010918,simulated_annealing,small_world,710,2130,"{'k': 6, 'p': 0.05, 'seed': 42}",duolingo_super,4929.150000000001,1601.181832003931,True,0,,
20250821_010918,simulated_annealing,small_world,730,2190,"{'k': 6, 'p': 0.05, 'seed': 42}",duolingo_super,5052.97,1613.2380709968857,True,0,,
20250821_010918,simulated_annealing,small_world,750,2250,"{'k': 6, 'p': 0.05, 'seed': 42}",duolingo_super,5160.13,1613.5301849935786,True,0,,
20250821_010918,simulated_annealing,small_world,770,2310,"{'k': 6, 'p': 0.05, 'seed': 42}",duolingo_super,5192.87,1690.1511949981796,True,0,,
20250821_010918,simulated_annealing,small_world,790,2370,"{'k': 6, 'p': 0.05, 'seed': 42}",duolingo_super,5398.25,1741.9188980056788,True,0,,
20250821_010918,simulated_annealing,small_world,810,2430,"{'k': 6, 'p': 0.05, 'seed': 42}",duolingo_super,5639.650000000001,1678.3910740050487,True,0,,
20250821_010918,simulated_annealing,small_world,830,2490,"{'k': 6, 'p': 0.05, 'seed': 42}",duolingo_super,5642.030000000001,1723.979219001194,True,0,,
20250821_010918,simulated_annealing,small_world,850,2550,"{'k': 6, 'p': 0.05, 'seed': 42}",duolingo_super,5845.030000000001,1735.4756739950972,True,0,,
20250821_010918,simulated_annealing,small_world,870,2610,"{'k': 6, 'p': 0.05, 'seed': 42}",duolingo_super,6046.84,1831.605662999209,True,0,,
20250821_010918,simulated_annealing,small_world,890,2670,"{'k': 6, 'p': 0.05, 'seed': 42}",duolingo_super,6056.070000000001,1840.614706998167,True,0,,
20250821_010918,simulated_annealing,small_world,910,2730,"{'k': 6, 'p': 0.05, 'seed': 42}",duolingo_super,6155.1900000000005,1888.3680790022481,True,0,,
20250821_010918,simulated_annealing,small_world,930,2790,"{'k': 6, 'p': 0.05, 'seed': 42}",duolingo_super,6464.450000000001,2013.3872239966877,True,0,,
20250821_010918,simulated_annealing,small_world,950,2850,"{'k': 6, 'p': 0.05, 'seed': 42}",duolingo_super,6564.76,1964.0080099998158,True,0,,
20250821_010918,simulated_annealing,small_world,970,2910,"{'k': 6, 'p': 0.05, 'seed': 42}",duolingo_super,6575.18,1952.5430409994442,True,0,,
20250821_010918,simulated_annealing,small_world,990,2970,"{'k': 6, 'p': 0.05, 'seed': 42}",duolingo_super,6886.820000000001,1968.6978150057257,True,0,,
