run_id,algorithm,graph,n_nodes,n_edges,graph_params,license_config,total_cost,time_ms,valid,issues,image_path,notes
20250821_010918,randomized_algorithm,random,10,9,"{'p': 0.1, 'seed': 42}",duolingo_super,114.30000000000001,0.06341100379358977,True,0,,
20250821_010918,randomized_algorithm,random,30,43,"{'p': 0.1, 'seed': 42}",duolingo_super,352.13,0.11226200149394572,True,0,,
20250821_010918,randomized_algorithm,random,50,120,"{'p': 0.1, 'seed': 42}",duolingo_super,470.0,0.14814699534326792,True,0,,
20250821_010918,randomized_algorithm,random,70,228,"{'p': 0.1, 'seed': 42}",duolingo_super,599.48,0.187181998626329,True,0,,
20250821_010918,randomized_algorithm,random,90,380,"{'p': 0.1, 'seed': 42}",duolingo_super,737.2900000000001,0.23626399342902005,True,0,,
20250821_010918,randomized_algorithm,random,110,581,"{'p': 0.1, 'seed': 42}",duolingo_super,807.24,0.27490600041346624,True,0,,
20250821_010918,randomized_algorithm,random,130,819,"{'p': 0.1, 'seed': 42}",duolingo_super,925.11,0.29934899794170633,True,0,,
20250821_010918,randomized_algorithm,random,150,1103,"{'p': 0.1, 'seed': 42}",duolingo_super,1080.19,0.38041299558244646,True,0,,
20250821_010918,randomized_algorithm,random,170,1395,"{'p': 0.1, 'seed': 42}",duolingo_super,1218.0,2.4668690020916983,True,0,,
20250821_010918,randomized_algorithm,random,190,1776,"{'p': 0.1, 'seed': 42}",duolingo_super,1270.39,0.5112919970997609,True,0,,
20250821_010918,randomized_algorithm,random,210,2175,"{'p': 0.1, 'seed': 42}",duolingo_super,1416.24,0.5871789981028996,True,0,,
20250821_010918,randomized_algorithm,random,230,2619,"{'p': 0.1, 'seed': 42}",duolingo_super,1529.3500000000001,0.6973710042075254,True,0,,
20250821_010918,randomized_algorithm,random,250,3084,"{'p': 0.1, 'seed': 42}",duolingo_super,1594.8300000000002,0.7297120027942583,True,0,,
20250821_010918,randomized_algorithm,random,270,3590,"{'p': 0.1, 'seed': 42}",duolingo_super,1726.69,0.8070659969234839,True,0,,
20250821_010918,randomized_algorithm,random,290,4163,"{'p': 0.1, 'seed': 42}",duolingo_super,1894.5700000000002,0.9711500024423003,True,0,,
20250821_010918,randomized_algorithm,random,310,4788,"{'p': 0.1, 'seed': 42}",duolingo_super,1898.14,1.1160430003656074,True,0,,
20250821_010918,randomized_algorithm,random,330,5428,"{'p': 0.1, 'seed': 42}",duolingo_super,2129.12,1.1699890019372106,True,0,,
20250821_010918,randomized_algorithm,random,350,6131,"{'p': 0.1, 'seed': 42}",duolingo_super,2111.56,1.39555599889718,True,0,,
20250821_010918,randomized_algorithm,random,370,6883,"{'p': 0.1, 'seed': 42}",duolingo_super,2244.61,1.5393369976663962,True,0,,
20250821_010918,randomized_algorithm,random,390,7676,"{'p': 0.1, 'seed': 42}",duolingo_super,2419.63,1.7154140005004592,True,0,,
20250821_010918,randomized_algorithm,random,410,8433,"{'p': 0.1, 'seed': 42}",duolingo_super,2408.02,1.8133580015273765,True,0,,
20250821_010918,randomized_algorithm,random,430,9286,"{'p': 0.1, 'seed': 42}",duolingo_super,2577.09,1.9714099980774336,True,0,,
20250821_010918,randomized_algorithm,random,450,10158,"{'p': 0.1, 'seed': 42}",duolingo_super,2621.44,2.0778699981747195,True,0,,
20250821_010918,randomized_algorithm,random,470,11119,"{'p': 0.1, 'seed': 42}",duolingo_super,2698.53,2.150245003576856,True,0,,
20250821_010918,randomized_algorithm,random,490,12073,"{'p': 0.1, 'seed': 42}",duolingo_super,2871.17,2.374957999563776,True,0,,
20250821_010918,randomized_algorithm,random,510,13054,"{'p': 0.1, 'seed': 42}",duolingo_super,3031.01,2.526256997953169,True,0,,
20250821_010918,randomized_algorithm,random,530,14070,"{'p': 0.1, 'seed': 42}",duolingo_super,3301.5800000000004,2.778995993139688,True,0,,
20250821_010918,randomized_algorithm,random,550,15147,"{'p': 0.1, 'seed': 42}",duolingo_super,3232.82,2.8018709999741986,True,0,,
20250821_010918,randomized_algorithm,random,570,16242,"{'p': 0.1, 'seed': 42}",duolingo_super,3405.46,3.1281780029530637,True,0,,
20250821_010918,randomized_algorithm,random,590,17437,"{'p': 0.1, 'seed': 42}",duolingo_super,3533.75,3.29186899762135,True,0,,
20250821_010918,randomized_algorithm,random,610,18614,"{'p': 0.1, 'seed': 42}",duolingo_super,3609.65,3.485531000478659,True,0,,
20250821_010918,randomized_algorithm,random,630,19860,"{'p': 0.1, 'seed': 42}",duolingo_super,3742.7000000000003,3.6181600007694215,True,0,,
20250821_010918,randomized_algorithm,random,650,21118,"{'p': 0.1, 'seed': 42}",duolingo_super,3783.48,3.8454589957837015,True,0,,
20250821_010918,randomized_algorithm,random,670,22424,"{'p': 0.1, 'seed': 42}",duolingo_super,3906.11,3.6896259989589453,True,0,,
20250821_010918,randomized_algorithm,random,690,23815,"{'p': 0.1, 'seed': 42}",duolingo_super,4101.97,4.180746000201907,True,0,,
20250821_010918,randomized_algorithm,random,710,25210,"{'p': 0.1, 'seed': 42}",duolingo_super,4093.9300000000003,4.336592995969113,True,0,,
20250821_010918,randomized_algorithm,random,730,26570,"{'p': 0.1, 'seed': 42}",duolingo_super,4167.45,4.368501999124419,True,0,,
20250821_010918,randomized_algorithm,random,750,28065,"{'p': 0.1, 'seed': 42}",duolingo_super,4369.26,4.799474998435471,True,0,,
20250821_010918,randomized_algorithm,random,770,29598,"{'p': 0.1, 'seed': 42}",duolingo_super,4485.9400000000005,5.141980996995699,True,0,,
20250821_010918,randomized_algorithm,random,790,31177,"{'p': 0.1, 'seed': 42}",duolingo_super,4498.740000000001,5.5381470010615885,True,0,,
20250821_010918,randomized_algorithm,random,810,32778,"{'p': 0.1, 'seed': 42}",duolingo_super,4720.490000000001,5.620743002509698,True,0,,
20250821_010918,randomized_algorithm,random,830,34379,"{'p': 0.1, 'seed': 42}",duolingo_super,4687.75,6.143865000922233,True,0,,
20250821_010918,randomized_algorithm,random,850,36107,"{'p': 0.1, 'seed': 42}",duolingo_super,4859.2,6.797269001253881,True,0,,
20250821_010918,randomized_algorithm,random,870,37776,"{'p': 0.1, 'seed': 42}",duolingo_super,5005.05,7.258108998939861,True,0,,
20250821_010918,randomized_algorithm,random,890,39565,"{'p': 0.1, 'seed': 42}",duolingo_super,5119.35,7.367455997155048,True,0,,
20250821_010918,randomized_algorithm,random,910,41408,"{'p': 0.1, 'seed': 42}",duolingo_super,5415.81,7.422282003972214,True,0,,
20250821_010918,randomized_algorithm,random,930,43243,"{'p': 0.1, 'seed': 42}",duolingo_super,5110.12,8.67483999900287,True,0,,
20250821_010918,randomized_algorithm,random,950,45065,"{'p': 0.1, 'seed': 42}",duolingo_super,5363.42,8.373563003260642,True,0,,
20250821_010918,randomized_algorithm,random,970,46973,"{'p': 0.1, 'seed': 42}",duolingo_super,5511.360000000001,8.41144600417465,True,0,,
20250821_010918,randomized_algorithm,random,990,48936,"{'p': 0.1, 'seed': 42}",duolingo_super,5488.14,9.267112996894866,True,0,,
20250821_010918,randomized_algorithm,scale_free,10,16,"{'m': 2, 'seed': 42}",duolingo_super,85.13,0.06141100311651826,True,0,,
20250821_010918,randomized_algorithm,scale_free,30,56,"{'m': 2, 'seed': 42}",duolingo_super,313.73,0.10521100193727762,True,0,,
20250821_010918,randomized_algorithm,scale_free,50,96,"{'m': 2, 'seed': 42}",duolingo_super,555.13,0.1442499997210689,True,0,,
20250821_010918,randomized_algorithm,scale_free,70,136,"{'m': 2, 'seed': 42}",duolingo_super,789.39,0.21330000163288787,True,0,,
20250821_010918,randomized_algorithm,scale_free,90,176,"{'m': 2, 'seed': 42}",duolingo_super,1040.31,0.21708800341002643,True,0,,
20250821_010918,randomized_algorithm,scale_free,110,216,"{'m': 2, 'seed': 42}",duolingo_super,1228.13,0.24926799960667267,True,0,,
20250821_010918,randomized_algorithm,scale_free,130,256,"{'m': 2, 'seed': 42}",duolingo_super,1406.43,0.31005500204628333,True,0,,
20250821_010918,randomized_algorithm,scale_free,150,296,"{'m': 2, 'seed': 42}",duolingo_super,1679.38,0.30760999652557075,True,0,,
20250821_010918,randomized_algorithm,scale_free,170,336,"{'m': 2, 'seed': 42}",duolingo_super,1933.5800000000002,0.3250340014346875,True,0,,
20250821_010918,randomized_algorithm,scale_free,190,376,"{'m': 2, 'seed': 42}",duolingo_super,2037.46,0.40361200080951676,True,0,,
20250821_010918,randomized_algorithm,scale_free,210,416,"{'m': 2, 'seed': 42}",duolingo_super,2344.05,0.6142679994809441,True,0,,
20250821_010918,randomized_algorithm,scale_free,230,456,"{'m': 2, 'seed': 42}",duolingo_super,2455.07,0.4162760014878586,True,0,,
20250821_010918,randomized_algorithm,scale_free,250,496,"{'m': 2, 'seed': 42}",duolingo_super,2835.1800000000003,0.49017000128515065,True,0,,
20250821_010918,randomized_algorithm,scale_free,270,536,"{'m': 2, 'seed': 42}",duolingo_super,3090.57,0.5455150021589361,True,0,,
20250821_010918,randomized_algorithm,scale_free,290,576,"{'m': 2, 'seed': 42}",duolingo_super,3299.23,0.5947870013187639,True,0,,
20250821_010918,randomized_algorithm,scale_free,310,616,"{'m': 2, 'seed': 42}",duolingo_super,3415.9100000000003,0.6366620000335388,True,0,,
20250821_010918,randomized_algorithm,scale_free,330,656,"{'m': 2, 'seed': 42}",duolingo_super,3648.08,0.6476220005424693,True,0,,
20250821_010918,randomized_algorithm,scale_free,350,696,"{'m': 2, 'seed': 42}",duolingo_super,3896.33,2.3815759996068664,True,0,,
20250821_010918,randomized_algorithm,scale_free,370,736,"{'m': 2, 'seed': 42}",duolingo_super,4087.7200000000003,2.412338995782193,True,0,,
20250821_010918,randomized_algorithm,scale_free,390,776,"{'m': 2, 'seed': 42}",duolingo_super,4249.9400000000005,2.2338060007314198,True,0,,
20250821_010918,randomized_algorithm,scale_free,410,816,"{'m': 2, 'seed': 42}",duolingo_super,4672.02,3.4267770024598576,True,0,,
20250821_010918,randomized_algorithm,scale_free,430,856,"{'m': 2, 'seed': 42}",duolingo_super,4679.16,2.4500609943061136,True,0,,
20250821_010918,randomized_algorithm,scale_free,450,896,"{'m': 2, 'seed': 42}",duolingo_super,5082.49,2.4153390040737577,True,0,,
20250821_010918,randomized_algorithm,scale_free,470,936,"{'m': 2, 'seed': 42}",duolingo_super,5137.55,0.8918759995140135,True,0,,
20250821_010918,randomized_algorithm,scale_free,490,976,"{'m': 2, 'seed': 42}",duolingo_super,5502.1900000000005,0.8863449984346516,True,0,,
20250821_010918,randomized_algorithm,scale_free,510,1016,"{'m': 2, 'seed': 42}",duolingo_super,5840.62,0.9358559982501902,True,0,,
20250821_010918,randomized_algorithm,scale_free,530,1056,"{'m': 2, 'seed': 42}",duolingo_super,5737.93,0.948781002080068,True,0,,
20250821_010918,randomized_algorithm,scale_free,550,1096,"{'m': 2, 'seed': 42}",duolingo_super,6159.110000000001,0.9693530009826645,True,0,,
20250821_010918,randomized_algorithm,scale_free,570,1136,"{'m': 2, 'seed': 42}",duolingo_super,6199.89,1.0063800000352785,True,0,,
20250821_010918,randomized_algorithm,scale_free,590,1176,"{'m': 2, 'seed': 42}",duolingo_super,6493.97,1.0186910003540106,True,0,,
20250821_010918,randomized_algorithm,scale_free,610,1216,"{'m': 2, 'seed': 42}",duolingo_super,6791.04,1.103350004996173,True,0,,
20250821_010918,randomized_algorithm,scale_free,630,1256,"{'m': 2, 'seed': 42}",duolingo_super,7059.52,1.0934500023722649,True,0,,
20250821_010918,randomized_algorithm,scale_free,650,1296,"{'m': 2, 'seed': 42}",duolingo_super,7303.01,1.1289419999229722,True,0,,
20250821_010918,randomized_algorithm,scale_free,670,1336,"{'m': 2, 'seed': 42}",duolingo_super,7355.6900000000005,1.140796004619915,True,0,,
20250821_010918,randomized_algorithm,scale_free,690,1376,"{'m': 2, 'seed': 42}",duolingo_super,7514.34,1.1749149998649955,True,0,,
20250821_010918,randomized_algorithm,scale_free,710,1416,"{'m': 2, 'seed': 42}",duolingo_super,7768.54,1.1935289949178696,True,0,,
20250821_010918,randomized_algorithm,scale_free,730,1456,"{'m': 2, 'seed': 42}",duolingo_super,8191.81,1.2514469999587163,True,0,,
20250821_010918,randomized_algorithm,scale_free,750,1496,"{'m': 2, 'seed': 42}",duolingo_super,8276.94,1.3108869970892556,True,0,,
20250821_010918,randomized_algorithm,scale_free,770,1536,"{'m': 2, 'seed': 42}",duolingo_super,8553.460000000001,1.3517379993572831,True,0,,
20250821_010918,randomized_algorithm,scale_free,790,1576,"{'m': 2, 'seed': 42}",duolingo_super,8715.39,1.3464279982144944,True,0,,
20250821_010918,randomized_algorithm,scale_free,810,1616,"{'m': 2, 'seed': 42}",duolingo_super,8820.460000000001,1.4334499937831424,True,0,,
20250821_010918,randomized_algorithm,scale_free,830,1656,"{'m': 2, 'seed': 42}",duolingo_super,9334.52,1.4705279972986318,True,0,,
20250821_010918,randomized_algorithm,scale_free,850,1696,"{'m': 2, 'seed': 42}",duolingo_super,9426.79,1.4728559981449507,True,0,,
20250821_010918,randomized_algorithm,scale_free,870,1736,"{'m': 2, 'seed': 42}",duolingo_super,9608.66,1.5530239979852922,True,0,,
20250821_010918,randomized_algorithm,scale_free,890,1776,"{'m': 2, 'seed': 42}",duolingo_super,9866.43,1.6131760057760403,True,0,,
20250821_010918,randomized_algorithm,scale_free,910,1816,"{'m': 2, 'seed': 42}",duolingo_super,9920.59,1.6207180015044287,True,0,,
20250821_010918,randomized_algorithm,scale_free,930,1856,"{'m': 2, 'seed': 42}",duolingo_super,10201.58,1.6670639961375855,True,0,,
20250821_010918,randomized_algorithm,scale_free,950,1896,"{'m': 2, 'seed': 42}",duolingo_super,10407.57,1.757472004101146,True,0,,
20250821_010918,randomized_algorithm,scale_free,970,1936,"{'m': 2, 'seed': 42}",duolingo_super,10626.94,1.7563669971423224,True,0,,
20250821_010918,randomized_algorithm,scale_free,990,1976,"{'m': 2, 'seed': 42}",duolingo_super,10921.92,1.7367770051350817,True,0,,
20250821_010918,randomized_algorithm,small_world,10,30,"{'k': 6, 'p': 0.05, 'seed': 42}",duolingo_super,86.32000000000001,0.07085499964887276,True,0,,
20250821_010918,randomized_algorithm,small_world,30,90,"{'k': 6, 'p': 0.05, 'seed': 42}",duolingo_super,258.96000000000004,0.1120670058298856,True,0,,
20250821_010918,randomized_algorithm,small_world,50,150,"{'k': 6, 'p': 0.05, 'seed': 42}",duolingo_super,348.85,0.13743100134888664,True,0,,
20250821_010918,randomized_algorithm,small_world,70,210,"{'k': 6, 'p': 0.05, 'seed': 42}",duolingo_super,450.35,0.16692899953341112,True,0,,
20250821_010918,randomized_algorithm,small_world,90,270,"{'k': 6, 'p': 0.05, 'seed': 42}",duolingo_super,650.97,0.19443799828877673,True,0,,
20250821_010918,randomized_algorithm,small_world,110,330,"{'k': 6, 'p': 0.05, 'seed': 42}",duolingo_super,753.6600000000001,0.23037599748931825,True,0,,
20250821_010918,randomized_algorithm,small_world,130,390,"{'k': 6, 'p': 0.05, 'seed': 42}",duolingo_super,940.2900000000001,0.28312799986451864,True,0,,
20250821_010918,randomized_algorithm,small_world,150,450,"{'k': 6, 'p': 0.05, 'seed': 42}",duolingo_super,1110.55,0.3452890014159493,True,0,,
20250821_010918,randomized_algorithm,small_world,170,510,"{'k': 6, 'p': 0.05, 'seed': 42}",duolingo_super,1243.6000000000001,0.35000099887838587,True,0,,
20250821_010918,randomized_algorithm,small_world,190,570,"{'k': 6, 'p': 0.05, 'seed': 42}",duolingo_super,1398.68,0.34412700188113376,True,0,,
20250821_010918,randomized_algorithm,small_world,210,630,"{'k': 6, 'p': 0.05, 'seed': 42}",duolingo_super,1486.19,0.41510200389893726,True,0,,
20250821_010918,randomized_algorithm,small_world,230,690,"{'k': 6, 'p': 0.05, 'seed': 42}",duolingo_super,1532.92,0.4435959999682382,True,0,,
20250821_010918,randomized_algorithm,small_world,250,750,"{'k': 6, 'p': 0.05, 'seed': 42}",duolingo_super,1903.8000000000002,0.4546210038824938,True,0,,
20250821_010918,randomized_algorithm,small_world,270,810,"{'k': 6, 'p': 0.05, 'seed': 42}",duolingo_super,1824.6200000000001,0.5090269987704232,True,0,,
20250821_010918,randomized_algorithm,small_world,290,870,"{'k': 6, 'p': 0.05, 'seed': 42}",duolingo_super,2169.9,0.532792997546494,True,0,,
20250821_010918,randomized_algorithm,small_world,310,930,"{'k': 6, 'p': 0.05, 'seed': 42}",duolingo_super,2163.9500000000003,0.656259995594155,True,0,,
20250821_010918,randomized_algorithm,small_world,330,990,"{'k': 6, 'p': 0.05, 'seed': 42}",duolingo_super,2338.9700000000003,2.254164995974861,True,0,,
20250821_010918,randomized_algorithm,small_world,350,1050,"{'k': 6, 'p': 0.05, 'seed': 42}",duolingo_super,2554.77,2.2478470054920763,True,0,,
20250821_010918,randomized_algorithm,small_world,370,1110,"{'k': 6, 'p': 0.05, 'seed': 42}",duolingo_super,2574.71,2.2906320009496994,True,0,,
20250821_010918,randomized_algorithm,small_world,390,1170,"{'k': 6, 'p': 0.05, 'seed': 42}",duolingo_super,2797.36,0.7279759956873022,True,0,,
20250821_010918,randomized_algorithm,small_world,410,1230,"{'k': 6, 'p': 0.05, 'seed': 42}",duolingo_super,2970.0,0.7762969980831258,True,0,,
20250821_010918,randomized_algorithm,small_world,430,1290,"{'k': 6, 'p': 0.05, 'seed': 42}",duolingo_super,2925.94,0.8391759984078817,True,0,,
20250821_010918,randomized_algorithm,small_world,450,1350,"{'k': 6, 'p': 0.05, 'seed': 42}",duolingo_super,3148.59,0.8859029985615052,True,0,,
20250821_010918,randomized_algorithm,small_world,470,1410,"{'k': 6, 'p': 0.05, 'seed': 42}",duolingo_super,3314.09,0.977456002146937,True,0,,
20250821_010918,randomized_algorithm,small_world,490,1470,"{'k': 6, 'p': 0.05, 'seed': 42}",duolingo_super,3509.05,1.0051480057882145,True,0,,
20250821_010918,randomized_algorithm,small_world,510,1530,"{'k': 6, 'p': 0.05, 'seed': 42}",duolingo_super,3555.78,1.0284200034220703,True,0,,
20250821_010918,randomized_algorithm,small_world,530,1590,"{'k': 6, 'p': 0.05, 'seed': 42}",duolingo_super,3588.52,1.0645689981174655,True,0,,
20250821_010918,randomized_algorithm,small_world,550,1650,"{'k': 6, 'p': 0.05, 'seed': 42}",duolingo_super,3952.26,1.1448669974924996,True,0,,
20250821_010918,randomized_algorithm,small_world,570,1710,"{'k': 6, 'p': 0.05, 'seed': 42}",duolingo_super,3936.1800000000003,1.0949040006380528,True,0,,
20250821_010918,randomized_algorithm,small_world,590,1770,"{'k': 6, 'p': 0.05, 'seed': 42}",duolingo_super,4195.14,1.2393299984978512,True,0,,
20250821_010918,randomized_algorithm,small_world,610,1830,"{'k': 6, 'p': 0.05, 'seed': 42}",duolingo_super,4569.3,1.1489519965834916,True,0,,
20250821_010918,randomized_algorithm,small_world,630,1890,"{'k': 6, 'p': 0.05, 'seed': 42}",duolingo_super,4417.79,1.25714999740012,True,0,,
20250821_010918,randomized_algorithm,small_world,650,1950,"{'k': 6, 'p': 0.05, 'seed': 42}",duolingo_super,4560.070000000001,1.2699819999397732,True,0,,
20250821_010918,randomized_algorithm,small_world,670,2010,"{'k': 6, 'p': 0.05, 'seed': 42}",duolingo_super,4817.84,1.3269729970488697,True,0,,
20250821_010918,randomized_algorithm,small_world,690,2070,"{'k': 6, 'p': 0.05, 'seed': 42}",duolingo_super,5027.9800000000005,1.1941339980694465,True,0,,
20250821_010918,randomized_algorithm,small_world,710,2130,"{'k': 6, 'p': 0.05, 'seed': 42}",duolingo_super,5039.59,1.2295560009079054,True,0,,
20250821_010918,randomized_algorithm,small_world,730,2190,"{'k': 6, 'p': 0.05, 'seed': 42}",duolingo_super,5453.63,1.3453909996314906,True,0,,
20250821_010918,randomized_algorithm,small_world,750,2250,"{'k': 6, 'p': 0.05, 'seed': 42}",duolingo_super,5249.7300000000005,1.3372270041145384,True,0,,
20250821_010918,randomized_algorithm,small_world,770,2310,"{'k': 6, 'p': 0.05, 'seed': 42}",duolingo_super,5381.3,1.400770001055207,True,0,,
20250821_010918,randomized_algorithm,small_world,790,2370,"{'k': 6, 'p': 0.05, 'seed': 42}",duolingo_super,5601.860000000001,1.4291709958342835,True,0,,
20250821_010918,randomized_algorithm,small_world,810,2430,"{'k': 6, 'p': 0.05, 'seed': 42}",duolingo_super,5744.14,1.3527880000765435,True,0,,
20250821_010918,randomized_algorithm,small_world,830,2490,"{'k': 6, 'p': 0.05, 'seed': 42}",duolingo_super,6029.89,1.474290002079215,True,0,,
20250821_010918,randomized_algorithm,small_world,850,2550,"{'k': 6, 'p': 0.05, 'seed': 42}",duolingo_super,6073.05,1.4838930001133122,True,0,,
20250821_010918,randomized_algorithm,small_world,870,2610,"{'k': 6, 'p': 0.05, 'seed': 42}",duolingo_super,6034.650000000001,1.5109239975572564,True,0,,
20250821_010918,randomized_algorithm,small_world,890,2670,"{'k': 6, 'p': 0.05, 'seed': 42}",duolingo_super,6268.3,2.4547450011596084,True,0,,
20250821_010918,randomized_algorithm,small_world,910,2730,"{'k': 6, 'p': 0.05, 'seed': 42}",duolingo_super,6385.88,2.032433003478218,True,0,,
20250821_010918,randomized_algorithm,small_world,930,2790,"{'k': 6, 'p': 0.05, 'seed': 42}",duolingo_super,6623.71,1.5909930007182993,True,0,,
20250821_010918,randomized_algorithm,small_world,950,2850,"{'k': 6, 'p': 0.05, 'seed': 42}",duolingo_super,6860.64,1.7666330022620969,True,0,,
20250821_010918,randomized_algorithm,small_world,970,2910,"{'k': 6, 'p': 0.05, 'seed': 42}",duolingo_super,6907.37,1.82291599776363,True,0,,
20250821_010918,randomized_algorithm,small_world,990,2970,"{'k': 6, 'p': 0.05, 'seed': 42}",duolingo_super,7064.83,1.8593279964989051,True,0,,
