run_id,algorithm,graph,n_nodes,n_edges,graph_params,license_config,total_cost,time_ms,valid,issues,image_path,notes
20250821_010918,simulated_annealing,random,10,9,"{'p': 0.1, 'seed': 42}",spotify,130.96,43.71234300197102,True,0,,
20250821_010918,simulated_annealing,random,30,43,"{'p': 0.1, 'seed': 42}",spotify,378.88,92.56238800298888,True,0,,
20250821_010918,simulated_annealing,random,50,120,"{'p': 0.1, 'seed': 42}",spotify,550.8199999999999,112.24665899499087,True,0,,
20250821_010918,simulated_annealing,random,70,228,"{'p': 0.1, 'seed': 42}",spotify,658.8100000000001,156.54856299806852,True,0,,
20250821_010918,simulated_annealing,random,90,380,"{'p': 0.1, 'seed': 42}",spotify,858.75,178.66411399882054,True,0,,
20250821_010918,simulated_annealing,random,110,581,"{'p': 0.1, 'seed': 42}",spotify,961.71,229.91986999841174,True,0,,
20250821_010918,simulated_annealing,random,130,819,"{'p': 0.1, 'seed': 42}",spotify,1106.67,289.4180970033631,True,0,,
20250821_010918,simulated_annealing,random,150,1103,"{'p': 0.1, 'seed': 42}",spotify,1306.6100000000001,340.1937930029817,True,0,,
20250821_010918,simulated_annealing,random,170,1395,"{'p': 0.1, 'seed': 42}",spotify,1458.57,408.1076399961603,True,0,,
20250821_010918,simulated_annealing,random,190,1776,"{'p': 0.1, 'seed': 42}",spotify,1531.56,466.1562179971952,True,0,,
20250821_010918,simulated_annealing,random,210,2175,"{'p': 0.1, 'seed': 42}",spotify,1721.51,539.0309799986426,True,0,,
20250821_010918,simulated_annealing,random,230,2619,"{'p': 0.1, 'seed': 42}",spotify,1780.5,567.8658060060116,True,0,,
20250821_010918,simulated_annealing,random,250,3084,"{'p': 0.1, 'seed': 42}",spotify,1939.46,650.6051870019292,True,0,,
20250821_010918,simulated_annealing,random,270,3590,"{'p': 0.1, 'seed': 42}",spotify,2070.42,727.5637659986387,True,0,,
20250821_010918,simulated_annealing,random,290,4163,"{'p': 0.1, 'seed': 42}",spotify,2214.36,695.3392029972747,True,0,,
20250821_010918,simulated_annealing,random,310,4788,"{'p': 0.1, 'seed': 42}",spotify,2332.34,851.6333869993105,True,0,,
20250821_010918,simulated_annealing,random,330,5428,"{'p': 0.1, 'seed': 42}",spotify,2532.28,910.3615709973383,True,0,,
20250821_010918,simulated_annealing,random,350,6131,"{'p': 0.1, 'seed': 42}",spotify,2595.28,973.007508997398,True,0,,
20250821_010918,simulated_annealing,random,370,6883,"{'p': 0.1, 'seed': 42}",spotify,2692.26,1025.0769249978475,True,0,,
20250821_010918,simulated_annealing,random,390,7676,"{'p': 0.1, 'seed': 42}",spotify,2840.21,1092.5070910016075,True,0,,
20250821_010918,simulated_annealing,random,410,8433,"{'p': 0.1, 'seed': 42}",spotify,2906.2000000000003,1225.0564370042412,True,0,,
20250821_010918,simulated_annealing,random,430,9286,"{'p': 0.1, 'seed': 42}",spotify,3092.1400000000003,1164.4988190018921,True,0,,
20250821_010918,simulated_annealing,random,450,10158,"{'p': 0.1, 'seed': 42}",spotify,3155.1400000000003,1297.028216002218,True,0,,
20250821_010918,simulated_annealing,random,470,11119,"{'p': 0.1, 'seed': 42}",spotify,3375.06,1291.1336699980893,True,0,,
20250821_010918,simulated_annealing,random,490,12073,"{'p': 0.1, 'seed': 42}",spotify,3527.02,1363.3222720018239,True,0,,
20250821_010918,simulated_annealing,random,510,13054,"{'p': 0.1, 'seed': 42}",spotify,3631.0,1409.588866001286,True,0,,
20250821_010918,simulated_annealing,random,530,14070,"{'p': 0.1, 'seed': 42}",spotify,3751.9700000000003,1464.9600439952337,True,0,,
20250821_010918,simulated_annealing,random,550,15147,"{'p': 0.1, 'seed': 42}",spotify,3793.9700000000003,1493.70795100549,True,0,,
20250821_010918,simulated_annealing,random,570,16242,"{'p': 0.1, 'seed': 42}",spotify,4068.8700000000003,1713.9509430053295,True,0,,
20250821_010918,simulated_annealing,random,590,17437,"{'p': 0.1, 'seed': 42}",spotify,4093.88,1835.1066980030737,True,0,,
20250821_010918,simulated_annealing,random,610,18614,"{'p': 0.1, 'seed': 42}",spotify,4286.820000000001,1822.0503570046276,True,0,,
20250821_010918,simulated_annealing,random,630,19860,"{'p': 0.1, 'seed': 42}",spotify,4342.820000000001,1865.647208003793,True,0,,
20250821_010918,simulated_annealing,random,650,21118,"{'p': 0.1, 'seed': 42}",spotify,4470.79,1927.9094000012265,True,0,,
20250821_010918,simulated_annealing,random,670,22424,"{'p': 0.1, 'seed': 42}",spotify,4619.76,2086.8332359968917,True,0,,
20250821_010918,simulated_annealing,random,690,23815,"{'p': 0.1, 'seed': 42}",spotify,4715.72,2359.5396200034884,True,0,,
20250821_010918,simulated_annealing,random,710,25210,"{'p': 0.1, 'seed': 42}",spotify,4887.66,2215.2145910004037,True,0,,
20250821_010918,simulated_annealing,random,730,26570,"{'p': 0.1, 'seed': 42}",spotify,4957.66,2266.67379400169,True,0,,
20250821_010918,simulated_annealing,random,750,28065,"{'p': 0.1, 'seed': 42}",spotify,5133.610000000001,2302.465086999291,True,0,,
20250821_010918,simulated_annealing,random,770,29598,"{'p': 0.1, 'seed': 42}",spotify,5247.58,2535.2741140013677,True,0,,
20250821_010918,simulated_annealing,random,790,31177,"{'p': 0.1, 'seed': 42}",spotify,5282.58,2669.4803689970286,True,0,,
20250821_010918,simulated_annealing,random,810,32778,"{'p': 0.1, 'seed': 42}",spotify,5492.51,2766.7733089983813,True,0,,
20250821_010918,simulated_annealing,random,830,34379,"{'p': 0.1, 'seed': 42}",spotify,5685.45,2784.653884002182,True,0,,
20250821_010918,simulated_annealing,random,850,36107,"{'p': 0.1, 'seed': 42}",spotify,5628.5,2940.006901000743,True,0,,
20250821_010918,simulated_annealing,random,870,37776,"{'p': 0.1, 'seed': 42}",spotify,5893.41,2935.1975610043155,True,0,,
20250821_010918,simulated_annealing,random,890,39565,"{'p': 0.1, 'seed': 42}",spotify,6010.37,3143.3765669935383,True,0,,
20250821_010918,simulated_annealing,random,910,41408,"{'p': 0.1, 'seed': 42}",spotify,6197.33,3359.256223993725,True,0,,
20250821_010918,simulated_annealing,random,930,43243,"{'p': 0.1, 'seed': 42}",spotify,6221.320000000001,3172.4948850023793,True,0,,
20250821_010918,simulated_annealing,random,950,45065,"{'p': 0.1, 'seed': 42}",spotify,6404.27,3340.557515999535,True,0,,
20250821_010918,simulated_annealing,random,970,46973,"{'p': 0.1, 'seed': 42}",spotify,6504.240000000001,3601.2862999996287,True,0,,
20250821_010918,simulated_annealing,random,990,48936,"{'p': 0.1, 'seed': 42}",spotify,6660.21,3563.2350180021604,True,0,,
20250821_010918,simulated_annealing,scale_free,10,16,"{'m': 2, 'seed': 42}",spotify,75.98,58.41205600154353,True,0,,
20250821_010918,simulated_annealing,scale_free,30,56,"{'m': 2, 'seed': 42}",spotify,299.90999999999997,99.5520740034408,True,0,,
20250821_010918,simulated_annealing,scale_free,50,96,"{'m': 2, 'seed': 42}",spotify,530.84,120.71438699786086,True,0,,
20250821_010918,simulated_annealing,scale_free,70,136,"{'m': 2, 'seed': 42}",spotify,857.73,152.8401510004187,True,0,,
20250821_010918,simulated_annealing,scale_free,90,176,"{'m': 2, 'seed': 42}",spotify,992.7,189.05350499699125,True,0,,
20250821_010918,simulated_annealing,scale_free,110,216,"{'m': 2, 'seed': 42}",spotify,1367.57,224.71263600164093,True,0,,
20250821_010918,simulated_annealing,scale_free,130,256,"{'m': 2, 'seed': 42}",spotify,1580.49,258.0021649991977,True,0,,
20250821_010918,simulated_annealing,scale_free,150,296,"{'m': 2, 'seed': 42}",spotify,2128.25,287.950006997562,True,0,,
20250821_010918,simulated_annealing,scale_free,170,336,"{'m': 2, 'seed': 42}",spotify,2413.14,338.229927001521,True,0,,
20250821_010918,simulated_annealing,scale_free,190,376,"{'m': 2, 'seed': 42}",spotify,2620.08,381.72285999462474,True,0,,
20250821_010918,simulated_annealing,scale_free,210,416,"{'m': 2, 'seed': 42}",spotify,2963.96,429.29099799948744,True,0,,
20250821_010918,simulated_annealing,scale_free,230,456,"{'m': 2, 'seed': 42}",spotify,3201.89,460.26000200072303,True,0,,
20250821_010918,simulated_annealing,scale_free,250,496,"{'m': 2, 'seed': 42}",spotify,3439.8199999999997,515.1013290014816,True,0,,
20250821_010918,simulated_annealing,scale_free,270,536,"{'m': 2, 'seed': 42}",spotify,3632.7599999999998,569.4424430039362,True,0,,
20250821_010918,simulated_annealing,scale_free,290,576,"{'m': 2, 'seed': 42}",spotify,3914.66,627.069540998491,True,0,,
20250821_010918,simulated_annealing,scale_free,310,616,"{'m': 2, 'seed': 42}",spotify,4237.54,701.3102249984513,True,0,,
20250821_010918,simulated_annealing,scale_free,330,656,"{'m': 2, 'seed': 42}",spotify,4441.49,714.866695998353,True,0,,
20250821_010918,simulated_annealing,scale_free,350,696,"{'m': 2, 'seed': 42}",spotify,4716.39,784.4638329988811,True,0,,
20250821_010918,simulated_annealing,scale_free,370,736,"{'m': 2, 'seed': 42}",spotify,4922.3099999999995,846.0709569990286,True,0,,
20250821_010918,simulated_annealing,scale_free,390,776,"{'m': 2, 'seed': 42}",spotify,5204.21,921.097220001684,True,0,,
20250821_010918,simulated_annealing,scale_free,410,816,"{'m': 2, 'seed': 42}",spotify,5445.13,973.7717030002386,True,0,,
20250821_010918,simulated_annealing,scale_free,430,856,"{'m': 2, 'seed': 42}",spotify,5724.04,1131.7738969955826,True,0,,
20250821_010918,simulated_annealing,scale_free,450,896,"{'m': 2, 'seed': 42}",spotify,6046.92,1034.560154999781,True,0,,
20250821_010918,simulated_annealing,scale_free,470,936,"{'m': 2, 'seed': 42}",spotify,6317.8099999999995,1125.0432669985457,True,0,,
20250821_010918,simulated_annealing,scale_free,490,976,"{'m': 2, 'seed': 42}",spotify,6619.69,1203.8650879985653,True,0,,
20250821_010918,simulated_annealing,scale_free,510,1016,"{'m': 2, 'seed': 42}",spotify,6939.58,1272.3773199977586,True,0,,
20250821_010918,simulated_annealing,scale_free,530,1056,"{'m': 2, 'seed': 42}",spotify,7252.47,1309.0110140037723,True,0,,
20250821_010918,simulated_annealing,scale_free,550,1096,"{'m': 2, 'seed': 42}",spotify,7616.33,1374.4212510064244,True,0,,
20250821_010918,simulated_annealing,scale_free,570,1136,"{'m': 2, 'seed': 42}",spotify,7867.24,1365.487757997471,True,0,,
20250821_010918,simulated_annealing,scale_free,590,1176,"{'m': 2, 'seed': 42}",spotify,8186.11,1376.5663000012864,True,0,,
20250821_010918,simulated_annealing,scale_free,610,1216,"{'m': 2, 'seed': 42}",spotify,8430.02,1430.0238370051375,True,0,,
20250821_010918,simulated_annealing,scale_free,630,1256,"{'m': 2, 'seed': 42}",spotify,8752.9,1390.049611996801,True,0,,
20250821_010918,simulated_annealing,scale_free,650,1296,"{'m': 2, 'seed': 42}",spotify,9003.81,1464.7437879975769,True,0,,
20250821_010918,simulated_annealing,scale_free,670,1336,"{'m': 2, 'seed': 42}",spotify,9285.71,1536.019845996634,True,0,,
20250821_010918,simulated_annealing,scale_free,690,1376,"{'m': 2, 'seed': 42}",spotify,9564.619999999999,1549.4017469973187,True,0,,
20250821_010918,simulated_annealing,scale_free,710,1416,"{'m': 2, 'seed': 42}",spotify,9942.48,1690.5080579963396,True,0,,
20250821_010918,simulated_annealing,scale_free,730,1456,"{'m': 2, 'seed': 42}",spotify,10169.4,1651.1071549975895,True,0,,
20250821_010918,simulated_annealing,scale_free,750,1496,"{'m': 2, 'seed': 42}",spotify,10383.34,1699.6999210023205,True,0,,
20250821_010918,simulated_annealing,scale_free,770,1536,"{'m': 2, 'seed': 42}",spotify,10637.24,1666.097073997662,True,0,,
20250821_010918,simulated_annealing,scale_free,790,1576,"{'m': 2, 'seed': 42}",spotify,11115.07,1741.7320500026108,True,0,,
20250821_010918,simulated_annealing,scale_free,810,1616,"{'m': 2, 'seed': 42}",spotify,11308.01,1734.0472619980574,True,0,,
20250821_010918,simulated_annealing,scale_free,830,1656,"{'m': 2, 'seed': 42}",spotify,11576.93,1820.282902001054,True,0,,
20250821_010918,simulated_annealing,scale_free,850,1696,"{'m': 2, 'seed': 42}",spotify,11933.789999999999,1846.22933799983,True,0,,
20250821_010918,simulated_annealing,scale_free,870,1736,"{'m': 2, 'seed': 42}",spotify,12137.74,1825.8445729952655,True,0,,
20250821_010918,simulated_annealing,scale_free,890,1776,"{'m': 2, 'seed': 42}",spotify,12388.65,1850.0663550003082,True,0,,
20250821_010918,simulated_annealing,scale_free,910,1816,"{'m': 2, 'seed': 42}",spotify,12554.61,1873.5094990042853,True,0,,
20250821_010918,simulated_annealing,scale_free,930,1856,"{'m': 2, 'seed': 42}",spotify,12795.529999999999,2037.8620990013587,True,0,,
20250821_010918,simulated_annealing,scale_free,950,1896,"{'m': 2, 'seed': 42}",spotify,12967.47,2038.7528869978269,True,0,,
20250821_010918,simulated_annealing,scale_free,970,1936,"{'m': 2, 'seed': 42}",spotify,13249.369999999999,2038.054493998061,True,0,,
20250821_010918,simulated_annealing,scale_free,990,1976,"{'m': 2, 'seed': 42}",spotify,13511.289999999999,2045.7177249991219,True,0,,
20250821_010918,simulated_annealing,small_world,10,30,"{'k': 6, 'p': 0.05, 'seed': 42}",spotify,75.98,40.2028709941078,True,0,,
20250821_010918,simulated_annealing,small_world,30,90,"{'k': 6, 'p': 0.05, 'seed': 42}",spotify,220.94,80.39138599997386,True,0,,
20250821_010918,simulated_annealing,small_world,50,150,"{'k': 6, 'p': 0.05, 'seed': 42}",spotify,341.91,93.44377000525128,True,0,,
20250821_010918,simulated_annealing,small_world,70,210,"{'k': 6, 'p': 0.05, 'seed': 42}",spotify,524.86,122.05684200307587,True,0,,
20250821_010918,simulated_annealing,small_world,90,270,"{'k': 6, 'p': 0.05, 'seed': 42}",spotify,731.8000000000001,148.0867659993237,True,0,,
20250821_010918,simulated_annealing,small_world,110,330,"{'k': 6, 'p': 0.05, 'seed': 42}",spotify,869.76,188.6456909996923,True,0,,
20250821_010918,simulated_annealing,small_world,130,390,"{'k': 6, 'p': 0.05, 'seed': 42}",spotify,1049.72,223.54432199790608,True,0,,
20250821_010918,simulated_annealing,small_world,150,450,"{'k': 6, 'p': 0.05, 'seed': 42}",spotify,1359.6200000000001,265.12852599989856,True,0,,
20250821_010918,simulated_annealing,small_world,170,510,"{'k': 6, 'p': 0.05, 'seed': 42}",spotify,1504.5800000000002,296.87260200444143,True,0,,
20250821_010918,simulated_annealing,small_world,190,570,"{'k': 6, 'p': 0.05, 'seed': 42}",spotify,1618.55,349.07809300057124,True,0,,
20250821_010918,simulated_annealing,small_world,210,630,"{'k': 6, 'p': 0.05, 'seed': 42}",spotify,1794.5,409.1810079989955,True,0,,
20250821_010918,simulated_annealing,small_world,230,690,"{'k': 6, 'p': 0.05, 'seed': 42}",spotify,2056.42,424.2946849990403,True,0,,
20250821_010918,simulated_annealing,small_world,250,750,"{'k': 6, 'p': 0.05, 'seed': 42}",spotify,2242.36,477.22714499832364,True,0,,
20250821_010918,simulated_annealing,small_world,270,810,"{'k': 6, 'p': 0.05, 'seed': 42}",spotify,2402.34,494.0104479974252,True,0,,
20250821_010918,simulated_annealing,small_world,290,870,"{'k': 6, 'p': 0.05, 'seed': 42}",spotify,2560.28,594.7427089995472,True,0,,
20250821_010918,simulated_annealing,small_world,310,930,"{'k': 6, 'p': 0.05, 'seed': 42}",spotify,2708.23,642.8150559950154,True,0,,
20250821_010918,simulated_annealing,small_world,330,990,"{'k': 6, 'p': 0.05, 'seed': 42}",spotify,2875.21,700.8084600020084,True,0,,
20250821_010918,simulated_annealing,small_world,350,1050,"{'k': 6, 'p': 0.05, 'seed': 42}",spotify,3113.1400000000003,759.9911380020785,True,0,,
20250821_010918,simulated_annealing,small_world,370,1110,"{'k': 6, 'p': 0.05, 'seed': 42}",spotify,3244.1,812.8482940010144,True,0,,
20250821_010918,simulated_annealing,small_world,390,1170,"{'k': 6, 'p': 0.05, 'seed': 42}",spotify,3337.07,832.1795049996581,True,0,,
20250821_010918,simulated_annealing,small_world,410,1230,"{'k': 6, 'p': 0.05, 'seed': 42}",spotify,3603.0,920.122153002012,True,0,,
20250821_010918,simulated_annealing,small_world,430,1290,"{'k': 6, 'p': 0.05, 'seed': 42}",spotify,3864.92,1030.494794002152,True,0,,
20250821_010918,simulated_annealing,small_world,450,1350,"{'k': 6, 'p': 0.05, 'seed': 42}",spotify,4013.8900000000003,1012.616848005564,True,0,,
20250821_010918,simulated_annealing,small_world,470,1410,"{'k': 6, 'p': 0.05, 'seed': 42}",spotify,4244.82,1041.973990999395,True,0,,
20250821_010918,simulated_annealing,small_world,490,1470,"{'k': 6, 'p': 0.05, 'seed': 42}",spotify,4403.78,1077.3129330045776,True,0,,
20250821_010918,simulated_annealing,small_world,510,1530,"{'k': 6, 'p': 0.05, 'seed': 42}",spotify,4551.7300000000005,1189.3742639949778,True,0,,
20250821_010918,simulated_annealing,small_world,530,1590,"{'k': 6, 'p': 0.05, 'seed': 42}",spotify,4773.6900000000005,1163.570422999328,True,0,,
20250821_010918,simulated_annealing,small_world,550,1650,"{'k': 6, 'p': 0.05, 'seed': 42}",spotify,5014.610000000001,1235.6828819974908,True,0,,
20250821_010918,simulated_annealing,small_world,570,1710,"{'k': 6, 'p': 0.05, 'seed': 42}",spotify,5207.55,1218.834788996901,True,0,,
20250821_010918,simulated_annealing,small_world,590,1770,"{'k': 6, 'p': 0.05, 'seed': 42}",spotify,5407.49,1260.0712049970753,True,0,,
20250821_010918,simulated_annealing,small_world,610,1830,"{'k': 6, 'p': 0.05, 'seed': 42}",spotify,5569.4400000000005,1335.3393409997807,True,0,,
20250821_010918,simulated_annealing,small_world,630,1890,"{'k': 6, 'p': 0.05, 'seed': 42}",spotify,5625.4400000000005,1343.3408880009665,True,0,,
20250821_010918,simulated_annealing,small_world,650,1950,"{'k': 6, 'p': 0.05, 'seed': 42}",spotify,5818.38,1385.325795999961,True,0,,
20250821_010918,simulated_annealing,small_world,670,2010,"{'k': 6, 'p': 0.05, 'seed': 42}",spotify,6077.31,1421.3230379973538,True,0,,
20250821_010918,simulated_annealing,small_world,690,2070,"{'k': 6, 'p': 0.05, 'seed': 42}",spotify,6177.280000000001,1436.3781299980474,True,0,,
20250821_010918,simulated_annealing,small_world,710,2130,"{'k': 6, 'p': 0.05, 'seed': 42}",spotify,6453.2,1470.1869549971889,True,0,,
20250821_010918,simulated_annealing,small_world,730,2190,"{'k': 6, 'p': 0.05, 'seed': 42}",spotify,6637.17,1545.3717409982346,True,0,,
20250821_010918,simulated_annealing,small_world,750,2250,"{'k': 6, 'p': 0.05, 'seed': 42}",spotify,6743.12,1566.8782319989987,True,0,,
20250821_010918,simulated_annealing,small_world,770,2310,"{'k': 6, 'p': 0.05, 'seed': 42}",spotify,6758.14,1583.7731450010324,True,0,,
20250821_010918,simulated_annealing,small_world,790,2370,"{'k': 6, 'p': 0.05, 'seed': 42}",spotify,7123.02,1601.2386070069624,True,0,,
20250821_010918,simulated_annealing,small_world,810,2430,"{'k': 6, 'p': 0.05, 'seed': 42}",spotify,7374.95,1608.922445004282,True,0,,
20250821_010918,simulated_annealing,small_world,830,2490,"{'k': 6, 'p': 0.05, 'seed': 42}",spotify,7299.990000000001,1601.4315089996671,True,0,,
20250821_010918,simulated_annealing,small_world,850,2550,"{'k': 6, 'p': 0.05, 'seed': 42}",spotify,7691.85,1608.9025280016358,True,0,,
20250821_010918,simulated_annealing,small_world,870,2610,"{'k': 6, 'p': 0.05, 'seed': 42}",spotify,7895.8,1709.3189030056237,True,0,,
20250821_010918,simulated_annealing,small_world,890,2670,"{'k': 6, 'p': 0.05, 'seed': 42}",spotify,7946.77,1720.1098639998236,True,0,,
20250821_010918,simulated_annealing,small_world,910,2730,"{'k': 6, 'p': 0.05, 'seed': 42}",spotify,8097.71,1782.6522310060682,True,0,,
20250821_010918,simulated_annealing,small_world,930,2790,"{'k': 6, 'p': 0.05, 'seed': 42}",spotify,8474.62,1756.4813200006029,True,0,,
20250821_010918,simulated_annealing,small_world,950,2850,"{'k': 6, 'p': 0.05, 'seed': 42}",spotify,8551.62,1782.6983539998764,True,0,,
20250821_010918,simulated_annealing,small_world,970,2910,"{'k': 6, 'p': 0.05, 'seed': 42}",spotify,8721.52,1817.5632579950616,True,0,,
20250821_010918,simulated_annealing,small_world,990,2970,"{'k': 6, 'p': 0.05, 'seed': 42}",spotify,9027.48,1848.9317089988617,True,0,,
