run_id,algorithm,graph,n_nodes,n_edges,graph_params,license_config,total_cost,time_ms,valid,issues,image_path,notes
20250821_010918,ant_colony_optimization,random,10,9,"{'p': 0.1, 'seed': 42}",duolingo_super,100.31,56.434398000419606,True,0,,
20250821_010918,ant_colony_optimization,random,30,43,"{'p': 0.1, 'seed': 42}",duolingo_super,243.78,228.92230599973118,True,0,,
20250821_010918,ant_colony_optimization,random,50,120,"{'p': 0.1, 'seed': 42}",duolingo_super,347.66,398.774383997079,True,0,,
20250821_010918,ant_colony_optimization,random,70,228,"{'p': 0.1, 'seed': 42}",duolingo_super,475.95000000000005,631.5172190006706,True,0,,
20250821_010918,ant_colony_optimization,random,90,380,"{'p': 0.1, 'seed': 42}",duolingo_super,567.0300000000001,868.9849400034291,True,0,,
20250821_010918,ant_colony_optimization,random,110,581,"{'p': 0.1, 'seed': 42}",duolingo_super,680.14,1228.5082410016912,True,0,,
20250821_010918,ant_colony_optimization,random,130,819,"{'p': 0.1, 'seed': 42}",duolingo_super,782.83,1609.7252409963403,True,0,,
20250821_010918,ant_colony_optimization,random,150,1103,"{'p': 0.1, 'seed': 42}",duolingo_super,872.72,2147.492242998851,True,0,,
20250821_010918,ant_colony_optimization,random,170,1395,"{'p': 0.1, 'seed': 42}",duolingo_super,988.21,2552.182792001986,True,0,,
20250821_010918,ant_colony_optimization,random,190,1776,"{'p': 0.1, 'seed': 42}",duolingo_super,1075.72,3202.5707669963595,True,0,,
20250821_010918,ant_colony_optimization,random,210,2175,"{'p': 0.1, 'seed': 42}",duolingo_super,1190.02,3624.6232640041853,True,0,,
20250821_010918,ant_colony_optimization,random,230,2619,"{'p': 0.1, 'seed': 42}",duolingo_super,1279.91,4119.191063000471,True,0,,
20250821_010918,ant_colony_optimization,random,250,3084,"{'p': 0.1, 'seed': 42}",duolingo_super,1367.42,4861.524391002604,True,0,,
20250821_010918,ant_colony_optimization,random,270,3590,"{'p': 0.1, 'seed': 42}",duolingo_super,1481.72,5708.001352999418,True,0,,
20250821_010918,ant_colony_optimization,random,290,4163,"{'p': 0.1, 'seed': 42}",duolingo_super,1568.0400000000002,6515.904836000118,True,0,,
20250821_010918,ant_colony_optimization,random,310,4788,"{'p': 0.1, 'seed': 42}",duolingo_super,1659.1200000000001,7706.712396000512,True,0,,
20250821_010918,ant_colony_optimization,random,330,5428,"{'p': 0.1, 'seed': 42}",duolingo_super,1773.42,8201.377200995921,True,0,,
20250821_010918,ant_colony_optimization,random,350,6131,"{'p': 0.1, 'seed': 42}",duolingo_super,1877.3000000000002,9453.66749099776,True,0,,
20250821_010918,ant_colony_optimization,random,370,6883,"{'p': 0.1, 'seed': 42}",duolingo_super,1950.8200000000002,10481.795943996985,True,0,,
20250821_010918,ant_colony_optimization,random,390,7676,"{'p': 0.1, 'seed': 42}",duolingo_super,2025.5300000000002,11018.590566003695,True,0,,
20250821_010918,ant_colony_optimization,random,410,8433,"{'p': 0.1, 'seed': 42}",duolingo_super,2152.63,11889.373780999449,True,0,,
20250821_010918,ant_colony_optimization,random,430,9286,"{'p': 0.1, 'seed': 42}",duolingo_super,2256.51,13167.62442199979,True,0,,
20250821_010918,ant_colony_optimization,random,450,10158,"{'p': 0.1, 'seed': 42}",duolingo_super,2344.02,14129.529694000666,True,0,,
20250821_010918,ant_colony_optimization,random,470,11119,"{'p': 0.1, 'seed': 42}",duolingo_super,2430.34,15973.746899995604,True,0,,
20250821_010918,ant_colony_optimization,random,490,12073,"{'p': 0.1, 'seed': 42}",duolingo_super,2534.2200000000003,16829.85303600435,True,0,,
20250821_010918,ant_colony_optimization,random,510,13054,"{'p': 0.1, 'seed': 42}",duolingo_super,2635.7200000000003,18496.93629900139,True,0,,
20250821_010918,ant_colony_optimization,random,530,14070,"{'p': 0.1, 'seed': 42}",duolingo_super,2737.2200000000003,19690.82457400509,True,0,,
20250821_010918,ant_colony_optimization,random,550,15147,"{'p': 0.1, 'seed': 42}",duolingo_super,2825.92,21274.524168002245,True,0,,
20250821_010918,ant_colony_optimization,random,570,16242,"{'p': 0.1, 'seed': 42}",duolingo_super,2927.42,22947.95913899725,True,0,,
20250821_010918,ant_colony_optimization,random,590,17437,"{'p': 0.1, 'seed': 42}",duolingo_super,3013.7400000000002,23706.170438999834,True,0,,
20250821_010918,ant_colony_optimization,random,610,18614,"{'p': 0.1, 'seed': 42}",duolingo_super,3130.42,25374.95041299553,True,0,,
20250821_010918,ant_colony_optimization,random,630,19860,"{'p': 0.1, 'seed': 42}",duolingo_super,3206.32,27094.917900001747,True,0,,
20250821_010918,ant_colony_optimization,random,650,21118,"{'p': 0.1, 'seed': 42}",duolingo_super,3321.8100000000004,28424.502075002238,True,0,,
20250821_010918,ant_colony_optimization,random,670,22424,"{'p': 0.1, 'seed': 42}",duolingo_super,3409.32,30894.184233999113,True,0,,
20250821_010918,ant_colony_optimization,random,690,23815,"{'p': 0.1, 'seed': 42}",duolingo_super,3537.61,32362.607531998947,True,0,,
20250821_010918,ant_colony_optimization,random,710,25210,"{'p': 0.1, 'seed': 42}",duolingo_super,3627.5,32714.303847002157,True,0,,
20250821_010918,ant_colony_optimization,random,730,26570,"{'p': 0.1, 'seed': 42}",duolingo_super,3671.8500000000004,34510.545467004704,True,0,,
20250821_010918,ant_colony_optimization,random,750,28065,"{'p': 0.1, 'seed': 42}",duolingo_super,3801.3300000000004,36810.092103005445,True,0,,
20250821_010918,ant_colony_optimization,random,770,29598,"{'p': 0.1, 'seed': 42}",duolingo_super,3918.01,39712.710480998794,True,0,,
20250821_010918,ant_colony_optimization,random,790,31177,"{'p': 0.1, 'seed': 42}",duolingo_super,4007.9,41394.860601998516,True,0,,
20250821_010918,ant_colony_optimization,random,810,32778,"{'p': 0.1, 'seed': 42}",duolingo_super,4095.4100000000003,42153.784055997676,True,0,,
20250821_010918,ant_colony_optimization,random,830,34379,"{'p': 0.1, 'seed': 42}",duolingo_super,4182.92,45399.38701200299,True,0,,
20250821_010918,ant_colony_optimization,random,850,36107,"{'p': 0.1, 'seed': 42}",duolingo_super,4297.22,48156.84246500314,True,0,,
20250821_010918,ant_colony_optimization,random,870,37776,"{'p': 0.1, 'seed': 42}",duolingo_super,4374.31,50423.81077400205,True,0,,
20250821_010918,ant_colony_optimization,random,890,39565,"{'p': 0.1, 'seed': 42}",duolingo_super,4487.42,51398.40993699909,True,0,,
20250821_010918,ant_colony_optimization,random,910,41408,"{'p': 0.1, 'seed': 42}",duolingo_super,4605.29,54774.07699899777,True,0,,
20250821_010918,ant_colony_optimization,random,930,43243,"{'p': 0.1, 'seed': 42}",duolingo_super,4676.43,56951.02321200102,True,0,,
20250821_010918,ant_colony_optimization,random,950,45065,"{'p': 0.1, 'seed': 42}",duolingo_super,4793.110000000001,58504.78080099856,True,0,,
20250821_010918,ant_colony_optimization,random,970,46973,"{'p': 0.1, 'seed': 42}",duolingo_super,4883.0,60962.521522000316,True,0,,
20250821_010918,ant_colony_optimization,random,990,48936,"{'p': 0.1, 'seed': 42}",duolingo_super,4983.31,64619.86837000586,True,0,,
20250821_010918,ant_colony_optimization,scale_free,10,16,"{'m': 2, 'seed': 42}",duolingo_super,72.33,53.34982999920612,True,0,,
20250821_010918,ant_colony_optimization,scale_free,30,56,"{'m': 2, 'seed': 42}",duolingo_super,243.78,241.7883080051979,True,0,,
20250821_010918,ant_colony_optimization,scale_free,50,96,"{'m': 2, 'seed': 42}",duolingo_super,456.01,572.0665929984534,True,0,,
20250821_010918,ant_colony_optimization,scale_free,70,136,"{'m': 2, 'seed': 42}",duolingo_super,671.8100000000001,905.3540840031928,True,0,,
20250821_010918,ant_colony_optimization,scale_free,90,176,"{'m': 2, 'seed': 42}",duolingo_super,846.83,1338.0876629962586,True,0,,
20250821_010918,ant_colony_optimization,scale_free,110,216,"{'m': 2, 'seed': 42}",duolingo_super,1034.65,1911.1617509988719,True,0,,
20250821_010918,ant_colony_optimization,scale_free,130,256,"{'m': 2, 'seed': 42}",duolingo_super,1206.1000000000001,2426.2206929997774,True,0,,
20250821_010918,ant_colony_optimization,scale_free,150,296,"{'m': 2, 'seed': 42}",duolingo_super,1375.17,3101.9321819985635,True,0,,
20250821_010918,ant_colony_optimization,scale_free,170,336,"{'m': 2, 'seed': 42}",duolingo_super,1518.64,3985.516838001786,True,0,,
20250821_010918,ant_colony_optimization,scale_free,190,376,"{'m': 2, 'seed': 42}",duolingo_super,1736.8200000000002,4585.573926000507,True,0,,
20250821_010918,ant_colony_optimization,scale_free,210,416,"{'m': 2, 'seed': 42}",duolingo_super,1913.03,5597.230817002128,True,0,,
20250821_010918,ant_colony_optimization,scale_free,230,456,"{'m': 2, 'seed': 42}",duolingo_super,2138.06,6492.022559999896,True,0,,
20250821_010918,ant_colony_optimization,scale_free,250,496,"{'m': 2, 'seed': 42}",duolingo_super,2323.5,7686.786678998033,True,0,,
20250821_010918,ant_colony_optimization,scale_free,270,536,"{'m': 2, 'seed': 42}",duolingo_super,2484.53,8594.380144997558,True,0,,
20250821_010918,ant_colony_optimization,scale_free,290,576,"{'m': 2, 'seed': 42}",duolingo_super,2725.9300000000003,9939.731616002973,True,0,,
20250821_010918,ant_colony_optimization,scale_free,310,616,"{'m': 2, 'seed': 42}",duolingo_super,2900.9500000000003,11770.459038998524,True,0,,
20250821_010918,ant_colony_optimization,scale_free,330,656,"{'m': 2, 'seed': 42}",duolingo_super,3030.4300000000003,12744.228387004114,True,0,,
20250821_010918,ant_colony_optimization,scale_free,350,696,"{'m': 2, 'seed': 42}",duolingo_super,3227.48,14321.19289899856,True,0,,
20250821_010918,ant_colony_optimization,scale_free,370,736,"{'m': 2, 'seed': 42}",duolingo_super,3460.84,15129.534182997304,True,0,,
20250821_010918,ant_colony_optimization,scale_free,390,776,"{'m': 2, 'seed': 42}",duolingo_super,3572.76,17100.95955500583,True,0,,
20250821_010918,ant_colony_optimization,scale_free,410,816,"{'m': 2, 'seed': 42}",duolingo_super,3789.75,18549.121434996778,True,0,,
20250821_010918,ant_colony_optimization,scale_free,430,856,"{'m': 2, 'seed': 42}",duolingo_super,3943.6400000000003,20090.32524200302,True,0,,
20250821_010918,ant_colony_optimization,scale_free,450,896,"{'m': 2, 'seed': 42}",duolingo_super,4163.01,22201.57897599711,True,0,,
20250821_010918,ant_colony_optimization,scale_free,470,936,"{'m': 2, 'seed': 42}",duolingo_super,4293.68,23537.74431200145,True,0,,
20250821_010918,ant_colony_optimization,scale_free,490,976,"{'m': 2, 'seed': 42}",duolingo_super,4475.55,25611.387169999944,True,0,,
20250821_010918,ant_colony_optimization,scale_free,510,1016,"{'m': 2, 'seed': 42}",duolingo_super,4659.8,28402.803834003862,True,0,,
20250821_010918,ant_colony_optimization,scale_free,530,1056,"{'m': 2, 'seed': 42}",duolingo_super,4862.8,30712.778178996814,True,0,,
20250821_010918,ant_colony_optimization,scale_free,550,1096,"{'m': 2, 'seed': 42}",duolingo_super,5043.4800000000005,33494.93210700166,True,0,,
20250821_010918,ant_colony_optimization,scale_free,570,1136,"{'m': 2, 'seed': 42}",duolingo_super,5213.74,35294.50235099648,True,0,,
20250821_010918,ant_colony_optimization,scale_free,590,1176,"{'m': 2, 'seed': 42}",duolingo_super,5467.9400000000005,38494.172663995414,True,0,,
20250821_010918,ant_colony_optimization,scale_free,610,1216,"{'m': 2, 'seed': 42}",duolingo_super,5681.360000000001,41004.85316000413,True,0,,
20250821_010918,ant_colony_optimization,scale_free,630,1256,"{'m': 2, 'seed': 42}",duolingo_super,5889.12,43831.939291005256,True,0,,
20250821_010918,ant_colony_optimization,scale_free,650,1296,"{'m': 2, 'seed': 42}",duolingo_super,6046.58,45793.665869001416,True,0,,
20250821_010918,ant_colony_optimization,scale_free,670,1336,"{'m': 2, 'seed': 42}",duolingo_super,6281.13,48548.00092600635,True,0,,
20250821_010918,ant_colony_optimization,scale_free,690,1376,"{'m': 2, 'seed': 42}",duolingo_super,6447.820000000001,50892.047272995114,True,0,,
20250821_010918,ant_colony_optimization,scale_free,710,1416,"{'m': 2, 'seed': 42}",duolingo_super,6709.16,53731.49509399809,True,0,,
20250821_010918,ant_colony_optimization,scale_free,730,1456,"{'m': 2, 'seed': 42}",duolingo_super,6900.26,55170.763403999445,True,0,,
20250821_010918,ant_colony_optimization,scale_free,750,1496,"{'m': 2, 'seed': 42}",duolingo_super,7105.64,59566.442547002225,True,0,,
20250821_010918,ant_colony_optimization,scale_free,770,1536,"{'m': 2, 'seed': 42}",duolingo_super,7227.08,61308.90137700044,True,0,,
20250821_010918,ant_colony_optimization,scale_free,790,1576,"{'m': 2, 'seed': 42}",duolingo_super,7411.33,66554.14262599515,True,0,,
20250821_010918,ant_colony_optimization,scale_free,810,1616,"{'m': 2, 'seed': 42}",duolingo_super,7643.5,70886.6957210048,True,0,,
20250821_010918,ant_colony_optimization,scale_free,830,1656,"{'m': 2, 'seed': 42}",duolingo_super,7831.320000000001,73338.02379299595,True,0,,
20250821_010918,ant_colony_optimization,scale_free,850,1696,"{'m': 2, 'seed': 42}",duolingo_super,8051.59,75875.8708900059,True,0,,
20250821_010918,ant_colony_optimization,scale_free,870,1736,"{'m': 2, 'seed': 42}",duolingo_super,8199.82,78358.35068499728,True,0,,
20250821_010918,ant_colony_optimization,scale_free,890,1776,"{'m': 2, 'seed': 42}",duolingo_super,8240.6,81177.2730609955,True,0,,
20250821_010918,ant_colony_optimization,scale_free,910,1816,"{'m': 2, 'seed': 42}",duolingo_super,8544.2,87380.64729100006,True,0,,
20250821_010918,AntColonyOptimization,scale_free,930,1856,"{'m': 2, 'seed': 42}",duolingo_super,nan,90000.0,False,0,,timeout
20250821_010918,ant_colony_optimization,small_world,10,30,"{'k': 6, 'p': 0.05, 'seed': 42}",duolingo_super,58.34,63.72897199617,True,0,,
20250821_010918,ant_colony_optimization,small_world,30,90,"{'k': 6, 'p': 0.05, 'seed': 42}",duolingo_super,173.83,156.25666599953547,True,0,,
20250821_010918,ant_colony_optimization,small_world,50,150,"{'k': 6, 'p': 0.05, 'seed': 42}",duolingo_super,290.51,308.69645300117554,True,0,,
20250821_010918,ant_colony_optimization,small_world,70,210,"{'k': 6, 'p': 0.05, 'seed': 42}",duolingo_super,393.20000000000005,530.818237006315,True,0,,
20250821_010918,ant_colony_optimization,small_world,90,270,"{'k': 6, 'p': 0.05, 'seed': 42}",duolingo_super,523.87,803.782097005751,True,0,,
20250821_010918,ant_colony_optimization,small_world,110,330,"{'k': 6, 'p': 0.05, 'seed': 42}",duolingo_super,655.73,1156.882121002127,True,0,,
20250821_010918,ant_colony_optimization,small_world,130,390,"{'k': 6, 'p': 0.05, 'seed': 42}",duolingo_super,801.58,1572.9862010048237,True,0,,
20250821_010918,ant_colony_optimization,small_world,150,450,"{'k': 6, 'p': 0.05, 'seed': 42}",duolingo_super,931.0600000000001,1910.4674819973297,True,0,,
20250821_010918,ant_colony_optimization,small_world,170,510,"{'k': 6, 'p': 0.05, 'seed': 42}",duolingo_super,1060.54,2545.5641299995477,True,0,,
20250821_010918,ant_colony_optimization,small_world,190,570,"{'k': 6, 'p': 0.05, 'seed': 42}",duolingo_super,1106.0800000000002,2806.58608199883,True,0,,
20250821_010918,ant_colony_optimization,small_world,210,630,"{'k': 6, 'p': 0.05, 'seed': 42}",duolingo_super,1293.9,3368.53492299997,True,0,,
20250821_010918,ant_colony_optimization,small_world,230,690,"{'k': 6, 'p': 0.05, 'seed': 42}",duolingo_super,1425.76,4244.692897002096,True,0,,
20250821_010918,ant_colony_optimization,small_world,250,750,"{'k': 6, 'p': 0.05, 'seed': 42}",duolingo_super,1584.41,4890.157472000283,True,0,,
20250821_010918,ant_colony_optimization,small_world,270,810,"{'k': 6, 'p': 0.05, 'seed': 42}",duolingo_super,1687.1000000000001,5580.719372002932,True,0,,
20250821_010918,ant_colony_optimization,small_world,290,870,"{'k': 6, 'p': 0.05, 'seed': 42}",duolingo_super,1801.4,6288.644177002425,True,0,,
20250821_010918,ant_colony_optimization,small_world,310,930,"{'k': 6, 'p': 0.05, 'seed': 42}",duolingo_super,1919.2700000000002,7129.663797997637,True,0,,
20250821_010918,ant_colony_optimization,small_world,330,990,"{'k': 6, 'p': 0.05, 'seed': 42}",duolingo_super,2065.12,8209.672307006258,True,0,,
20250821_010918,ant_colony_optimization,small_world,350,1050,"{'k': 6, 'p': 0.05, 'seed': 42}",duolingo_super,2182.9900000000002,8928.241000001435,True,0,,
20250821_010918,ant_colony_optimization,small_world,370,1110,"{'k': 6, 'p': 0.05, 'seed': 42}",duolingo_super,2283.3,9915.170502004912,True,0,,
20250821_010918,ant_colony_optimization,small_world,390,1170,"{'k': 6, 'p': 0.05, 'seed': 42}",duolingo_super,2413.9700000000003,10772.844697996334,True,0,,
20250821_010918,ant_colony_optimization,small_world,410,1230,"{'k': 6, 'p': 0.05, 'seed': 42}",duolingo_super,2575.0,11973.8092339976,True,0,,
20250821_010918,ant_colony_optimization,small_world,430,1290,"{'k': 6, 'p': 0.05, 'seed': 42}",duolingo_super,2746.4500000000003,13380.219865000981,True,0,,
20250821_010918,ant_colony_optimization,small_world,450,1350,"{'k': 6, 'p': 0.05, 'seed': 42}",duolingo_super,2883.07,14474.683282001934,True,0,,
20250821_010918,ant_colony_optimization,small_world,470,1410,"{'k': 6, 'p': 0.05, 'seed': 42}",duolingo_super,2996.1800000000003,15747.7670530061,True,0,,
20250821_010918,ant_colony_optimization,small_world,490,1470,"{'k': 6, 'p': 0.05, 'seed': 42}",duolingo_super,3124.4700000000003,17293.50044199964,True,0,,
20250821_010918,ant_colony_optimization,small_world,510,1530,"{'k': 6, 'p': 0.05, 'seed': 42}",duolingo_super,3229.54,18441.497511994385,True,0,,
20250821_010918,ant_colony_optimization,small_world,530,1590,"{'k': 6, 'p': 0.05, 'seed': 42}",duolingo_super,3481.65,20513.157953006157,True,0,,
20250821_010918,ant_colony_optimization,small_world,550,1650,"{'k': 6, 'p': 0.05, 'seed': 42}",duolingo_super,3560.8300000000004,21276.969938000548,True,0,,
20250821_010918,ant_colony_optimization,small_world,570,1710,"{'k': 6, 'p': 0.05, 'seed': 42}",duolingo_super,3692.69,22751.747443995555,True,0,,
20250821_010918,ant_colony_optimization,small_world,590,1770,"{'k': 6, 'p': 0.05, 'seed': 42}",duolingo_super,3838.5400000000004,24564.841430998058,True,0,,
20250821_010918,ant_colony_optimization,small_world,610,1830,"{'k': 6, 'p': 0.05, 'seed': 42}",duolingo_super,3927.2400000000002,26011.89981600328,True,0,,
20250821_010918,ant_colony_optimization,small_world,630,1890,"{'k': 6, 'p': 0.05, 'seed': 42}",duolingo_super,4130.24,27893.511589994887,True,0,,
20250821_010918,ant_colony_optimization,small_world,650,1950,"{'k': 6, 'p': 0.05, 'seed': 42}",duolingo_super,4132.62,29145.88623199961,True,0,,
20250821_010918,ant_colony_optimization,small_world,670,2010,"{'k': 6, 'p': 0.05, 'seed': 42}",duolingo_super,4449.92,31723.95901600248,True,0,,
20250821_010918,ant_colony_optimization,small_world,690,2070,"{'k': 6, 'p': 0.05, 'seed': 42}",duolingo_super,4477.900000000001,30774.39167999546,True,0,,
20250821_010918,ant_colony_optimization,small_world,710,2130,"{'k': 6, 'p': 0.05, 'seed': 42}",duolingo_super,4538.62,33617.81190200418,True,0,,
20250821_010918,ant_colony_optimization,small_world,730,2190,"{'k': 6, 'p': 0.05, 'seed': 42}",duolingo_super,4813.95,35405.8574160008,True,0,,
20250821_010918,ant_colony_optimization,small_world,750,2250,"{'k': 6, 'p': 0.05, 'seed': 42}",duolingo_super,4784.780000000001,37263.758309003606,True,0,,
20250821_010918,ant_colony_optimization,small_world,770,2310,"{'k': 6, 'p': 0.05, 'seed': 42}",duolingo_super,5005.34,39402.28979499807,True,0,,
20250821_010918,ant_colony_optimization,small_world,790,2370,"{'k': 6, 'p': 0.05, 'seed': 42}",duolingo_super,5147.62,41054.92333100119,True,0,,
20250821_010918,ant_colony_optimization,small_world,810,2430,"{'k': 6, 'p': 0.05, 'seed': 42}",duolingo_super,5238.700000000001,44186.91446400044,True,0,,
20250821_010918,ant_colony_optimization,small_world,830,2490,"{'k': 6, 'p': 0.05, 'seed': 42}",duolingo_super,5382.17,45126.839229000325,True,0,,
20250821_010918,ant_colony_optimization,small_world,850,2550,"{'k': 6, 'p': 0.05, 'seed': 42}",duolingo_super,5597.97,46785.482208993926,True,0,,
20250821_010918,ant_colony_optimization,small_world,870,2610,"{'k': 6, 'p': 0.05, 'seed': 42}",duolingo_super,5745.01,49150.871723999444,True,0,,
20250821_010918,ant_colony_optimization,small_world,890,2670,"{'k': 6, 'p': 0.05, 'seed': 42}",duolingo_super,5763.76,51563.62281500333,True,0,,
20250821_010918,ant_colony_optimization,small_world,910,2730,"{'k': 6, 'p': 0.05, 'seed': 42}",duolingo_super,5859.31,53323.88044700201,True,0,,
20250821_010918,ant_colony_optimization,small_world,930,2790,"{'k': 6, 'p': 0.05, 'seed': 42}",duolingo_super,5945.63,55537.807861001056,True,0,,
20250821_010918,ant_colony_optimization,small_world,950,2850,"{'k': 6, 'p': 0.05, 'seed': 42}",duolingo_super,6062.31,59296.560293005314,True,0,,
20250821_010918,ant_colony_optimization,small_world,970,2910,"{'k': 6, 'p': 0.05, 'seed': 42}",duolingo_super,6189.410000000001,61126.81462900218,True,0,,
20250821_010918,ant_colony_optimization,small_world,990,2970,"{'k': 6, 'p': 0.05, 'seed': 42}",duolingo_super,6574.570000000001,64211.5751320016,True,0,,
