run_id,algorithm,graph,n_nodes,n_edges,graph_params,license_config,total_cost,time_ms,valid,issues,image_path,notes
20250821_010918,tabu_search,random,10,9,"{'p': 0.1, 'seed': 42}",roman_domination,7.0,26.34701199713163,True,0,,
20250821_010918,tabu_search,random,30,43,"{'p': 0.1, 'seed': 42}",roman_domination,18.0,529.1190080024535,True,0,,
20250821_010918,tabu_search,random,50,120,"{'p': 0.1, 'seed': 42}",roman_domination,23.0,761.563683001441,True,0,,
20250821_010918,tabu_search,random,70,228,"{'p': 0.1, 'seed': 42}",roman_domination,30.0,929.8740930025815,True,0,,
20250821_010918,tabu_search,random,90,380,"{'p': 0.1, 'seed': 42}",roman_domination,32.0,1104.2286349984352,True,0,,
20250821_010918,tabu_search,random,110,581,"{'p': 0.1, 'seed': 42}",roman_domination,32.0,1285.9432240002207,True,0,,
20250821_010918,tabu_search,random,130,819,"{'p': 0.1, 'seed': 42}",roman_domination,33.0,1459.9116969984607,True,0,,
20250821_010918,tabu_search,random,150,1103,"{'p': 0.1, 'seed': 42}",roman_domination,36.0,1581.768206000561,True,0,,
20250821_010918,tabu_search,random,170,1395,"{'p': 0.1, 'seed': 42}",roman_domination,41.0,1770.960957997886,True,0,,
20250821_010918,tabu_search,random,190,1776,"{'p': 0.1, 'seed': 42}",roman_domination,44.0,2015.8881899988046,True,0,,
20250821_010918,tabu_search,random,210,2175,"{'p': 0.1, 'seed': 42}",roman_domination,46.0,2136.2515699947835,True,0,,
20250821_010918,tabu_search,random,230,2619,"{'p': 0.1, 'seed': 42}",roman_domination,47.0,1035.5765740023344,True,0,,
20250821_010918,tabu_search,random,250,3084,"{'p': 0.1, 'seed': 42}",roman_domination,43.0,2424.7594050029875,True,0,,
20250821_010918,tabu_search,random,270,3590,"{'p': 0.1, 'seed': 42}",roman_domination,49.0,2736.4678739977535,True,0,,
20250821_010918,tabu_search,random,290,4163,"{'p': 0.1, 'seed': 42}",roman_domination,48.0,2759.554810996633,True,0,,
20250821_010918,tabu_search,random,310,4788,"{'p': 0.1, 'seed': 42}",roman_domination,54.0,1823.0003690041485,True,0,,
20250821_010918,tabu_search,random,330,5428,"{'p': 0.1, 'seed': 42}",roman_domination,54.0,1607.1379750064807,True,0,,
20250821_010918,tabu_search,random,350,6131,"{'p': 0.1, 'seed': 42}",roman_domination,50.0,2713.4355180023704,True,0,,
20250821_010918,tabu_search,random,370,6883,"{'p': 0.1, 'seed': 42}",roman_domination,55.0,3307.3904659977416,True,0,,
20250821_010918,tabu_search,random,390,7676,"{'p': 0.1, 'seed': 42}",roman_domination,48.0,977.8896879943204,True,0,,
20250821_010918,tabu_search,random,410,8433,"{'p': 0.1, 'seed': 42}",roman_domination,56.0,2420.8674740002607,True,0,,
20250821_010918,tabu_search,random,430,9286,"{'p': 0.1, 'seed': 42}",roman_domination,59.0,3083.0433390001417,True,0,,
20250821_010918,tabu_search,random,450,10158,"{'p': 0.1, 'seed': 42}",roman_domination,55.0,1015.3029290013365,True,0,,
20250821_010918,tabu_search,random,470,11119,"{'p': 0.1, 'seed': 42}",roman_domination,58.0,2673.3557490006206,True,0,,
20250821_010918,tabu_search,random,490,12073,"{'p': 0.1, 'seed': 42}",roman_domination,59.0,2840.679414999613,True,0,,
20250821_010918,tabu_search,random,510,13054,"{'p': 0.1, 'seed': 42}",roman_domination,54.0,1078.5876820009435,True,0,,
20250821_010918,tabu_search,random,530,14070,"{'p': 0.1, 'seed': 42}",roman_domination,54.0,2089.1789059969597,True,0,,
20250821_010918,tabu_search,random,550,15147,"{'p': 0.1, 'seed': 42}",roman_domination,63.0,2647.9830099997343,True,0,,
20250821_010918,tabu_search,random,570,16242,"{'p': 0.1, 'seed': 42}",roman_domination,63.0,4591.366622000351,True,0,,
20250821_010918,tabu_search,random,590,17437,"{'p': 0.1, 'seed': 42}",roman_domination,61.0,2091.5892330012866,True,0,,
20250821_010918,tabu_search,random,610,18614,"{'p': 0.1, 'seed': 42}",roman_domination,58.0,243.30371099495096,True,0,,
20250821_010918,tabu_search,random,630,19860,"{'p': 0.1, 'seed': 42}",roman_domination,65.0,103.98176399758086,True,0,,
20250821_010918,tabu_search,random,650,21118,"{'p': 0.1, 'seed': 42}",roman_domination,69.0,3613.084331002028,True,0,,
20250821_010918,tabu_search,random,670,22424,"{'p': 0.1, 'seed': 42}",roman_domination,63.0,2840.9733830048935,True,0,,
20250821_010918,tabu_search,random,690,23815,"{'p': 0.1, 'seed': 42}",roman_domination,63.0,852.5797649999731,True,0,,
20250821_010918,tabu_search,random,710,25210,"{'p': 0.1, 'seed': 42}",roman_domination,66.0,2028.8833390004584,True,0,,
20250821_010918,tabu_search,random,730,26570,"{'p': 0.1, 'seed': 42}",roman_domination,63.0,3494.9982890029787,True,0,,
20250821_010918,tabu_search,random,750,28065,"{'p': 0.1, 'seed': 42}",roman_domination,72.0,5604.325929001789,True,0,,
20250821_010918,tabu_search,random,770,29598,"{'p': 0.1, 'seed': 42}",roman_domination,64.0,3017.696333998174,True,0,,
20250821_010918,tabu_search,random,790,31177,"{'p': 0.1, 'seed': 42}",roman_domination,66.0,847.1447069969145,True,0,,
20250821_010918,tabu_search,random,810,32778,"{'p': 0.1, 'seed': 42}",roman_domination,66.0,2058.0885770032182,True,0,,
20250821_010918,tabu_search,random,830,34379,"{'p': 0.1, 'seed': 42}",roman_domination,70.0,1492.7021660041646,True,0,,
20250821_010918,tabu_search,random,850,36107,"{'p': 0.1, 'seed': 42}",roman_domination,69.0,5258.518969996658,True,0,,
20250821_010918,tabu_search,random,870,37776,"{'p': 0.1, 'seed': 42}",roman_domination,68.0,395.87244899303187,True,0,,
20250821_010918,tabu_search,random,890,39565,"{'p': 0.1, 'seed': 42}",roman_domination,72.0,82.06034299655585,True,0,,
20250821_010918,tabu_search,random,910,41408,"{'p': 0.1, 'seed': 42}",roman_domination,75.0,10457.266331999563,True,0,,
20250821_010918,tabu_search,random,930,43243,"{'p': 0.1, 'seed': 42}",roman_domination,71.0,20.02090500172926,True,0,,
20250821_010918,tabu_search,random,950,45065,"{'p': 0.1, 'seed': 42}",roman_domination,73.0,268.1399409993901,True,0,,
20250821_010918,tabu_search,random,970,46973,"{'p': 0.1, 'seed': 42}",roman_domination,71.0,3449.285750000854,True,0,,
20250821_010918,tabu_search,random,990,48936,"{'p': 0.1, 'seed': 42}",roman_domination,72.0,2141.8685960015864,True,0,,
20250821_010918,tabu_search,scale_free,10,16,"{'m': 2, 'seed': 42}",roman_domination,4.0,236.84514799970202,True,0,,
20250821_010918,tabu_search,scale_free,30,56,"{'m': 2, 'seed': 42}",roman_domination,9.0,538.9272429965786,True,0,,
20250821_010918,tabu_search,scale_free,50,96,"{'m': 2, 'seed': 42}",roman_domination,19.0,256.1663160013268,True,0,,
20250821_010918,tabu_search,scale_free,70,136,"{'m': 2, 'seed': 42}",roman_domination,25.0,957.7655100001721,True,0,,
20250821_010918,tabu_search,scale_free,90,176,"{'m': 2, 'seed': 42}",roman_domination,33.0,1120.943874004297,True,0,,
20250821_010918,tabu_search,scale_free,110,216,"{'m': 2, 'seed': 42}",roman_domination,40.0,1353.3803980026278,True,0,,
20250821_010918,tabu_search,scale_free,130,256,"{'m': 2, 'seed': 42}",roman_domination,48.0,844.8351799961529,True,0,,
20250821_010918,tabu_search,scale_free,150,296,"{'m': 2, 'seed': 42}",roman_domination,64.0,253.91033799678553,True,0,,
20250821_010918,tabu_search,scale_free,170,336,"{'m': 2, 'seed': 42}",roman_domination,75.0,55.12525200174423,True,0,,
20250821_010918,tabu_search,scale_free,190,376,"{'m': 2, 'seed': 42}",roman_domination,86.0,320.74950400419766,True,0,,
20250821_010918,tabu_search,scale_free,210,416,"{'m': 2, 'seed': 42}",roman_domination,96.0,85.14977400045609,True,0,,
20250821_010918,tabu_search,scale_free,230,456,"{'m': 2, 'seed': 42}",roman_domination,113.0,311.10151699976996,True,0,,
20250821_010918,tabu_search,scale_free,250,496,"{'m': 2, 'seed': 42}",roman_domination,124.0,223.693039995851,True,0,,
20250821_010918,tabu_search,scale_free,270,536,"{'m': 2, 'seed': 42}",roman_domination,131.0,438.49141000100644,True,0,,
20250821_010918,tabu_search,scale_free,290,576,"{'m': 2, 'seed': 42}",roman_domination,141.0,191.87384199904045,True,0,,
20250821_010918,tabu_search,scale_free,310,616,"{'m': 2, 'seed': 42}",roman_domination,151.0,582.1820569981355,True,0,,
20250821_010918,tabu_search,scale_free,330,656,"{'m': 2, 'seed': 42}",roman_domination,161.0,366.1791810009163,True,0,,
20250821_010918,tabu_search,scale_free,350,696,"{'m': 2, 'seed': 42}",roman_domination,171.0,504.76872499712044,True,0,,
20250821_010918,tabu_search,scale_free,370,736,"{'m': 2, 'seed': 42}",roman_domination,181.0,324.8765979951713,True,0,,
20250821_010918,tabu_search,scale_free,390,776,"{'m': 2, 'seed': 42}",roman_domination,192.0,620.3879589957069,True,0,,
20250821_010918,tabu_search,scale_free,410,816,"{'m': 2, 'seed': 42}",roman_domination,201.0,731.3694209951791,True,0,,
20250821_010918,tabu_search,scale_free,430,856,"{'m': 2, 'seed': 42}",roman_domination,210.0,801.3177670000005,True,0,,
20250821_010918,tabu_search,scale_free,450,896,"{'m': 2, 'seed': 42}",roman_domination,219.0,773.7463259982178,True,0,,
20250821_010918,tabu_search,scale_free,470,936,"{'m': 2, 'seed': 42}",roman_domination,231.0,955.3113160000066,True,0,,
20250821_010918,tabu_search,scale_free,490,976,"{'m': 2, 'seed': 42}",roman_domination,240.0,1115.5694870030857,True,0,,
20250821_010918,tabu_search,scale_free,510,1016,"{'m': 2, 'seed': 42}",roman_domination,255.0,1289.5665129981353,True,0,,
20250821_010918,tabu_search,scale_free,530,1056,"{'m': 2, 'seed': 42}",roman_domination,262.0,1152.329133998137,True,0,,
20250821_010918,tabu_search,scale_free,550,1096,"{'m': 2, 'seed': 42}",roman_domination,272.0,1071.3306719990214,True,0,,
20250821_010918,tabu_search,scale_free,570,1136,"{'m': 2, 'seed': 42}",roman_domination,285.0,1371.9870279965107,True,0,,
20250821_010918,tabu_search,scale_free,590,1176,"{'m': 2, 'seed': 42}",roman_domination,292.0,1219.0695919998689,True,0,,
20250821_010918,tabu_search,scale_free,610,1216,"{'m': 2, 'seed': 42}",roman_domination,307.0,1154.7100150055485,True,0,,
20250821_010918,tabu_search,scale_free,630,1256,"{'m': 2, 'seed': 42}",roman_domination,319.0,1174.6864349988755,True,0,,
20250821_010918,tabu_search,scale_free,650,1296,"{'m': 2, 'seed': 42}",roman_domination,327.0,1188.1128399982117,True,0,,
20250821_010918,tabu_search,scale_free,670,1336,"{'m': 2, 'seed': 42}",roman_domination,342.0,1425.9922439960064,True,0,,
20250821_010918,tabu_search,scale_free,690,1376,"{'m': 2, 'seed': 42}",roman_domination,351.0,1163.2117000044673,True,0,,
20250821_010918,tabu_search,scale_free,710,1416,"{'m': 2, 'seed': 42}",roman_domination,362.0,1196.4428599967505,True,0,,
20250821_010918,tabu_search,scale_free,730,1456,"{'m': 2, 'seed': 42}",roman_domination,374.0,2262.179704004666,True,0,,
20250821_010918,tabu_search,scale_free,750,1496,"{'m': 2, 'seed': 42}",roman_domination,379.0,917.1301759997732,True,0,,
20250821_010918,tabu_search,scale_free,770,1536,"{'m': 2, 'seed': 42}",roman_domination,385.0,1914.223411004059,True,0,,
20250821_010918,tabu_search,scale_free,790,1576,"{'m': 2, 'seed': 42}",roman_domination,396.0,433.1871280010091,True,0,,
20250821_010918,tabu_search,scale_free,810,1616,"{'m': 2, 'seed': 42}",roman_domination,408.0,1326.3351109999348,True,0,,
20250821_010918,tabu_search,scale_free,830,1656,"{'m': 2, 'seed': 42}",roman_domination,416.0,1700.837524003873,True,0,,
20250821_010918,tabu_search,scale_free,850,1696,"{'m': 2, 'seed': 42}",roman_domination,428.0,1264.3011469990597,True,0,,
20250821_010918,tabu_search,scale_free,870,1736,"{'m': 2, 'seed': 42}",roman_domination,439.0,2015.5611360023613,True,0,,
20250821_010918,tabu_search,scale_free,890,1776,"{'m': 2, 'seed': 42}",roman_domination,445.0,1280.2954050057451,True,0,,
20250821_010918,tabu_search,scale_free,910,1816,"{'m': 2, 'seed': 42}",roman_domination,456.0,2582.4281800014433,True,0,,
20250821_010918,tabu_search,scale_free,930,1856,"{'m': 2, 'seed': 42}",roman_domination,469.0,2591.7933610035107,True,0,,
20250821_010918,tabu_search,scale_free,950,1896,"{'m': 2, 'seed': 42}",roman_domination,477.0,1555.0638339991565,True,0,,
20250821_010918,tabu_search,scale_free,970,1936,"{'m': 2, 'seed': 42}",roman_domination,491.0,2067.8823389971512,True,0,,
20250821_010918,tabu_search,scale_free,990,1976,"{'m': 2, 'seed': 42}",roman_domination,504.0,2619.735332998971,True,0,,
20250821_010918,tabu_search,small_world,10,30,"{'k': 6, 'p': 0.05, 'seed': 42}",roman_domination,4.0,204.88047199614812,True,0,,
20250821_010918,tabu_search,small_world,30,90,"{'k': 6, 'p': 0.05, 'seed': 42}",roman_domination,10.0,488.9347970020026,True,0,,
20250821_010918,tabu_search,small_world,50,150,"{'k': 6, 'p': 0.05, 'seed': 42}",roman_domination,15.0,659.9098669976229,True,0,,
20250821_010918,tabu_search,small_world,70,210,"{'k': 6, 'p': 0.05, 'seed': 42}",roman_domination,22.0,795.2500069950474,True,0,,
20250821_010918,tabu_search,small_world,90,270,"{'k': 6, 'p': 0.05, 'seed': 42}",roman_domination,29.0,933.6523370002396,True,0,,
20250821_010918,tabu_search,small_world,110,330,"{'k': 6, 'p': 0.05, 'seed': 42}",roman_domination,41.0,1215.2498750001541,True,0,,
20250821_010918,tabu_search,small_world,130,390,"{'k': 6, 'p': 0.05, 'seed': 42}",roman_domination,56.0,1443.218155996874,True,0,,
20250821_010918,tabu_search,small_world,150,450,"{'k': 6, 'p': 0.05, 'seed': 42}",roman_domination,65.0,1946.2226480027311,True,0,,
20250821_010918,tabu_search,small_world,170,510,"{'k': 6, 'p': 0.05, 'seed': 42}",roman_domination,70.0,2336.996543002897,True,0,,
20250821_010918,tabu_search,small_world,190,570,"{'k': 6, 'p': 0.05, 'seed': 42}",roman_domination,81.0,1489.5869419997325,True,0,,
20250821_010918,tabu_search,small_world,210,630,"{'k': 6, 'p': 0.05, 'seed': 42}",roman_domination,90.0,1059.1512009996222,True,0,,
20250821_010918,tabu_search,small_world,230,690,"{'k': 6, 'p': 0.05, 'seed': 42}",roman_domination,94.0,1407.6688550048857,True,0,,
20250821_010918,tabu_search,small_world,250,750,"{'k': 6, 'p': 0.05, 'seed': 42}",roman_domination,100.0,1504.9892110037035,True,0,,
20250821_010918,tabu_search,small_world,270,810,"{'k': 6, 'p': 0.05, 'seed': 42}",roman_domination,114.0,1337.097994000942,True,0,,
20250821_010918,tabu_search,small_world,290,870,"{'k': 6, 'p': 0.05, 'seed': 42}",roman_domination,117.0,1952.6028940017568,True,0,,
20250821_010918,tabu_search,small_world,310,930,"{'k': 6, 'p': 0.05, 'seed': 42}",roman_domination,123.0,1788.9189729976351,True,0,,
20250821_010918,tabu_search,small_world,330,990,"{'k': 6, 'p': 0.05, 'seed': 42}",roman_domination,137.0,2095.4873680020683,True,0,,
20250821_010918,tabu_search,small_world,350,1050,"{'k': 6, 'p': 0.05, 'seed': 42}",roman_domination,147.0,2257.309508997423,True,0,,
20250821_010918,tabu_search,small_world,370,1110,"{'k': 6, 'p': 0.05, 'seed': 42}",roman_domination,155.0,2390.5053030030103,True,0,,
20250821_010918,tabu_search,small_world,390,1170,"{'k': 6, 'p': 0.05, 'seed': 42}",roman_domination,157.0,2456.418591995316,True,0,,
20250821_010918,tabu_search,small_world,410,1230,"{'k': 6, 'p': 0.05, 'seed': 42}",roman_domination,174.0,2937.4065950032673,True,0,,
20250821_010918,tabu_search,small_world,430,1290,"{'k': 6, 'p': 0.05, 'seed': 42}",roman_domination,183.0,2902.050834003603,True,0,,
20250821_010918,tabu_search,small_world,450,1350,"{'k': 6, 'p': 0.05, 'seed': 42}",roman_domination,189.0,3017.374654999003,True,0,,
20250821_010918,tabu_search,small_world,470,1410,"{'k': 6, 'p': 0.05, 'seed': 42}",roman_domination,197.0,3093.5571859954507,True,0,,
20250821_010918,tabu_search,small_world,490,1470,"{'k': 6, 'p': 0.05, 'seed': 42}",roman_domination,206.0,3659.4222220010124,True,0,,
20250821_010918,tabu_search,small_world,510,1530,"{'k': 6, 'p': 0.05, 'seed': 42}",roman_domination,207.0,3940.993128999253,True,0,,
20250821_010918,tabu_search,small_world,530,1590,"{'k': 6, 'p': 0.05, 'seed': 42}",roman_domination,225.0,4196.953468002903,True,0,,
20250821_010918,tabu_search,small_world,550,1650,"{'k': 6, 'p': 0.05, 'seed': 42}",roman_domination,239.0,4155.502665002132,True,0,,
20250821_010918,tabu_search,small_world,570,1710,"{'k': 6, 'p': 0.05, 'seed': 42}",roman_domination,250.0,4089.1403979985625,True,0,,
20250821_010918,tabu_search,small_world,590,1770,"{'k': 6, 'p': 0.05, 'seed': 42}",roman_domination,254.0,5028.355069000099,True,0,,
20250821_010918,tabu_search,small_world,610,1830,"{'k': 6, 'p': 0.05, 'seed': 42}",roman_domination,264.0,4941.3463060045615,True,0,,
20250821_010918,tabu_search,small_world,630,1890,"{'k': 6, 'p': 0.05, 'seed': 42}",roman_domination,265.0,5231.054958996538,True,0,,
20250821_010918,tabu_search,small_world,650,1950,"{'k': 6, 'p': 0.05, 'seed': 42}",roman_domination,275.0,5739.47976600175,True,0,,
20250821_010918,tabu_search,small_world,670,2010,"{'k': 6, 'p': 0.05, 'seed': 42}",roman_domination,285.0,5409.428007005772,True,0,,
20250821_010918,tabu_search,small_world,690,2070,"{'k': 6, 'p': 0.05, 'seed': 42}",roman_domination,287.0,6072.059313999489,True,0,,
20250821_010918,tabu_search,small_world,710,2130,"{'k': 6, 'p': 0.05, 'seed': 42}",roman_domination,301.0,6277.304848998028,True,0,,
20250821_010918,tabu_search,small_world,730,2190,"{'k': 6, 'p': 0.05, 'seed': 42}",roman_domination,308.0,6304.504732004716,True,0,,
20250821_010918,tabu_search,small_world,750,2250,"{'k': 6, 'p': 0.05, 'seed': 42}",roman_domination,321.0,7180.858036001155,True,0,,
20250821_010918,tabu_search,small_world,770,2310,"{'k': 6, 'p': 0.05, 'seed': 42}",roman_domination,317.0,6928.444971999852,True,0,,
20250821_010918,tabu_search,small_world,790,2370,"{'k': 6, 'p': 0.05, 'seed': 42}",roman_domination,331.0,7925.789380002243,True,0,,
20250821_010918,tabu_search,small_world,810,2430,"{'k': 6, 'p': 0.05, 'seed': 42}",roman_domination,347.0,7210.106334998272,True,0,,
20250821_010918,tabu_search,small_world,830,2490,"{'k': 6, 'p': 0.05, 'seed': 42}",roman_domination,350.0,7944.245388993295,True,0,,
20250821_010918,tabu_search,small_world,850,2550,"{'k': 6, 'p': 0.05, 'seed': 42}",roman_domination,356.0,8545.184224996774,True,0,,
20250821_010918,tabu_search,small_world,870,2610,"{'k': 6, 'p': 0.05, 'seed': 42}",roman_domination,371.0,8737.119842997345,True,0,,
20250821_010918,tabu_search,small_world,890,2670,"{'k': 6, 'p': 0.05, 'seed': 42}",roman_domination,372.0,9092.715139995562,True,0,,
20250821_010918,tabu_search,small_world,910,2730,"{'k': 6, 'p': 0.05, 'seed': 42}",roman_domination,370.0,9550.818422001612,True,0,,
20250821_010918,tabu_search,small_world,930,2790,"{'k': 6, 'p': 0.05, 'seed': 42}",roman_domination,395.0,10014.852124004392,True,0,,
20250821_010918,tabu_search,small_world,950,2850,"{'k': 6, 'p': 0.05, 'seed': 42}",roman_domination,398.0,10003.858005002257,True,0,,
20250821_010918,tabu_search,small_world,970,2910,"{'k': 6, 'p': 0.05, 'seed': 42}",roman_domination,404.0,10123.781722002605,True,0,,
20250821_010918,tabu_search,small_world,990,2970,"{'k': 6, 'p': 0.05, 'seed': 42}",roman_domination,416.0,11479.361333003908,True,0,,
