run_id,algorithm,graph,n_nodes,n_edges,graph_params,license_config,total_cost,time_ms,valid,issues,image_path,notes
20250821_010918,dominating_set_algorithm,random,10,9,"{'p': 0.1, 'seed': 42}",roman_domination,7.0,0.07746800110908225,True,0,,
20250821_010918,dominating_set_algorithm,random,30,43,"{'p': 0.1, 'seed': 42}",roman_domination,17.0,0.22064099903218448,True,0,,
20250821_010918,dominating_set_algorithm,random,50,120,"{'p': 0.1, 'seed': 42}",roman_domination,22.0,0.4381319959065877,True,0,,
20250821_010918,dominating_set_algorithm,random,70,228,"{'p': 0.1, 'seed': 42}",roman_domination,27.0,0.7408040037262253,True,0,,
20250821_010918,dominating_set_algorithm,random,90,380,"{'p': 0.1, 'seed': 42}",roman_domination,34.0,1.40059399564052,True,0,,
20250821_010918,dominating_set_algorithm,random,110,581,"{'p': 0.1, 'seed': 42}",roman_domination,35.0,1.6765199980000034,True,0,,
20250821_010918,dominating_set_algorithm,random,130,819,"{'p': 0.1, 'seed': 42}",roman_domination,36.0,2.472979002050124,True,0,,
20250821_010918,dominating_set_algorithm,random,150,1103,"{'p': 0.1, 'seed': 42}",roman_domination,40.0,3.193275995727163,True,0,,
20250821_010918,dominating_set_algorithm,random,170,1395,"{'p': 0.1, 'seed': 42}",roman_domination,38.0,4.161996999755502,True,0,,
20250821_010918,dominating_set_algorithm,random,190,1776,"{'p': 0.1, 'seed': 42}",roman_domination,44.0,5.085256001621019,True,0,,
20250821_010918,dominating_set_algorithm,random,210,2175,"{'p': 0.1, 'seed': 42}",roman_domination,48.0,6.971024005906656,True,0,,
20250821_010918,dominating_set_algorithm,random,230,2619,"{'p': 0.1, 'seed': 42}",roman_domination,48.0,7.9297029951703735,True,0,,
20250821_010918,dominating_set_algorithm,random,250,3084,"{'p': 0.1, 'seed': 42}",roman_domination,45.0,9.091881001950242,True,0,,
20250821_010918,dominating_set_algorithm,random,270,3590,"{'p': 0.1, 'seed': 42}",roman_domination,47.0,11.19237200327916,True,0,,
20250821_010918,dominating_set_algorithm,random,290,4163,"{'p': 0.1, 'seed': 42}",roman_domination,53.0,13.7626529976842,True,0,,
20250821_010918,dominating_set_algorithm,random,310,4788,"{'p': 0.1, 'seed': 42}",roman_domination,53.0,15.015967001090758,True,0,,
20250821_010918,dominating_set_algorithm,random,330,5428,"{'p': 0.1, 'seed': 42}",roman_domination,55.0,17.394069996953476,True,0,,
20250821_010918,dominating_set_algorithm,random,350,6131,"{'p': 0.1, 'seed': 42}",roman_domination,56.0,18.659662004210986,True,0,,
20250821_010918,dominating_set_algorithm,random,370,6883,"{'p': 0.1, 'seed': 42}",roman_domination,55.0,19.81232800608268,True,0,,
20250821_010918,dominating_set_algorithm,random,390,7676,"{'p': 0.1, 'seed': 42}",roman_domination,48.0,23.08661000279244,True,0,,
20250821_010918,dominating_set_algorithm,random,410,8433,"{'p': 0.1, 'seed': 42}",roman_domination,55.0,24.81389899912756,True,0,,
20250821_010918,dominating_set_algorithm,random,430,9286,"{'p': 0.1, 'seed': 42}",roman_domination,52.0,27.739359997212887,True,0,,
20250821_010918,dominating_set_algorithm,random,450,10158,"{'p': 0.1, 'seed': 42}",roman_domination,57.0,31.00558999722125,True,0,,
20250821_010918,dominating_set_algorithm,random,470,11119,"{'p': 0.1, 'seed': 42}",roman_domination,60.0,33.76099400338717,True,0,,
20250821_010918,dominating_set_algorithm,random,490,12073,"{'p': 0.1, 'seed': 42}",roman_domination,61.0,35.0411300023552,True,0,,
20250821_010918,dominating_set_algorithm,random,510,13054,"{'p': 0.1, 'seed': 42}",roman_domination,57.0,39.19424099876778,True,0,,
20250821_010918,dominating_set_algorithm,random,530,14070,"{'p': 0.1, 'seed': 42}",roman_domination,61.0,43.30264199961675,True,0,,
20250821_010918,dominating_set_algorithm,random,550,15147,"{'p': 0.1, 'seed': 42}",roman_domination,58.0,48.56187700352166,True,0,,
20250821_010918,dominating_set_algorithm,random,570,16242,"{'p': 0.1, 'seed': 42}",roman_domination,65.0,49.39939099858748,True,0,,
20250821_010918,dominating_set_algorithm,random,590,17437,"{'p': 0.1, 'seed': 42}",roman_domination,64.0,52.73016999854008,True,0,,
20250821_010918,dominating_set_algorithm,random,610,18614,"{'p': 0.1, 'seed': 42}",roman_domination,62.0,53.69025600521127,True,0,,
20250821_010918,dominating_set_algorithm,random,630,19860,"{'p': 0.1, 'seed': 42}",roman_domination,61.0,55.43724099698011,True,0,,
20250821_010918,dominating_set_algorithm,random,650,21118,"{'p': 0.1, 'seed': 42}",roman_domination,64.0,62.283523999212775,True,0,,
20250821_010918,dominating_set_algorithm,random,670,22424,"{'p': 0.1, 'seed': 42}",roman_domination,59.0,69.18830200447701,True,0,,
20250821_010918,dominating_set_algorithm,random,690,23815,"{'p': 0.1, 'seed': 42}",roman_domination,65.0,96.72614699957194,True,0,,
20250821_010918,dominating_set_algorithm,random,710,25210,"{'p': 0.1, 'seed': 42}",roman_domination,64.0,77.67279299878282,True,0,,
20250821_010918,dominating_set_algorithm,random,730,26570,"{'p': 0.1, 'seed': 42}",roman_domination,67.0,82.58149500034051,True,0,,
20250821_010918,dominating_set_algorithm,random,750,28065,"{'p': 0.1, 'seed': 42}",roman_domination,66.0,88.53133500088006,True,0,,
20250821_010918,dominating_set_algorithm,random,770,29598,"{'p': 0.1, 'seed': 42}",roman_domination,65.0,92.06973399705021,True,0,,
20250821_010918,dominating_set_algorithm,random,790,31177,"{'p': 0.1, 'seed': 42}",roman_domination,69.0,103.70421099651139,True,0,,
20250821_010918,dominating_set_algorithm,random,810,32778,"{'p': 0.1, 'seed': 42}",roman_domination,71.0,115.48119600047357,True,0,,
20250821_010918,dominating_set_algorithm,random,830,34379,"{'p': 0.1, 'seed': 42}",roman_domination,71.0,119.07109700405272,True,0,,
20250821_010918,dominating_set_algorithm,random,850,36107,"{'p': 0.1, 'seed': 42}",roman_domination,75.0,126.33388100221055,True,0,,
20250821_010918,dominating_set_algorithm,random,870,37776,"{'p': 0.1, 'seed': 42}",roman_domination,68.0,136.24883299780777,True,0,,
20250821_010918,dominating_set_algorithm,random,890,39565,"{'p': 0.1, 'seed': 42}",roman_domination,74.0,139.7827840046375,True,0,,
20250821_010918,dominating_set_algorithm,random,910,41408,"{'p': 0.1, 'seed': 42}",roman_domination,67.0,145.57991500623757,True,0,,
20250821_010918,dominating_set_algorithm,random,930,43243,"{'p': 0.1, 'seed': 42}",roman_domination,72.0,153.71704400604358,True,0,,
20250821_010918,dominating_set_algorithm,random,950,45065,"{'p': 0.1, 'seed': 42}",roman_domination,67.0,166.9327439958579,True,0,,
20250821_010918,dominating_set_algorithm,random,970,46973,"{'p': 0.1, 'seed': 42}",roman_domination,73.0,180.9873950041947,True,0,,
20250821_010918,dominating_set_algorithm,random,990,48936,"{'p': 0.1, 'seed': 42}",roman_domination,76.0,180.8131029974902,True,0,,
20250821_010918,dominating_set_algorithm,scale_free,10,16,"{'m': 2, 'seed': 42}",roman_domination,5.0,0.06544100324390456,True,0,,
20250821_010918,dominating_set_algorithm,scale_free,30,56,"{'m': 2, 'seed': 42}",roman_domination,9.0,0.16630399477435276,True,0,,
20250821_010918,dominating_set_algorithm,scale_free,50,96,"{'m': 2, 'seed': 42}",roman_domination,22.0,0.30882799910614267,True,0,,
20250821_010918,dominating_set_algorithm,scale_free,70,136,"{'m': 2, 'seed': 42}",roman_domination,27.0,0.5763219960499555,True,0,,
20250821_010918,dominating_set_algorithm,scale_free,90,176,"{'m': 2, 'seed': 42}",roman_domination,33.0,0.8326049937750213,True,0,,
20250821_010918,dominating_set_algorithm,scale_free,110,216,"{'m': 2, 'seed': 42}",roman_domination,40.0,1.0765370025183074,True,0,,
20250821_010918,dominating_set_algorithm,scale_free,130,256,"{'m': 2, 'seed': 42}",roman_domination,48.0,1.5368949971161783,True,0,,
20250821_010918,dominating_set_algorithm,scale_free,150,296,"{'m': 2, 'seed': 42}",roman_domination,65.0,1.903094002045691,True,0,,
20250821_010918,dominating_set_algorithm,scale_free,170,336,"{'m': 2, 'seed': 42}",roman_domination,76.0,2.3718750016996637,True,0,,
20250821_010918,dominating_set_algorithm,scale_free,190,376,"{'m': 2, 'seed': 42}",roman_domination,87.0,3.025830999831669,True,0,,
20250821_010918,dominating_set_algorithm,scale_free,210,416,"{'m': 2, 'seed': 42}",roman_domination,95.0,3.5639400011859834,True,0,,
20250821_010918,dominating_set_algorithm,scale_free,230,456,"{'m': 2, 'seed': 42}",roman_domination,109.0,4.518930996709969,True,0,,
20250821_010918,dominating_set_algorithm,scale_free,250,496,"{'m': 2, 'seed': 42}",roman_domination,120.0,5.111181002575904,True,0,,
20250821_010918,dominating_set_algorithm,scale_free,270,536,"{'m': 2, 'seed': 42}",roman_domination,131.0,6.642225001996849,True,0,,
20250821_010918,dominating_set_algorithm,scale_free,290,576,"{'m': 2, 'seed': 42}",roman_domination,141.0,10.012090002419427,True,0,,
20250821_010918,dominating_set_algorithm,scale_free,310,616,"{'m': 2, 'seed': 42}",roman_domination,150.0,8.394928998313844,True,0,,
20250821_010918,dominating_set_algorithm,scale_free,330,656,"{'m': 2, 'seed': 42}",roman_domination,161.0,9.861169994110242,True,0,,
20250821_010918,dominating_set_algorithm,scale_free,350,696,"{'m': 2, 'seed': 42}",roman_domination,171.0,10.860021000553388,True,0,,
20250821_010918,dominating_set_algorithm,scale_free,370,736,"{'m': 2, 'seed': 42}",roman_domination,181.0,20.602265998604707,True,0,,
20250821_010918,dominating_set_algorithm,scale_free,390,776,"{'m': 2, 'seed': 42}",roman_domination,193.0,15.42622299893992,True,0,,
20250821_010918,dominating_set_algorithm,scale_free,410,816,"{'m': 2, 'seed': 42}",roman_domination,202.0,17.270502001338173,True,0,,
20250821_010918,dominating_set_algorithm,scale_free,430,856,"{'m': 2, 'seed': 42}",roman_domination,211.0,19.551792000129353,True,0,,
20250821_010918,dominating_set_algorithm,scale_free,450,896,"{'m': 2, 'seed': 42}",roman_domination,220.0,19.476621004287153,True,0,,
20250821_010918,dominating_set_algorithm,scale_free,470,936,"{'m': 2, 'seed': 42}",roman_domination,232.0,19.602361004217528,True,0,,
20250821_010918,dominating_set_algorithm,scale_free,490,976,"{'m': 2, 'seed': 42}",roman_domination,241.0,22.565924002265092,True,0,,
20250821_010918,dominating_set_algorithm,scale_free,510,1016,"{'m': 2, 'seed': 42}",roman_domination,256.0,24.746239992964547,True,0,,
20250821_010918,dominating_set_algorithm,scale_free,530,1056,"{'m': 2, 'seed': 42}",roman_domination,262.0,28.345339000225067,True,0,,
20250821_010918,dominating_set_algorithm,scale_free,550,1096,"{'m': 2, 'seed': 42}",roman_domination,270.0,30.769142002100125,True,0,,
20250821_010918,dominating_set_algorithm,scale_free,570,1136,"{'m': 2, 'seed': 42}",roman_domination,284.0,31.469196001125965,True,0,,
20250821_010918,dominating_set_algorithm,scale_free,590,1176,"{'m': 2, 'seed': 42}",roman_domination,292.0,33.82815200166078,True,0,,
20250821_010918,dominating_set_algorithm,scale_free,610,1216,"{'m': 2, 'seed': 42}",roman_domination,307.0,36.85764200054109,True,0,,
20250821_010918,dominating_set_algorithm,scale_free,630,1256,"{'m': 2, 'seed': 42}",roman_domination,319.0,38.67994299798738,True,0,,
20250821_010918,dominating_set_algorithm,scale_free,650,1296,"{'m': 2, 'seed': 42}",roman_domination,326.0,42.13143500237493,True,0,,
20250821_010918,dominating_set_algorithm,scale_free,670,1336,"{'m': 2, 'seed': 42}",roman_domination,341.0,44.79305000131717,True,0,,
20250821_010918,dominating_set_algorithm,scale_free,690,1376,"{'m': 2, 'seed': 42}",roman_domination,349.0,46.918321000703145,True,0,,
20250821_010918,dominating_set_algorithm,scale_free,710,1416,"{'m': 2, 'seed': 42}",roman_domination,360.0,75.8234570021159,True,0,,
20250821_010918,dominating_set_algorithm,scale_free,730,1456,"{'m': 2, 'seed': 42}",roman_domination,371.0,65.28015799995046,True,0,,
20250821_010918,dominating_set_algorithm,scale_free,750,1496,"{'m': 2, 'seed': 42}",roman_domination,377.0,55.01263200130779,True,0,,
20250821_010918,dominating_set_algorithm,scale_free,770,1536,"{'m': 2, 'seed': 42}",roman_domination,385.0,57.86702000477817,True,0,,
20250821_010918,dominating_set_algorithm,scale_free,790,1576,"{'m': 2, 'seed': 42}",roman_domination,393.0,61.20363000081852,True,0,,
20250821_010918,dominating_set_algorithm,scale_free,810,1616,"{'m': 2, 'seed': 42}",roman_domination,405.0,63.596845997381024,True,0,,
20250821_010918,dominating_set_algorithm,scale_free,830,1656,"{'m': 2, 'seed': 42}",roman_domination,414.0,67.06409100297606,True,0,,
20250821_010918,dominating_set_algorithm,scale_free,850,1696,"{'m': 2, 'seed': 42}",roman_domination,426.0,72.01332900149282,True,0,,
20250821_010918,dominating_set_algorithm,scale_free,870,1736,"{'m': 2, 'seed': 42}",roman_domination,435.0,74.48216799821239,True,0,,
20250821_010918,dominating_set_algorithm,scale_free,890,1776,"{'m': 2, 'seed': 42}",roman_domination,440.0,77.56597099796636,True,0,,
20250821_010918,dominating_set_algorithm,scale_free,910,1816,"{'m': 2, 'seed': 42}",roman_domination,451.0,87.0632329970249,True,0,,
20250821_010918,dominating_set_algorithm,scale_free,930,1856,"{'m': 2, 'seed': 42}",roman_domination,464.0,91.34104999975534,True,0,,
20250821_010918,dominating_set_algorithm,scale_free,950,1896,"{'m': 2, 'seed': 42}",roman_domination,475.0,94.39287200075341,True,0,,
20250821_010918,dominating_set_algorithm,scale_free,970,1936,"{'m': 2, 'seed': 42}",roman_domination,485.0,100.59692499635275,True,0,,
20250821_010918,dominating_set_algorithm,scale_free,990,1976,"{'m': 2, 'seed': 42}",roman_domination,499.0,103.8017190003302,True,0,,
20250821_010918,dominating_set_algorithm,small_world,10,30,"{'k': 6, 'p': 0.05, 'seed': 42}",roman_domination,4.0,0.0715749993105419,True,0,,
20250821_010918,dominating_set_algorithm,small_world,30,90,"{'k': 6, 'p': 0.05, 'seed': 42}",roman_domination,10.0,0.18493999959900975,True,0,,
20250821_010918,dominating_set_algorithm,small_world,50,150,"{'k': 6, 'p': 0.05, 'seed': 42}",roman_domination,17.0,0.36040000122739,True,0,,
20250821_010918,dominating_set_algorithm,small_world,70,210,"{'k': 6, 'p': 0.05, 'seed': 42}",roman_domination,22.0,0.5828139983350411,True,0,,
20250821_010918,dominating_set_algorithm,small_world,90,270,"{'k': 6, 'p': 0.05, 'seed': 42}",roman_domination,28.0,0.9053469984792173,True,0,,
20250821_010918,dominating_set_algorithm,small_world,110,330,"{'k': 6, 'p': 0.05, 'seed': 42}",roman_domination,36.0,1.2730640009976923,True,0,,
20250821_010918,dominating_set_algorithm,small_world,130,390,"{'k': 6, 'p': 0.05, 'seed': 42}",roman_domination,45.0,1.840232995164115,True,0,,
20250821_010918,dominating_set_algorithm,small_world,150,450,"{'k': 6, 'p': 0.05, 'seed': 42}",roman_domination,52.0,2.309323004737962,True,0,,
20250821_010918,dominating_set_algorithm,small_world,170,510,"{'k': 6, 'p': 0.05, 'seed': 42}",roman_domination,56.0,2.786527998978272,True,0,,
20250821_010918,dominating_set_algorithm,small_world,190,570,"{'k': 6, 'p': 0.05, 'seed': 42}",roman_domination,61.0,3.3963699970627204,True,0,,
20250821_010918,dominating_set_algorithm,small_world,210,630,"{'k': 6, 'p': 0.05, 'seed': 42}",roman_domination,70.0,4.478702001506463,True,0,,
20250821_010918,dominating_set_algorithm,small_world,230,690,"{'k': 6, 'p': 0.05, 'seed': 42}",roman_domination,77.0,5.050686995673459,True,0,,
20250821_010918,dominating_set_algorithm,small_world,250,750,"{'k': 6, 'p': 0.05, 'seed': 42}",roman_domination,84.0,6.3001419985084794,True,0,,
20250821_010918,dominating_set_algorithm,small_world,270,810,"{'k': 6, 'p': 0.05, 'seed': 42}",roman_domination,89.0,6.524354001157917,True,0,,
20250821_010918,dominating_set_algorithm,small_world,290,870,"{'k': 6, 'p': 0.05, 'seed': 42}",roman_domination,98.0,7.904111000243574,True,0,,
20250821_010918,dominating_set_algorithm,small_world,310,930,"{'k': 6, 'p': 0.05, 'seed': 42}",roman_domination,104.0,9.136027001659386,True,0,,
20250821_010918,dominating_set_algorithm,small_world,330,990,"{'k': 6, 'p': 0.05, 'seed': 42}",roman_domination,110.0,10.038057000201661,True,0,,
20250821_010918,dominating_set_algorithm,small_world,350,1050,"{'k': 6, 'p': 0.05, 'seed': 42}",roman_domination,117.0,13.609417001134716,True,0,,
20250821_010918,dominating_set_algorithm,small_world,370,1110,"{'k': 6, 'p': 0.05, 'seed': 42}",roman_domination,126.0,15.094924994627945,True,0,,
20250821_010918,dominating_set_algorithm,small_world,390,1170,"{'k': 6, 'p': 0.05, 'seed': 42}",roman_domination,130.0,14.461997998296283,True,0,,
20250821_010918,dominating_set_algorithm,small_world,410,1230,"{'k': 6, 'p': 0.05, 'seed': 42}",roman_domination,136.0,15.8233999973163,True,0,,
20250821_010918,dominating_set_algorithm,small_world,430,1290,"{'k': 6, 'p': 0.05, 'seed': 42}",roman_domination,143.0,17.061657999875024,True,0,,
20250821_010918,dominating_set_algorithm,small_world,450,1350,"{'k': 6, 'p': 0.05, 'seed': 42}",roman_domination,153.0,19.648046996735502,True,0,,
20250821_010918,dominating_set_algorithm,small_world,470,1410,"{'k': 6, 'p': 0.05, 'seed': 42}",roman_domination,156.0,20.705743998405524,True,0,,
20250821_010918,dominating_set_algorithm,small_world,490,1470,"{'k': 6, 'p': 0.05, 'seed': 42}",roman_domination,164.0,23.14137000212213,True,0,,
20250821_010918,dominating_set_algorithm,small_world,510,1530,"{'k': 6, 'p': 0.05, 'seed': 42}",roman_domination,166.0,23.904521003714763,True,0,,
20250821_010918,dominating_set_algorithm,small_world,530,1590,"{'k': 6, 'p': 0.05, 'seed': 42}",roman_domination,178.0,25.894664999214,True,0,,
20250821_010918,dominating_set_algorithm,small_world,550,1650,"{'k': 6, 'p': 0.05, 'seed': 42}",roman_domination,181.0,27.537801004655194,True,0,,
20250821_010918,dominating_set_algorithm,small_world,570,1710,"{'k': 6, 'p': 0.05, 'seed': 42}",roman_domination,192.0,29.287632001796737,True,0,,
20250821_010918,dominating_set_algorithm,small_world,590,1770,"{'k': 6, 'p': 0.05, 'seed': 42}",roman_domination,198.0,30.92023699718993,True,0,,
20250821_010918,dominating_set_algorithm,small_world,610,1830,"{'k': 6, 'p': 0.05, 'seed': 42}",roman_domination,205.0,34.741297000437044,True,0,,
20250821_010918,dominating_set_algorithm,small_world,630,1890,"{'k': 6, 'p': 0.05, 'seed': 42}",roman_domination,211.0,35.66269400471356,True,0,,
20250821_010918,dominating_set_algorithm,small_world,650,1950,"{'k': 6, 'p': 0.05, 'seed': 42}",roman_domination,213.0,37.51549500157125,True,0,,
20250821_010918,dominating_set_algorithm,small_world,670,2010,"{'k': 6, 'p': 0.05, 'seed': 42}",roman_domination,218.0,39.71324699523393,True,0,,
20250821_010918,dominating_set_algorithm,small_world,690,2070,"{'k': 6, 'p': 0.05, 'seed': 42}",roman_domination,225.0,42.09710999566596,True,0,,
20250821_010918,dominating_set_algorithm,small_world,710,2130,"{'k': 6, 'p': 0.05, 'seed': 42}",roman_domination,231.0,46.25108600157546,True,0,,
20250821_010918,dominating_set_algorithm,small_world,730,2190,"{'k': 6, 'p': 0.05, 'seed': 42}",roman_domination,240.0,47.43772199435625,True,0,,
20250821_010918,dominating_set_algorithm,small_world,750,2250,"{'k': 6, 'p': 0.05, 'seed': 42}",roman_domination,249.0,50.26044999976875,True,0,,
20250821_010918,dominating_set_algorithm,small_world,770,2310,"{'k': 6, 'p': 0.05, 'seed': 42}",roman_domination,258.0,53.564293004455976,True,0,,
20250821_010918,dominating_set_algorithm,small_world,790,2370,"{'k': 6, 'p': 0.05, 'seed': 42}",roman_domination,264.0,59.06616900028894,True,0,,
20250821_010918,dominating_set_algorithm,small_world,810,2430,"{'k': 6, 'p': 0.05, 'seed': 42}",roman_domination,273.0,61.47793600393925,True,0,,
20250821_010918,dominating_set_algorithm,small_world,830,2490,"{'k': 6, 'p': 0.05, 'seed': 42}",roman_domination,276.0,68.7038379983278,True,0,,
20250821_010918,dominating_set_algorithm,small_world,850,2550,"{'k': 6, 'p': 0.05, 'seed': 42}",roman_domination,284.0,67.35379200108582,True,0,,
20250821_010918,dominating_set_algorithm,small_world,870,2610,"{'k': 6, 'p': 0.05, 'seed': 42}",roman_domination,295.0,70.18627299839864,True,0,,
20250821_010918,dominating_set_algorithm,small_world,890,2670,"{'k': 6, 'p': 0.05, 'seed': 42}",roman_domination,296.0,72.97468400065554,True,0,,
20250821_010918,dominating_set_algorithm,small_world,910,2730,"{'k': 6, 'p': 0.05, 'seed': 42}",roman_domination,303.0,81.69629500480369,True,0,,
20250821_010918,dominating_set_algorithm,small_world,930,2790,"{'k': 6, 'p': 0.05, 'seed': 42}",roman_domination,313.0,85.14079499582294,True,0,,
20250821_010918,dominating_set_algorithm,small_world,950,2850,"{'k': 6, 'p': 0.05, 'seed': 42}",roman_domination,313.0,88.23364399722777,True,0,,
20250821_010918,dominating_set_algorithm,small_world,970,2910,"{'k': 6, 'p': 0.05, 'seed': 42}",roman_domination,331.0,93.70751399546862,True,0,,
20250821_010918,dominating_set_algorithm,small_world,990,2970,"{'k': 6, 'p': 0.05, 'seed': 42}",roman_domination,327.0,93.99232500436483,True,0,,
