run_id,algorithm,graph,n_nodes,n_edges,graph_params,license_config,total_cost,time_ms,valid,issues,image_path,notes
20250821_010918,greedy,random,10,9,"{'p': 0.1, 'seed': 42}",roman_domination,7.0,0.0529710014234297,True,0,,
20250821_010918,greedy,random,30,43,"{'p': 0.1, 'seed': 42}",roman_domination,19.0,0.09535600111121312,True,0,,
20250821_010918,greedy,random,50,120,"{'p': 0.1, 'seed': 42}",roman_domination,24.0,0.10952100274153054,True,0,,
20250821_010918,greedy,random,70,228,"{'p': 0.1, 'seed': 42}",roman_domination,33.0,0.13339300494408235,True,0,,
20250821_010918,greedy,random,90,380,"{'p': 0.1, 'seed': 42}",roman_domination,34.0,0.15066999912960455,True,0,,
20250821_010918,greedy,random,110,581,"{'p': 0.1, 'seed': 42}",roman_domination,36.0,0.16497800243087113,True,0,,
20250821_010918,greedy,random,130,819,"{'p': 0.1, 'seed': 42}",roman_domination,37.0,0.1913980013341643,True,0,,
20250821_010918,greedy,random,150,1103,"{'p': 0.1, 'seed': 42}",roman_domination,45.0,0.2108730041072704,True,0,,
20250821_010918,greedy,random,170,1395,"{'p': 0.1, 'seed': 42}",roman_domination,44.0,0.22341299336403608,True,0,,
20250821_010918,greedy,random,190,1776,"{'p': 0.1, 'seed': 42}",roman_domination,45.0,0.24513699463568628,True,0,,
20250821_010918,greedy,random,210,2175,"{'p': 0.1, 'seed': 42}",roman_domination,52.0,0.27167300140718,True,0,,
20250821_010918,greedy,random,230,2619,"{'p': 0.1, 'seed': 42}",roman_domination,48.0,0.28705300064757466,True,0,,
20250821_010918,greedy,random,250,3084,"{'p': 0.1, 'seed': 42}",roman_domination,49.0,0.2890959949581884,True,0,,
20250821_010918,greedy,random,270,3590,"{'p': 0.1, 'seed': 42}",roman_domination,50.0,0.4556929998216219,True,0,,
20250821_010918,greedy,random,290,4163,"{'p': 0.1, 'seed': 42}",roman_domination,53.0,0.3421849978622049,True,0,,
20250821_010918,greedy,random,310,4788,"{'p': 0.1, 'seed': 42}",roman_domination,56.0,0.5844359984621406,True,0,,
20250821_010918,greedy,random,330,5428,"{'p': 0.1, 'seed': 42}",roman_domination,54.0,0.5837320059072226,True,0,,
20250821_010918,greedy,random,350,6131,"{'p': 0.1, 'seed': 42}",roman_domination,52.0,0.412252004025504,True,0,,
20250821_010918,greedy,random,370,6883,"{'p': 0.1, 'seed': 42}",roman_domination,60.0,0.46735800424357876,True,0,,
20250821_010918,greedy,random,390,7676,"{'p': 0.1, 'seed': 42}",roman_domination,51.0,0.4589969976223074,True,0,,
20250821_010918,greedy,random,410,8433,"{'p': 0.1, 'seed': 42}",roman_domination,58.0,0.46943499910412356,True,0,,
20250821_010918,greedy,random,430,9286,"{'p': 0.1, 'seed': 42}",roman_domination,62.0,0.4974170005880296,True,0,,
20250821_010918,greedy,random,450,10158,"{'p': 0.1, 'seed': 42}",roman_domination,55.0,0.5082819989183918,True,0,,
20250821_010918,greedy,random,470,11119,"{'p': 0.1, 'seed': 42}",roman_domination,59.0,0.5217159996391274,True,0,,
20250821_010918,greedy,random,490,12073,"{'p': 0.1, 'seed': 42}",roman_domination,59.0,0.5371240040403791,True,0,,
20250821_010918,greedy,random,510,13054,"{'p': 0.1, 'seed': 42}",roman_domination,59.0,0.5697890010196716,True,0,,
20250821_010918,greedy,random,530,14070,"{'p': 0.1, 'seed': 42}",roman_domination,63.0,0.5941229974268936,True,0,,
20250821_010918,greedy,random,550,15147,"{'p': 0.1, 'seed': 42}",roman_domination,67.0,0.6398710029316135,True,0,,
20250821_010918,greedy,random,570,16242,"{'p': 0.1, 'seed': 42}",roman_domination,67.0,0.6301520043052733,True,0,,
20250821_010918,greedy,random,590,17437,"{'p': 0.1, 'seed': 42}",roman_domination,63.0,0.6653700038441457,True,0,,
20250821_010918,greedy,random,610,18614,"{'p': 0.1, 'seed': 42}",roman_domination,58.0,0.6666150002274662,True,0,,
20250821_010918,greedy,random,630,19860,"{'p': 0.1, 'seed': 42}",roman_domination,65.0,0.6888740026624873,True,0,,
20250821_010918,greedy,random,650,21118,"{'p': 0.1, 'seed': 42}",roman_domination,70.0,0.7282229998963885,True,0,,
20250821_010918,greedy,random,670,22424,"{'p': 0.1, 'seed': 42}",roman_domination,64.0,0.753945998440031,True,0,,
20250821_010918,greedy,random,690,23815,"{'p': 0.1, 'seed': 42}",roman_domination,63.0,0.8087780006462708,True,0,,
20250821_010918,greedy,random,710,25210,"{'p': 0.1, 'seed': 42}",roman_domination,67.0,0.7865360021241941,True,0,,
20250821_010918,greedy,random,730,26570,"{'p': 0.1, 'seed': 42}",roman_domination,67.0,0.8092799980659038,True,0,,
20250821_010918,greedy,random,750,28065,"{'p': 0.1, 'seed': 42}",roman_domination,75.0,0.8752749999985099,True,0,,
20250821_010918,greedy,random,770,29598,"{'p': 0.1, 'seed': 42}",roman_domination,65.0,0.8227250000345521,True,0,,
20250821_010918,greedy,random,790,31177,"{'p': 0.1, 'seed': 42}",roman_domination,66.0,0.9456350016989745,True,0,,
20250821_010918,greedy,random,810,32778,"{'p': 0.1, 'seed': 42}",roman_domination,66.0,0.890978000825271,True,0,,
20250821_010918,greedy,random,830,34379,"{'p': 0.1, 'seed': 42}",roman_domination,70.0,1.0334999969927594,True,0,,
20250821_010918,greedy,random,850,36107,"{'p': 0.1, 'seed': 42}",roman_domination,69.0,0.9977719964808784,True,0,,
20250821_010918,greedy,random,870,37776,"{'p': 0.1, 'seed': 42}",roman_domination,68.0,1.0372029937570915,True,0,,
20250821_010918,greedy,random,890,39565,"{'p': 0.1, 'seed': 42}",roman_domination,72.0,1.4649549993919209,True,0,,
20250821_010918,greedy,random,910,41408,"{'p': 0.1, 'seed': 42}",roman_domination,75.0,1.6612279941909947,True,0,,
20250821_010918,greedy,random,930,43243,"{'p': 0.1, 'seed': 42}",roman_domination,71.0,1.0916370010818355,True,0,,
20250821_010918,greedy,random,950,45065,"{'p': 0.1, 'seed': 42}",roman_domination,73.0,1.0879359979298897,True,0,,
20250821_010918,greedy,random,970,46973,"{'p': 0.1, 'seed': 42}",roman_domination,72.0,1.129830998252146,True,0,,
20250821_010918,greedy,random,990,48936,"{'p': 0.1, 'seed': 42}",roman_domination,72.0,1.1060010001529008,True,0,,
20250821_010918,greedy,scale_free,10,16,"{'m': 2, 'seed': 42}",roman_domination,5.0,0.048221998440567404,True,0,,
20250821_010918,greedy,scale_free,30,56,"{'m': 2, 'seed': 42}",roman_domination,10.0,0.06630199641222134,True,0,,
20250821_010918,greedy,scale_free,50,96,"{'m': 2, 'seed': 42}",roman_domination,21.0,0.09402000432601199,True,0,,
20250821_010918,greedy,scale_free,70,136,"{'m': 2, 'seed': 42}",roman_domination,27.0,0.11717999586835504,True,0,,
20250821_010918,greedy,scale_free,90,176,"{'m': 2, 'seed': 42}",roman_domination,34.0,0.13933500304119661,True,0,,
20250821_010918,greedy,scale_free,110,216,"{'m': 2, 'seed': 42}",roman_domination,40.0,0.1595619978616014,True,0,,
20250821_010918,greedy,scale_free,130,256,"{'m': 2, 'seed': 42}",roman_domination,48.0,0.1725469992379658,True,0,,
20250821_010918,greedy,scale_free,150,296,"{'m': 2, 'seed': 42}",roman_domination,64.0,0.2121459983754903,True,0,,
20250821_010918,greedy,scale_free,170,336,"{'m': 2, 'seed': 42}",roman_domination,75.0,0.22624600387644023,True,0,,
20250821_010918,greedy,scale_free,190,376,"{'m': 2, 'seed': 42}",roman_domination,86.0,0.2592210003058426,True,0,,
20250821_010918,greedy,scale_free,210,416,"{'m': 2, 'seed': 42}",roman_domination,96.0,0.28670200117630884,True,0,,
20250821_010918,greedy,scale_free,230,456,"{'m': 2, 'seed': 42}",roman_domination,113.0,0.31225800194079056,True,0,,
20250821_010918,greedy,scale_free,250,496,"{'m': 2, 'seed': 42}",roman_domination,124.0,0.35034699976677075,True,0,,
20250821_010918,greedy,scale_free,270,536,"{'m': 2, 'seed': 42}",roman_domination,131.0,0.37603199598379433,True,0,,
20250821_010918,greedy,scale_free,290,576,"{'m': 2, 'seed': 42}",roman_domination,141.0,0.4368459995021112,True,0,,
20250821_010918,greedy,scale_free,310,616,"{'m': 2, 'seed': 42}",roman_domination,151.0,0.6868950003990903,True,0,,
20250821_010918,greedy,scale_free,330,656,"{'m': 2, 'seed': 42}",roman_domination,161.0,0.48644200433045626,True,0,,
20250821_010918,greedy,scale_free,350,696,"{'m': 2, 'seed': 42}",roman_domination,171.0,0.5554160015890375,True,0,,
20250821_010918,greedy,scale_free,370,736,"{'m': 2, 'seed': 42}",roman_domination,181.0,0.5267329979687929,True,0,,
20250821_010918,greedy,scale_free,390,776,"{'m': 2, 'seed': 42}",roman_domination,192.0,0.6112160044722259,True,0,,
20250821_010918,greedy,scale_free,410,816,"{'m': 2, 'seed': 42}",roman_domination,201.0,2.333252996322699,True,0,,
20250821_010918,greedy,scale_free,430,856,"{'m': 2, 'seed': 42}",roman_domination,210.0,2.2786180052207783,True,0,,
20250821_010918,greedy,scale_free,450,896,"{'m': 2, 'seed': 42}",roman_domination,219.0,2.240324000013061,True,0,,
20250821_010918,greedy,scale_free,470,936,"{'m': 2, 'seed': 42}",roman_domination,231.0,0.6787810052628629,True,0,,
20250821_010918,greedy,scale_free,490,976,"{'m': 2, 'seed': 42}",roman_domination,240.0,0.7084710014169104,True,0,,
20250821_010918,greedy,scale_free,510,1016,"{'m': 2, 'seed': 42}",roman_domination,255.0,0.782615999924019,True,0,,
20250821_010918,greedy,scale_free,530,1056,"{'m': 2, 'seed': 42}",roman_domination,262.0,0.8010980018298142,True,0,,
20250821_010918,greedy,scale_free,550,1096,"{'m': 2, 'seed': 42}",roman_domination,272.0,0.7804490014677867,True,0,,
20250821_010918,greedy,scale_free,570,1136,"{'m': 2, 'seed': 42}",roman_domination,285.0,0.8371299991267733,True,0,,
20250821_010918,greedy,scale_free,590,1176,"{'m': 2, 'seed': 42}",roman_domination,292.0,0.8255560023826547,True,0,,
20250821_010918,greedy,scale_free,610,1216,"{'m': 2, 'seed': 42}",roman_domination,307.0,0.8969159971456975,True,0,,
20250821_010918,greedy,scale_free,630,1256,"{'m': 2, 'seed': 42}",roman_domination,319.0,1.4485349965980276,True,0,,
20250821_010918,greedy,scale_free,650,1296,"{'m': 2, 'seed': 42}",roman_domination,327.0,0.9344649952254258,True,0,,
20250821_010918,greedy,scale_free,670,1336,"{'m': 2, 'seed': 42}",roman_domination,342.0,0.9857890036073513,True,0,,
20250821_010918,greedy,scale_free,690,1376,"{'m': 2, 'seed': 42}",roman_domination,351.0,1.00281200138852,True,0,,
20250821_010918,greedy,scale_free,710,1416,"{'m': 2, 'seed': 42}",roman_domination,362.0,0.9763940033735707,True,0,,
20250821_010918,greedy,scale_free,730,1456,"{'m': 2, 'seed': 42}",roman_domination,374.0,1.066987999365665,True,0,,
20250821_010918,greedy,scale_free,750,1496,"{'m': 2, 'seed': 42}",roman_domination,379.0,1.0813829940161668,True,0,,
20250821_010918,greedy,scale_free,770,1536,"{'m': 2, 'seed': 42}",roman_domination,385.0,1.0628599993651733,True,0,,
20250821_010918,greedy,scale_free,790,1576,"{'m': 2, 'seed': 42}",roman_domination,396.0,1.1604010069277138,True,0,,
20250821_010918,greedy,scale_free,810,1616,"{'m': 2, 'seed': 42}",roman_domination,408.0,1.7399300049874,True,0,,
20250821_010918,greedy,scale_free,830,1656,"{'m': 2, 'seed': 42}",roman_domination,416.0,1.1602660015341826,True,0,,
20250821_010918,greedy,scale_free,850,1696,"{'m': 2, 'seed': 42}",roman_domination,428.0,1.2327770018600859,True,0,,
20250821_010918,greedy,scale_free,870,1736,"{'m': 2, 'seed': 42}",roman_domination,439.0,1.289755993639119,True,0,,
20250821_010918,greedy,scale_free,890,1776,"{'m': 2, 'seed': 42}",roman_domination,445.0,1.2984299974050373,True,0,,
20250821_010918,greedy,scale_free,910,1816,"{'m': 2, 'seed': 42}",roman_domination,456.0,1.2735289928968996,True,0,,
20250821_010918,greedy,scale_free,930,1856,"{'m': 2, 'seed': 42}",roman_domination,469.0,1.3311600050656125,True,0,,
20250821_010918,greedy,scale_free,950,1896,"{'m': 2, 'seed': 42}",roman_domination,477.0,1.3270569979795255,True,0,,
20250821_010918,greedy,scale_free,970,1936,"{'m': 2, 'seed': 42}",roman_domination,491.0,1.4019000009284355,True,0,,
20250821_010918,greedy,scale_free,990,1976,"{'m': 2, 'seed': 42}",roman_domination,504.0,1.3737079934799112,True,0,,
20250821_010918,greedy,small_world,10,30,"{'k': 6, 'p': 0.05, 'seed': 42}",roman_domination,4.0,0.04259900015313178,True,0,,
20250821_010918,greedy,small_world,30,90,"{'k': 6, 'p': 0.05, 'seed': 42}",roman_domination,13.0,0.07113899482646957,True,0,,
20250821_010918,greedy,small_world,50,150,"{'k': 6, 'p': 0.05, 'seed': 42}",roman_domination,21.0,0.09440100257052109,True,0,,
20250821_010918,greedy,small_world,70,210,"{'k': 6, 'p': 0.05, 'seed': 42}",roman_domination,28.0,0.11324100341880694,True,0,,
20250821_010918,greedy,small_world,90,270,"{'k': 6, 'p': 0.05, 'seed': 42}",roman_domination,38.0,0.12818400136893615,True,0,,
20250821_010918,greedy,small_world,110,330,"{'k': 6, 'p': 0.05, 'seed': 42}",roman_domination,45.0,0.15401899872813374,True,0,,
20250821_010918,greedy,small_world,130,390,"{'k': 6, 'p': 0.05, 'seed': 42}",roman_domination,56.0,0.1925429969560355,True,0,,
20250821_010918,greedy,small_world,150,450,"{'k': 6, 'p': 0.05, 'seed': 42}",roman_domination,65.0,0.19671500194817781,True,0,,
20250821_010918,greedy,small_world,170,510,"{'k': 6, 'p': 0.05, 'seed': 42}",roman_domination,70.0,0.23212099767988548,True,0,,
20250821_010918,greedy,small_world,190,570,"{'k': 6, 'p': 0.05, 'seed': 42}",roman_domination,81.0,0.2334929959033616,True,0,,
20250821_010918,greedy,small_world,210,630,"{'k': 6, 'p': 0.05, 'seed': 42}",roman_domination,90.0,0.2818369976012036,True,0,,
20250821_010918,greedy,small_world,230,690,"{'k': 6, 'p': 0.05, 'seed': 42}",roman_domination,94.0,0.2783739982987754,True,0,,
20250821_010918,greedy,small_world,250,750,"{'k': 6, 'p': 0.05, 'seed': 42}",roman_domination,100.0,0.3194640012225136,True,0,,
20250821_010918,greedy,small_world,270,810,"{'k': 6, 'p': 0.05, 'seed': 42}",roman_domination,114.0,0.32630499481456354,True,0,,
20250821_010918,greedy,small_world,290,870,"{'k': 6, 'p': 0.05, 'seed': 42}",roman_domination,117.0,0.3378909968887456,True,0,,
20250821_010918,greedy,small_world,310,930,"{'k': 6, 'p': 0.05, 'seed': 42}",roman_domination,123.0,0.39578499854542315,True,0,,
20250821_010918,greedy,small_world,330,990,"{'k': 6, 'p': 0.05, 'seed': 42}",roman_domination,137.0,0.40667100256541744,True,0,,
20250821_010918,greedy,small_world,350,1050,"{'k': 6, 'p': 0.05, 'seed': 42}",roman_domination,147.0,2.052030999038834,True,0,,
20250821_010918,greedy,small_world,370,1110,"{'k': 6, 'p': 0.05, 'seed': 42}",roman_domination,155.0,1.9591700038290583,True,0,,
20250821_010918,greedy,small_world,390,1170,"{'k': 6, 'p': 0.05, 'seed': 42}",roman_domination,157.0,0.46203900274122134,True,0,,
20250821_010918,greedy,small_world,410,1230,"{'k': 6, 'p': 0.05, 'seed': 42}",roman_domination,175.0,0.5047320009907708,True,0,,
20250821_010918,greedy,small_world,430,1290,"{'k': 6, 'p': 0.05, 'seed': 42}",roman_domination,183.0,0.5140350040164776,True,0,,
20250821_010918,greedy,small_world,450,1350,"{'k': 6, 'p': 0.05, 'seed': 42}",roman_domination,189.0,0.5952229985268787,True,0,,
20250821_010918,greedy,small_world,470,1410,"{'k': 6, 'p': 0.05, 'seed': 42}",roman_domination,197.0,0.5442559995572083,True,0,,
20250821_010918,greedy,small_world,490,1470,"{'k': 6, 'p': 0.05, 'seed': 42}",roman_domination,206.0,0.649886998871807,True,0,,
20250821_010918,greedy,small_world,510,1530,"{'k': 6, 'p': 0.05, 'seed': 42}",roman_domination,207.0,0.5823910032631829,True,0,,
20250821_010918,greedy,small_world,530,1590,"{'k': 6, 'p': 0.05, 'seed': 42}",roman_domination,225.0,0.8856909989845008,True,0,,
20250821_010918,greedy,small_world,550,1650,"{'k': 6, 'p': 0.05, 'seed': 42}",roman_domination,239.0,0.6618400002480485,True,0,,
20250821_010918,greedy,small_world,570,1710,"{'k': 6, 'p': 0.05, 'seed': 42}",roman_domination,250.0,0.731475003703963,True,0,,
20250821_010918,greedy,small_world,590,1770,"{'k': 6, 'p': 0.05, 'seed': 42}",roman_domination,254.0,0.6767679951735772,True,0,,
20250821_010918,greedy,small_world,610,1830,"{'k': 6, 'p': 0.05, 'seed': 42}",roman_domination,264.0,0.7459339976776391,True,0,,
20250821_010918,greedy,small_world,630,1890,"{'k': 6, 'p': 0.05, 'seed': 42}",roman_domination,265.0,0.7649120016139932,True,0,,
20250821_010918,greedy,small_world,650,1950,"{'k': 6, 'p': 0.05, 'seed': 42}",roman_domination,275.0,0.7598949960083701,True,0,,
20250821_010918,greedy,small_world,670,2010,"{'k': 6, 'p': 0.05, 'seed': 42}",roman_domination,285.0,0.8065299989539199,True,0,,
20250821_010918,greedy,small_world,690,2070,"{'k': 6, 'p': 0.05, 'seed': 42}",roman_domination,288.0,0.822039000922814,True,0,,
20250821_010918,greedy,small_world,710,2130,"{'k': 6, 'p': 0.05, 'seed': 42}",roman_domination,301.0,0.8024709968594834,True,0,,
20250821_010918,greedy,small_world,730,2190,"{'k': 6, 'p': 0.05, 'seed': 42}",roman_domination,308.0,1.3023479987168685,True,0,,
20250821_010918,greedy,small_world,750,2250,"{'k': 6, 'p': 0.05, 'seed': 42}",roman_domination,321.0,0.9048729989444837,True,0,,
20250821_010918,greedy,small_world,770,2310,"{'k': 6, 'p': 0.05, 'seed': 42}",roman_domination,317.0,0.9245170003850944,True,0,,
20250821_010918,greedy,small_world,790,2370,"{'k': 6, 'p': 0.05, 'seed': 42}",roman_domination,331.0,0.946240994380787,True,0,,
20250821_010918,greedy,small_world,810,2430,"{'k': 6, 'p': 0.05, 'seed': 42}",roman_domination,347.0,0.9190049968310632,True,0,,
20250821_010918,greedy,small_world,830,2490,"{'k': 6, 'p': 0.05, 'seed': 42}",roman_domination,350.0,0.9452810045331717,True,0,,
20250821_010918,greedy,small_world,850,2550,"{'k': 6, 'p': 0.05, 'seed': 42}",roman_domination,358.0,0.9306130014010705,True,0,,
20250821_010918,greedy,small_world,870,2610,"{'k': 6, 'p': 0.05, 'seed': 42}",roman_domination,371.0,0.9712149985716678,True,0,,
20250821_010918,greedy,small_world,890,2670,"{'k': 6, 'p': 0.05, 'seed': 42}",roman_domination,372.0,0.999463998596184,True,0,,
20250821_010918,greedy,small_world,910,2730,"{'k': 6, 'p': 0.05, 'seed': 42}",roman_domination,370.0,1.0948899944196455,True,0,,
20250821_010918,greedy,small_world,930,2790,"{'k': 6, 'p': 0.05, 'seed': 42}",roman_domination,395.0,1.0243470023851842,True,0,,
20250821_010918,greedy,small_world,950,2850,"{'k': 6, 'p': 0.05, 'seed': 42}",roman_domination,398.0,1.0485599996172823,True,0,,
20250821_010918,greedy,small_world,970,2910,"{'k': 6, 'p': 0.05, 'seed': 42}",roman_domination,404.0,1.3039270052104257,True,0,,
20250821_010918,greedy,small_world,990,2970,"{'k': 6, 'p': 0.05, 'seed': 42}",roman_domination,416.0,1.2737849974655546,True,0,,
