run_id,algorithm,graph,n_nodes,n_edges,graph_params,license_config,total_cost,time_ms,valid,issues,image_path,notes
20250821_010918,randomized_algorithm,random,10,9,"{'p': 0.1, 'seed': 42}",spotify,154.95,0.05531100032385439,True,0,,
20250821_010918,randomized_algorithm,random,30,43,"{'p': 0.1, 'seed': 42}",spotify,436.85,0.09927999781211838,True,0,,
20250821_010918,randomized_algorithm,random,50,120,"{'p': 0.1, 'seed': 42}",spotify,698.77,0.16258200048469007,True,0,,
20250821_010918,randomized_algorithm,random,70,228,"{'p': 0.1, 'seed': 42}",spotify,757.76,0.19957299809902906,True,0,,
20250821_010918,randomized_algorithm,random,90,380,"{'p': 0.1, 'seed': 42}",spotify,947.71,0.2501239941921085,True,0,,
20250821_010918,randomized_algorithm,random,110,581,"{'p': 0.1, 'seed': 42}",spotify,1119.65,0.3154259975417517,True,0,,
20250821_010918,randomized_algorithm,random,130,819,"{'p': 0.1, 'seed': 42}",spotify,1274.6,0.35500700323609635,True,0,,
20250821_010918,randomized_algorithm,random,150,1103,"{'p': 0.1, 'seed': 42}",spotify,1372.6000000000001,0.4539319998002611,True,0,,
20250821_010918,randomized_algorithm,random,170,1395,"{'p': 0.1, 'seed': 42}",spotify,1630.51,1.9046859961235896,True,0,,
20250821_010918,randomized_algorithm,random,190,1776,"{'p': 0.1, 'seed': 42}",spotify,1758.48,0.598632002947852,True,0,,
20250821_010918,randomized_algorithm,random,210,2175,"{'p': 0.1, 'seed': 42}",spotify,1793.48,0.6440659999498166,True,0,,
20250821_010918,randomized_algorithm,random,230,2619,"{'p': 0.1, 'seed': 42}",spotify,2061.38,0.7722399968770333,True,0,,
20250821_010918,randomized_algorithm,random,250,3084,"{'p': 0.1, 'seed': 42}",spotify,2128.39,0.8740839984966442,True,0,,
20250821_010918,randomized_algorithm,random,270,3590,"{'p': 0.1, 'seed': 42}",spotify,2214.36,0.9477839994360693,True,0,,
20250821_010918,randomized_algorithm,random,290,4163,"{'p': 0.1, 'seed': 42}",spotify,2473.29,1.044983000610955,True,0,,
20250821_010918,randomized_algorithm,random,310,4788,"{'p': 0.1, 'seed': 42}",spotify,2814.18,1.1511180055094883,True,0,,
20250821_010918,randomized_algorithm,random,330,5428,"{'p': 0.1, 'seed': 42}",spotify,2893.15,1.2859409980592318,True,0,,
20250821_010918,randomized_algorithm,random,350,6131,"{'p': 0.1, 'seed': 42}",spotify,2911.16,1.4679489977424964,True,0,,
20250821_010918,randomized_algorithm,random,370,6883,"{'p': 0.1, 'seed': 42}",spotify,2949.15,1.7311820047325455,True,0,,
20250821_010918,randomized_algorithm,random,390,7676,"{'p': 0.1, 'seed': 42}",spotify,3232.07,1.8192319985246286,True,0,,
20250821_010918,randomized_algorithm,random,410,8433,"{'p': 0.1, 'seed': 42}",spotify,3316.07,1.8914540050900541,True,0,,
20250821_010918,randomized_algorithm,random,430,9286,"{'p': 0.1, 'seed': 42}",spotify,3514.9900000000002,2.259349996165838,True,0,,
20250821_010918,randomized_algorithm,random,450,10158,"{'p': 0.1, 'seed': 42}",spotify,3689.92,2.2163219982758164,True,0,,
20250821_010918,randomized_algorithm,random,470,11119,"{'p': 0.1, 'seed': 42}",spotify,3928.87,2.4447629984933883,True,0,,
20250821_010918,randomized_algorithm,random,490,12073,"{'p': 0.1, 'seed': 42}",spotify,3914.87,2.605257999675814,True,0,,
20250821_010918,randomized_algorithm,random,510,13054,"{'p': 0.1, 'seed': 42}",spotify,4138.8,2.730364998569712,True,0,,
20250821_010918,randomized_algorithm,random,530,14070,"{'p': 0.1, 'seed': 42}",spotify,4162.79,3.1454319978365675,True,0,,
20250821_010918,randomized_algorithm,random,550,15147,"{'p': 0.1, 'seed': 42}",spotify,4381.76,3.70172799739521,True,0,,
20250821_010918,randomized_algorithm,random,570,16242,"{'p': 0.1, 'seed': 42}",spotify,4470.72,3.3100340006058104,True,0,,
20250821_010918,randomized_algorithm,random,590,17437,"{'p': 0.1, 'seed': 42}",spotify,4667.67,3.6170439998386428,True,0,,
20250821_010918,randomized_algorithm,random,610,18614,"{'p': 0.1, 'seed': 42}",spotify,4753.64,4.040813997562509,True,0,,
20250821_010918,randomized_algorithm,random,630,19860,"{'p': 0.1, 'seed': 42}",spotify,4980.56,5.644525997922756,True,0,,
20250821_010918,randomized_algorithm,random,650,21118,"{'p': 0.1, 'seed': 42}",spotify,4940.6,4.218452995701227,True,0,,
20250821_010918,randomized_algorithm,random,670,22424,"{'p': 0.1, 'seed': 42}",spotify,5167.52,4.561509995255619,True,0,,
20250821_010918,randomized_algorithm,random,690,23815,"{'p': 0.1, 'seed': 42}",spotify,5591.39,4.7639110052841716,True,0,,
20250821_010918,randomized_algorithm,random,710,25210,"{'p': 0.1, 'seed': 42}",spotify,5554.42,5.166408001969103,True,0,,
20250821_010918,randomized_algorithm,random,730,26570,"{'p': 0.1, 'seed': 42}",spotify,5796.360000000001,5.473787001392338,True,0,,
20250821_010918,randomized_algorithm,random,750,28065,"{'p': 0.1, 'seed': 42}",spotify,5986.31,5.356066998501774,True,0,,
20250821_010918,randomized_algorithm,random,770,29598,"{'p': 0.1, 'seed': 42}",spotify,5732.41,5.544721003388986,True,0,,
20250821_010918,randomized_algorithm,random,790,31177,"{'p': 0.1, 'seed': 42}",spotify,6121.280000000001,6.543439005326945,True,0,,
20250821_010918,randomized_algorithm,random,810,32778,"{'p': 0.1, 'seed': 42}",spotify,6443.14,6.7537039940361865,True,0,,
20250821_010918,randomized_algorithm,random,830,34379,"{'p': 0.1, 'seed': 42}",spotify,6355.2,6.9087950032553636,True,0,,
20250821_010918,randomized_algorithm,random,850,36107,"{'p': 0.1, 'seed': 42}",spotify,6528.16,7.331861997954547,True,0,,
20250821_010918,randomized_algorithm,random,870,37776,"{'p': 0.1, 'seed': 42}",spotify,6752.09,7.4271429984946735,True,0,,
20250821_010918,randomized_algorithm,random,890,39565,"{'p': 0.1, 'seed': 42}",spotify,6687.12,8.265249001851771,True,0,,
20250821_010918,randomized_algorithm,random,910,41408,"{'p': 0.1, 'seed': 42}",spotify,7049.01,8.280360998469405,True,0,,
20250821_010918,randomized_algorithm,random,930,43243,"{'p': 0.1, 'seed': 42}",spotify,7310.93,8.543994998035487,True,0,,
20250821_010918,randomized_algorithm,random,950,45065,"{'p': 0.1, 'seed': 42}",spotify,7207.97,8.995553995191585,True,0,,
20250821_010918,randomized_algorithm,random,970,46973,"{'p': 0.1, 'seed': 42}",spotify,7458.88,8.929101000830997,True,0,,
20250821_010918,randomized_algorithm,random,990,48936,"{'p': 0.1, 'seed': 42}",spotify,7439.92,9.824306005612016,True,0,,
20250821_010918,randomized_algorithm,scale_free,10,16,"{'m': 2, 'seed': 42}",spotify,147.95,0.06458999996539205,True,0,,
20250821_010918,randomized_algorithm,scale_free,30,56,"{'m': 2, 'seed': 42}",spotify,566.79,0.10929100244538859,True,0,,
20250821_010918,randomized_algorithm,scale_free,50,96,"{'m': 2, 'seed': 42}",spotify,852.6999999999999,0.15808700118213892,True,0,,
20250821_010918,randomized_algorithm,scale_free,70,136,"{'m': 2, 'seed': 42}",spotify,1224.58,0.17760300397640094,True,0,,
20250821_010918,randomized_algorithm,scale_free,90,176,"{'m': 2, 'seed': 42}",spotify,1427.51,0.24328599829459563,True,0,,
20250821_010918,randomized_algorithm,scale_free,110,216,"{'m': 2, 'seed': 42}",spotify,1795.3799999999999,0.37297700328053907,True,0,,
20250821_010918,randomized_algorithm,scale_free,130,256,"{'m': 2, 'seed': 42}",spotify,2234.2,0.2808209974318743,True,0,,
20250821_010918,randomized_algorithm,scale_free,150,296,"{'m': 2, 'seed': 42}",spotify,2555.11,0.3192079966538586,True,0,,
20250821_010918,randomized_algorithm,scale_free,170,336,"{'m': 2, 'seed': 42}",spotify,2710.06,0.4029539995826781,True,0,,
20250821_010918,randomized_algorithm,scale_free,190,376,"{'m': 2, 'seed': 42}",spotify,3109.94,0.3980189940193668,True,0,,
20250821_010918,randomized_algorithm,scale_free,210,416,"{'m': 2, 'seed': 42}",spotify,3263.87,0.4540830050245859,True,0,,
20250821_010918,randomized_algorithm,scale_free,230,456,"{'m': 2, 'seed': 42}",spotify,3666.74,0.450159001047723,True,0,,
20250821_010918,randomized_algorithm,scale_free,250,496,"{'m': 2, 'seed': 42}",spotify,3973.65,0.4852639976888895,True,0,,
20250821_010918,randomized_algorithm,scale_free,270,536,"{'m': 2, 'seed': 42}",spotify,4207.57,0.5465400026878342,True,0,,
20250821_010918,randomized_algorithm,scale_free,290,576,"{'m': 2, 'seed': 42}",spotify,4788.36,0.5803870008094236,True,0,,
20250821_010918,randomized_algorithm,scale_free,310,616,"{'m': 2, 'seed': 42}",spotify,5015.28,0.6058139988454059,True,0,,
20250821_010918,randomized_algorithm,scale_free,330,656,"{'m': 2, 'seed': 42}",spotify,5101.25,0.7148939985199831,True,0,,
20250821_010918,randomized_algorithm,scale_free,350,696,"{'m': 2, 'seed': 42}",spotify,5466.13,0.7666360033908859,True,0,,
20250821_010918,randomized_algorithm,scale_free,370,736,"{'m': 2, 'seed': 42}",spotify,5923.98,2.288140000018757,True,0,,
20250821_010918,randomized_algorithm,scale_free,390,776,"{'m': 2, 'seed': 42}",spotify,6144.92,2.253505001135636,True,0,,
20250821_010918,randomized_algorithm,scale_free,410,816,"{'m': 2, 'seed': 42}",spotify,6364.84,2.6656019981601276,True,0,,
20250821_010918,randomized_algorithm,scale_free,430,856,"{'m': 2, 'seed': 42}",spotify,6764.65,2.3971330010681413,True,0,,
20250821_010918,randomized_algorithm,scale_free,450,896,"{'m': 2, 'seed': 42}",spotify,6956.639999999999,2.3227019992191344,True,0,,
20250821_010918,randomized_algorithm,scale_free,470,936,"{'m': 2, 'seed': 42}",spotify,7539.4,0.8878040025592782,True,0,,
20250821_010918,randomized_algorithm,scale_free,490,976,"{'m': 2, 'seed': 42}",spotify,7614.36,0.9424350064364262,True,0,,
20250821_010918,randomized_algorithm,scale_free,510,1016,"{'m': 2, 'seed': 42}",spotify,8003.3,1.0407930021756329,True,0,,
20250821_010918,randomized_algorithm,scale_free,530,1056,"{'m': 2, 'seed': 42}",spotify,8487.11,1.0004569994634949,True,0,,
20250821_010918,randomized_algorithm,scale_free,550,1096,"{'m': 2, 'seed': 42}",spotify,8725.99,1.031438005156815,True,0,,
20250821_010918,randomized_algorithm,scale_free,570,1136,"{'m': 2, 'seed': 42}",spotify,9041.869999999999,1.6972040029941127,True,0,,
20250821_010918,randomized_algorithm,scale_free,590,1176,"{'m': 2, 'seed': 42}",spotify,9673.63,1.137865001510363,True,0,,
20250821_010918,randomized_algorithm,scale_free,610,1216,"{'m': 2, 'seed': 42}",spotify,9578.69,1.2161199992988259,True,0,,
20250821_010918,randomized_algorithm,scale_free,630,1256,"{'m': 2, 'seed': 42}",spotify,9934.6,1.2228080013301224,True,0,,
20250821_010918,randomized_algorithm,scale_free,650,1296,"{'m': 2, 'seed': 42}",spotify,10267.47,1.2370999975246377,True,0,,
20250821_010918,randomized_algorithm,scale_free,670,1336,"{'m': 2, 'seed': 42}",spotify,10826.24,1.2319480010773987,True,0,,
20250821_010918,randomized_algorithm,scale_free,690,1376,"{'m': 2, 'seed': 42}",spotify,10979.22,1.249355002073571,True,0,,
20250821_010918,randomized_algorithm,scale_free,710,1416,"{'m': 2, 'seed': 42}",spotify,11203.15,1.2641159992199391,True,0,,
20250821_010918,randomized_algorithm,scale_free,730,1456,"{'m': 2, 'seed': 42}",spotify,11302.1,1.3355319970287383,True,0,,
20250821_010918,randomized_algorithm,scale_free,750,1496,"{'m': 2, 'seed': 42}",spotify,11845.92,1.421136999852024,True,0,,
20250821_010918,randomized_algorithm,scale_free,770,1536,"{'m': 2, 'seed': 42}",spotify,12379.75,1.3845400026184507,True,0,,
20250821_010918,randomized_algorithm,scale_free,790,1576,"{'m': 2, 'seed': 42}",spotify,12560.66,1.5240150023601018,True,0,,
20250821_010918,randomized_algorithm,scale_free,810,1616,"{'m': 2, 'seed': 42}",spotify,12838.55,1.4988309994805604,True,0,,
20250821_010918,randomized_algorithm,scale_free,830,1656,"{'m': 2, 'seed': 42}",spotify,13375.369999999999,1.5854149969527498,True,0,,
20250821_010918,randomized_algorithm,scale_free,850,1696,"{'m': 2, 'seed': 42}",spotify,13474.32,1.5867390029598027,True,0,,
20250821_010918,randomized_algorithm,scale_free,870,1736,"{'m': 2, 'seed': 42}",spotify,13530.32,1.6530039938515984,True,0,,
20250821_010918,randomized_algorithm,scale_free,890,1776,"{'m': 2, 'seed': 42}",spotify,13920.21,1.622373005375266,True,0,,
20250821_010918,randomized_algorithm,scale_free,910,1816,"{'m': 2, 'seed': 42}",spotify,14572.97,1.6776659977040254,True,0,,
20250821_010918,randomized_algorithm,scale_free,930,1856,"{'m': 2, 'seed': 42}",spotify,14561.01,1.7587929978617467,True,0,,
20250821_010918,randomized_algorithm,scale_free,950,1896,"{'m': 2, 'seed': 42}",spotify,15070.779999999999,1.7151240026578307,True,0,,
20250821_010918,randomized_algorithm,scale_free,970,1936,"{'m': 2, 'seed': 42}",spotify,15338.75,1.7508309974800795,True,0,,
20250821_010918,randomized_algorithm,scale_free,990,1976,"{'m': 2, 'seed': 42}",spotify,15934.49,1.8530160014051944,True,0,,
20250821_010918,randomized_algorithm,small_world,10,30,"{'k': 6, 'p': 0.05, 'seed': 42}",spotify,99.97,0.05544799932977185,True,0,,
20250821_010918,randomized_algorithm,small_world,30,90,"{'k': 6, 'p': 0.05, 'seed': 42}",spotify,330.9,0.1193550051539205,True,0,,
20250821_010918,randomized_algorithm,small_world,50,150,"{'k': 6, 'p': 0.05, 'seed': 42}",spotify,437.87,0.13923299411544576,True,0,,
20250821_010918,randomized_algorithm,small_world,70,210,"{'k': 6, 'p': 0.05, 'seed': 42}",spotify,627.82,0.17956299416255206,True,0,,
20250821_010918,randomized_algorithm,small_world,90,270,"{'k': 6, 'p': 0.05, 'seed': 42}",spotify,899.73,0.20995199884055182,True,0,,
20250821_010918,randomized_algorithm,small_world,110,330,"{'k': 6, 'p': 0.05, 'seed': 42}",spotify,1010.71,0.23826899996493012,True,0,,
20250821_010918,randomized_algorithm,small_world,130,390,"{'k': 6, 'p': 0.05, 'seed': 42}",spotify,1268.6200000000001,0.28069099789718166,True,0,,
20250821_010918,randomized_algorithm,small_world,150,450,"{'k': 6, 'p': 0.05, 'seed': 42}",spotify,1358.6000000000001,0.32195699895964935,True,0,,
20250821_010918,randomized_algorithm,small_world,170,510,"{'k': 6, 'p': 0.05, 'seed': 42}",spotify,1613.52,0.36398499651113525,True,0,,
20250821_010918,randomized_algorithm,small_world,190,570,"{'k': 6, 'p': 0.05, 'seed': 42}",spotify,1964.4,0.37239099765429273,True,0,,
20250821_010918,randomized_algorithm,small_world,210,630,"{'k': 6, 'p': 0.05, 'seed': 42}",spotify,2209.33,0.4722049998235889,True,0,,
20250821_010918,randomized_algorithm,small_world,230,690,"{'k': 6, 'p': 0.05, 'seed': 42}",spotify,2267.3,0.472968997200951,True,0,,
20250821_010918,randomized_algorithm,small_world,250,750,"{'k': 6, 'p': 0.05, 'seed': 42}",spotify,2419.26,0.5101390052004717,True,0,,
20250821_010918,randomized_algorithm,small_world,270,810,"{'k': 6, 'p': 0.05, 'seed': 42}",spotify,2743.16,0.5437549989437684,True,0,,
20250821_010918,randomized_algorithm,small_world,290,870,"{'k': 6, 'p': 0.05, 'seed': 42}",spotify,2782.17,0.5845159976161085,True,0,,
20250821_010918,randomized_algorithm,small_world,310,930,"{'k': 6, 'p': 0.05, 'seed': 42}",spotify,2985.1,0.6196659960551187,True,0,,
20250821_010918,randomized_algorithm,small_world,330,990,"{'k': 6, 'p': 0.05, 'seed': 42}",spotify,3297.9900000000002,2.198120993853081,True,0,,
20250821_010918,randomized_algorithm,small_world,350,1050,"{'k': 6, 'p': 0.05, 'seed': 42}",spotify,3328.03,2.3068369991960935,True,0,,
20250821_010918,randomized_algorithm,small_world,370,1110,"{'k': 6, 'p': 0.05, 'seed': 42}",spotify,3774.87,2.4759009975241497,True,0,,
20250821_010918,randomized_algorithm,small_world,390,1170,"{'k': 6, 'p': 0.05, 'seed': 42}",spotify,3756.86,0.7756999984849244,True,0,,
20250821_010918,randomized_algorithm,small_world,410,1230,"{'k': 6, 'p': 0.05, 'seed': 42}",spotify,3960.81,0.806150994321797,True,0,,
20250821_010918,randomized_algorithm,small_world,430,1290,"{'k': 6, 'p': 0.05, 'seed': 42}",spotify,4144.78,0.8461719990009442,True,0,,
20250821_010918,randomized_algorithm,small_world,450,1350,"{'k': 6, 'p': 0.05, 'seed': 42}",spotify,4202.75,0.8759350021136925,True,0,,
20250821_010918,randomized_algorithm,small_world,470,1410,"{'k': 6, 'p': 0.05, 'seed': 42}",spotify,4722.58,0.9217949991580099,True,0,,
20250821_010918,randomized_algorithm,small_world,490,1470,"{'k': 6, 'p': 0.05, 'seed': 42}",spotify,4856.53,0.984512000286486,True,0,,
20250821_010918,randomized_algorithm,small_world,510,1530,"{'k': 6, 'p': 0.05, 'seed': 42}",spotify,4791.56,1.051544000802096,True,0,,
20250821_010918,randomized_algorithm,small_world,530,1590,"{'k': 6, 'p': 0.05, 'seed': 42}",spotify,5212.4400000000005,1.032566993671935,True,0,,
20250821_010918,randomized_algorithm,small_world,550,1650,"{'k': 6, 'p': 0.05, 'seed': 42}",spotify,5399.400000000001,1.0565280026639812,True,0,,
20250821_010918,randomized_algorithm,small_world,570,1710,"{'k': 6, 'p': 0.05, 'seed': 42}",spotify,5411.36,1.117386003897991,True,0,,
20250821_010918,randomized_algorithm,small_world,590,1770,"{'k': 6, 'p': 0.05, 'seed': 42}",spotify,5540.35,1.151031996414531,True,0,,
20250821_010918,randomized_algorithm,small_world,610,1830,"{'k': 6, 'p': 0.05, 'seed': 42}",spotify,5898.2300000000005,1.2116349971620366,True,0,,
20250821_010918,randomized_algorithm,small_world,630,1890,"{'k': 6, 'p': 0.05, 'seed': 42}",spotify,6004.18,1.2640139975701459,True,0,,
20250821_010918,randomized_algorithm,small_world,650,1950,"{'k': 6, 'p': 0.05, 'seed': 42}",spotify,6323.12,1.3359039949136786,True,0,,
20250821_010918,randomized_algorithm,small_world,670,2010,"{'k': 6, 'p': 0.05, 'seed': 42}",spotify,6389.110000000001,1.3422659976640716,True,0,,
20250821_010918,randomized_algorithm,small_world,690,2070,"{'k': 6, 'p': 0.05, 'seed': 42}",spotify,6629.01,1.359794994641561,True,0,,
20250821_010918,randomized_algorithm,small_world,710,2130,"{'k': 6, 'p': 0.05, 'seed': 42}",spotify,6781.99,1.3911310015828349,True,0,,
20250821_010918,randomized_algorithm,small_world,730,2190,"{'k': 6, 'p': 0.05, 'seed': 42}",spotify,7265.8,1.459085993701592,True,0,,
20250821_010918,randomized_algorithm,small_world,750,2250,"{'k': 6, 'p': 0.05, 'seed': 42}",spotify,6984.92,1.5300609957193956,True,0,,
20250821_010918,randomized_algorithm,small_world,770,2310,"{'k': 6, 'p': 0.05, 'seed': 42}",spotify,7340.83,1.506888002040796,True,0,,
20250821_010918,randomized_algorithm,small_world,790,2370,"{'k': 6, 'p': 0.05, 'seed': 42}",spotify,7674.72,1.515305004431866,True,0,,
20250821_010918,randomized_algorithm,small_world,810,2430,"{'k': 6, 'p': 0.05, 'seed': 42}",spotify,7762.66,1.5971040047588758,True,0,,
20250821_010918,randomized_algorithm,small_world,830,2490,"{'k': 6, 'p': 0.05, 'seed': 42}",spotify,8038.58,1.6053059953264892,True,0,,
20250821_010918,randomized_algorithm,small_world,850,2550,"{'k': 6, 'p': 0.05, 'seed': 42}",spotify,8014.66,1.6231589979724959,True,0,,
20250821_010918,randomized_algorithm,small_world,870,2610,"{'k': 6, 'p': 0.05, 'seed': 42}",spotify,8353.51,1.6921409987844527,True,0,,
20250821_010918,randomized_algorithm,small_world,890,2670,"{'k': 6, 'p': 0.05, 'seed': 42}",spotify,8644.45,1.8144419955206104,True,0,,
20250821_010918,randomized_algorithm,small_world,910,2730,"{'k': 6, 'p': 0.05, 'seed': 42}",spotify,9132.27,1.8377500018686987,True,0,,
20250821_010918,randomized_algorithm,small_world,930,2790,"{'k': 6, 'p': 0.05, 'seed': 42}",spotify,8846.36,1.8779200036078691,True,0,,
20250821_010918,randomized_algorithm,small_world,950,2850,"{'k': 6, 'p': 0.05, 'seed': 42}",spotify,9255.210000000001,1.8834810034604743,True,0,,
20250821_010918,randomized_algorithm,small_world,970,2910,"{'k': 6, 'p': 0.05, 'seed': 42}",spotify,9123.3,1.8345549979130737,True,0,,
20250821_010918,randomized_algorithm,small_world,990,2970,"{'k': 6, 'p': 0.05, 'seed': 42}",spotify,9962.0,1.966051000636071,True,0,,
