run_id,algorithm,graph,n_nodes,n_edges,graph_params,license_config,total_cost,time_ms,valid,issues,image_path,notes
20250821_010918,ilp,random,10,9,"{'p': 0.1, 'seed': 42}",roman_domination,7.0,5.518618003407028,True,0,,
20250821_010918,ilp,random,30,43,"{'p': 0.1, 'seed': 42}",roman_domination,16.0,69.7997649986064,True,0,,
20250821_010918,ilp,random,50,120,"{'p': 0.1, 'seed': 42}",roman_domination,20.0,1512.707412999589,True,0,,
20250821_010918,ilp,random,70,228,"{'p': 0.1, 'seed': 42}",roman_domination,23.0,2749.527087005845,True,0,,
20250821_010918,ILPSolver,random,90,380,"{'p': 0.1, 'seed': 42}",roman_domination,nan,90000.0,False,0,,timeout
20250821_010918,ilp,scale_free,10,16,"{'m': 2, 'seed': 42}",roman_domination,4.0,8.327468996867537,True,0,,
20250821_010918,ilp,scale_free,30,56,"{'m': 2, 'seed': 42}",roman_domination,9.0,55.99191399960546,True,0,,
20250821_010918,ilp,scale_free,50,96,"{'m': 2, 'seed': 42}",roman_domination,15.0,71.2434149972978,True,0,,
20250821_010918,ilp,scale_free,70,136,"{'m': 2, 'seed': 42}",roman_domination,23.0,84.70623400353361,True,0,,
20250821_010918,ilp,scale_free,90,176,"{'m': 2, 'seed': 42}",roman_domination,30.0,116.35014900093665,True,0,,
20250821_010918,ilp,scale_free,110,216,"{'m': 2, 'seed': 42}",roman_domination,35.0,172.28801100281999,True,0,,
20250821_010918,ilp,scale_free,130,256,"{'m': 2, 'seed': 42}",roman_domination,41.0,213.4223100001691,True,0,,
20250821_010918,ilp,scale_free,150,296,"{'m': 2, 'seed': 42}",roman_domination,45.0,187.46350899891695,True,0,,
20250821_010918,ilp,scale_free,170,336,"{'m': 2, 'seed': 42}",roman_domination,54.0,262.76118999521714,True,0,,
20250821_010918,ilp,scale_free,190,376,"{'m': 2, 'seed': 42}",roman_domination,62.0,355.89664099825313,True,0,,
20250821_010918,ilp,scale_free,210,416,"{'m': 2, 'seed': 42}",roman_domination,64.0,391.0840879980242,True,0,,
20250821_010918,ilp,scale_free,230,456,"{'m': 2, 'seed': 42}",roman_domination,74.0,469.63486899767304,True,0,,
20250821_010918,ilp,scale_free,250,496,"{'m': 2, 'seed': 42}",roman_domination,80.0,388.83124299900373,True,0,,
20250821_010918,ilp,scale_free,270,536,"{'m': 2, 'seed': 42}",roman_domination,86.0,411.87317699950654,True,0,,
20250821_010918,ilp,scale_free,290,576,"{'m': 2, 'seed': 42}",roman_domination,90.0,456.9655360028264,True,0,,
20250821_010918,ilp,scale_free,310,616,"{'m': 2, 'seed': 42}",roman_domination,99.0,651.8208359993878,True,0,,
20250821_010918,ilp,scale_free,330,656,"{'m': 2, 'seed': 42}",roman_domination,108.0,679.8948659998132,True,0,,
20250821_010918,ilp,scale_free,350,696,"{'m': 2, 'seed': 42}",roman_domination,114.0,796.712697003386,True,0,,
20250821_010918,ilp,scale_free,370,736,"{'m': 2, 'seed': 42}",roman_domination,120.0,669.9515919972328,True,0,,
20250821_010918,ilp,scale_free,390,776,"{'m': 2, 'seed': 42}",roman_domination,126.0,668.2266560019343,True,0,,
20250821_010918,ilp,scale_free,410,816,"{'m': 2, 'seed': 42}",roman_domination,131.0,656.1809749982785,True,0,,
20250821_010918,ilp,scale_free,430,856,"{'m': 2, 'seed': 42}",roman_domination,140.0,873.6389959958615,True,0,,
20250821_010918,ilp,scale_free,450,896,"{'m': 2, 'seed': 42}",roman_domination,145.0,1028.5171460054698,True,0,,
20250821_010918,ilp,scale_free,470,936,"{'m': 2, 'seed': 42}",roman_domination,152.0,1209.6193479956128,True,0,,
20250821_010918,ilp,scale_free,490,976,"{'m': 2, 'seed': 42}",roman_domination,158.0,1026.8728019946138,True,0,,
20250821_010918,ilp,scale_free,510,1016,"{'m': 2, 'seed': 42}",roman_domination,168.0,1067.764702005661,True,0,,
20250821_010918,ilp,scale_free,530,1056,"{'m': 2, 'seed': 42}",roman_domination,173.0,1167.745771999762,True,0,,
20250821_010918,ilp,scale_free,550,1096,"{'m': 2, 'seed': 42}",roman_domination,180.0,1431.3461740021012,True,0,,
20250821_010918,ilp,scale_free,570,1136,"{'m': 2, 'seed': 42}",roman_domination,186.0,1534.3822189970524,True,0,,
20250821_010918,ilp,scale_free,590,1176,"{'m': 2, 'seed': 42}",roman_domination,191.0,1503.0334459952428,True,0,,
20250821_010918,ilp,scale_free,610,1216,"{'m': 2, 'seed': 42}",roman_domination,201.0,1715.8932640013518,True,0,,
20250821_010918,ilp,scale_free,630,1256,"{'m': 2, 'seed': 42}",roman_domination,206.0,1631.8093669979135,True,0,,
20250821_010918,ilp,scale_free,650,1296,"{'m': 2, 'seed': 42}",roman_domination,210.0,1657.132010004716,True,0,,
20250821_010918,ilp,scale_free,670,1336,"{'m': 2, 'seed': 42}",roman_domination,218.0,1692.3131340008695,True,0,,
20250821_010918,ilp,scale_free,690,1376,"{'m': 2, 'seed': 42}",roman_domination,223.0,1727.5262080001994,True,0,,
20250821_010918,ilp,scale_free,710,1416,"{'m': 2, 'seed': 42}",roman_domination,231.0,1835.3071130040917,True,0,,
20250821_010918,ilp,scale_free,730,1456,"{'m': 2, 'seed': 42}",roman_domination,237.0,1680.2468380046776,True,0,,
20250821_010918,ilp,scale_free,750,1496,"{'m': 2, 'seed': 42}",roman_domination,243.0,2337.223015994823,True,0,,
20250821_010918,ilp,scale_free,770,1536,"{'m': 2, 'seed': 42}",roman_domination,245.0,2066.3882099979674,True,0,,
20250821_010918,ilp,scale_free,790,1576,"{'m': 2, 'seed': 42}",roman_domination,254.0,2694.9778990019695,True,0,,
20250821_010918,ilp,scale_free,810,1616,"{'m': 2, 'seed': 42}",roman_domination,263.0,2741.2230810004985,True,0,,
20250821_010918,ilp,scale_free,830,1656,"{'m': 2, 'seed': 42}",roman_domination,272.0,2131.9019209986436,True,0,,
20250821_010918,ilp,scale_free,850,1696,"{'m': 2, 'seed': 42}",roman_domination,279.0,2700.5382209972595,True,0,,
20250821_010918,ilp,scale_free,870,1736,"{'m': 2, 'seed': 42}",roman_domination,286.0,2301.360316996579,True,0,,
20250821_010918,ilp,scale_free,890,1776,"{'m': 2, 'seed': 42}",roman_domination,292.0,2429.5089559964254,True,0,,
20250821_010918,ilp,scale_free,910,1816,"{'m': 2, 'seed': 42}",roman_domination,304.0,5629.291262994229,True,0,,
20250821_010918,ilp,scale_free,930,1856,"{'m': 2, 'seed': 42}",roman_domination,311.0,3655.294452000817,True,0,,
20250821_010918,ilp,scale_free,950,1896,"{'m': 2, 'seed': 42}",roman_domination,317.0,3462.6063690011506,True,0,,
20250821_010918,ilp,scale_free,970,1936,"{'m': 2, 'seed': 42}",roman_domination,326.0,3257.2050980015774,True,0,,
20250821_010918,ilp,scale_free,990,1976,"{'m': 2, 'seed': 42}",roman_domination,332.0,2945.433297994896,True,0,,
20250821_010918,ilp,small_world,10,30,"{'k': 6, 'p': 0.05, 'seed': 42}",roman_domination,4.0,19.632294999610167,True,0,,
20250821_010918,ilp,small_world,30,90,"{'k': 6, 'p': 0.05, 'seed': 42}",roman_domination,10.0,791.9571550010005,True,0,,
20250821_010918,ilp,small_world,50,150,"{'k': 6, 'p': 0.05, 'seed': 42}",roman_domination,15.0,1371.4354050025577,True,0,,
20250821_010918,ilp,small_world,70,210,"{'k': 6, 'p': 0.05, 'seed': 42}",roman_domination,21.0,910.8962359969155,True,0,,
20250821_010918,ilp,small_world,90,270,"{'k': 6, 'p': 0.05, 'seed': 42}",roman_domination,26.0,2008.929891999287,True,0,,
20250821_010918,ilp,small_world,110,330,"{'k': 6, 'p': 0.05, 'seed': 42}",roman_domination,32.0,3722.1501610038104,True,0,,
20250821_010918,ilp,small_world,130,390,"{'k': 6, 'p': 0.05, 'seed': 42}",roman_domination,38.0,3664.020395000989,True,0,,
20250821_010918,ilp,small_world,150,450,"{'k': 6, 'p': 0.05, 'seed': 42}",roman_domination,44.0,3761.2028469957295,True,0,,
20250821_010918,ilp,small_world,170,510,"{'k': 6, 'p': 0.05, 'seed': 42}",roman_domination,49.0,7172.256420002668,True,0,,
20250821_010918,ilp,small_world,190,570,"{'k': 6, 'p': 0.05, 'seed': 42}",roman_domination,55.0,8738.056251997477,True,0,,
20250821_010918,ilp,small_world,210,630,"{'k': 6, 'p': 0.05, 'seed': 42}",roman_domination,62.0,10291.923512995709,True,0,,
20250821_010918,ilp,small_world,230,690,"{'k': 6, 'p': 0.05, 'seed': 42}",roman_domination,68.0,24969.932232997962,True,0,,
20250821_010918,ILPSolver,small_world,250,750,"{'k': 6, 'p': 0.05, 'seed': 42}",roman_domination,nan,90000.0,False,0,,timeout
