run_id,algorithm,graph,n_nodes,n_edges,graph_params,license_config,total_cost,time_ms,valid,issues,image_path,notes
20250821_010918,genetic,random,10,9,"{'p': 0.1, 'seed': 42}",roman_domination,7.0,118.20071599504445,True,0,,
20250821_010918,genetic,random,30,43,"{'p': 0.1, 'seed': 42}",roman_domination,17.0,224.56030300236307,True,0,,
20250821_010918,genetic,random,50,120,"{'p': 0.1, 'seed': 42}",roman_domination,24.0,323.86164300260134,True,0,,
20250821_010918,genetic,random,70,228,"{'p': 0.1, 'seed': 42}",roman_domination,29.0,416.3872110002558,True,0,,
20250821_010918,genetic,random,90,380,"{'p': 0.1, 'seed': 42}",roman_domination,33.0,477.4318670024513,True,0,,
20250821_010918,genetic,random,110,581,"{'p': 0.1, 'seed': 42}",roman_domination,39.0,536.1253830051282,True,0,,
20250821_010918,genetic,random,130,819,"{'p': 0.1, 'seed': 42}",roman_domination,39.0,591.4616659938474,True,0,,
20250821_010918,genetic,random,150,1103,"{'p': 0.1, 'seed': 42}",roman_domination,39.0,656.8869630064,True,0,,
20250821_010918,genetic,random,170,1395,"{'p': 0.1, 'seed': 42}",roman_domination,45.0,736.2048880022485,True,0,,
20250821_010918,genetic,random,190,1776,"{'p': 0.1, 'seed': 42}",roman_domination,48.0,833.4376629936742,True,0,,
20250821_010918,genetic,random,210,2175,"{'p': 0.1, 'seed': 42}",roman_domination,47.0,919.290658996033,True,0,,
20250821_010918,genetic,random,230,2619,"{'p': 0.1, 'seed': 42}",roman_domination,50.0,974.6435720007867,True,0,,
20250821_010918,genetic,random,250,3084,"{'p': 0.1, 'seed': 42}",roman_domination,50.0,1024.0622290002648,True,0,,
20250821_010918,genetic,random,270,3590,"{'p': 0.1, 'seed': 42}",roman_domination,55.0,1156.0935590023291,True,0,,
20250821_010918,genetic,random,290,4163,"{'p': 0.1, 'seed': 42}",roman_domination,56.0,1254.89596099942,True,0,,
20250821_010918,genetic,random,310,4788,"{'p': 0.1, 'seed': 42}",roman_domination,55.0,1312.7603889952297,True,0,,
20250821_010918,genetic,random,330,5428,"{'p': 0.1, 'seed': 42}",roman_domination,49.0,1423.1162580035743,True,0,,
20250821_010918,genetic,random,350,6131,"{'p': 0.1, 'seed': 42}",roman_domination,57.0,1595.0184600005741,True,0,,
20250821_010918,genetic,random,370,6883,"{'p': 0.1, 'seed': 42}",roman_domination,60.0,1673.6989729979541,True,0,,
20250821_010918,genetic,random,390,7676,"{'p': 0.1, 'seed': 42}",roman_domination,60.0,1769.8098469991237,True,0,,
20250821_010918,genetic,random,410,8433,"{'p': 0.1, 'seed': 42}",roman_domination,59.0,1839.8937780002598,True,0,,
20250821_010918,genetic,random,430,9286,"{'p': 0.1, 'seed': 42}",roman_domination,63.0,1936.4969719972578,True,0,,
20250821_010918,genetic,random,450,10158,"{'p': 0.1, 'seed': 42}",roman_domination,63.0,2018.3910710038617,True,0,,
20250821_010918,genetic,random,470,11119,"{'p': 0.1, 'seed': 42}",roman_domination,61.0,2283.7611450013355,True,0,,
20250821_010918,genetic,random,490,12073,"{'p': 0.1, 'seed': 42}",roman_domination,62.0,2295.1805840057204,True,0,,
20250821_010918,genetic,random,510,13054,"{'p': 0.1, 'seed': 42}",roman_domination,62.0,2377.8477480009315,True,0,,
20250821_010918,genetic,random,530,14070,"{'p': 0.1, 'seed': 42}",roman_domination,65.0,2321.7897479989915,True,0,,
20250821_010918,genetic,random,550,15147,"{'p': 0.1, 'seed': 42}",roman_domination,66.0,2385.5486399988877,True,0,,
20250821_010918,genetic,random,570,16242,"{'p': 0.1, 'seed': 42}",roman_domination,71.0,2575.4162250013906,True,0,,
20250821_010918,genetic,random,590,17437,"{'p': 0.1, 'seed': 42}",roman_domination,69.0,2713.217459000589,True,0,,
20250821_010918,genetic,random,610,18614,"{'p': 0.1, 'seed': 42}",roman_domination,69.0,2766.913489002036,True,0,,
20250821_010918,genetic,random,630,19860,"{'p': 0.1, 'seed': 42}",roman_domination,68.0,2923.3651729955454,True,0,,
20250821_010918,genetic,random,650,21118,"{'p': 0.1, 'seed': 42}",roman_domination,67.0,2940.0817990026553,True,0,,
20250821_010918,genetic,random,670,22424,"{'p': 0.1, 'seed': 42}",roman_domination,72.0,3365.2276899956632,True,0,,
20250821_010918,genetic,random,690,23815,"{'p': 0.1, 'seed': 42}",roman_domination,71.0,3441.8286130021443,True,0,,
20250821_010918,genetic,random,710,25210,"{'p': 0.1, 'seed': 42}",roman_domination,66.0,3610.898687998997,True,0,,
20250821_010918,genetic,random,730,26570,"{'p': 0.1, 'seed': 42}",roman_domination,73.0,3552.8181490008137,True,0,,
20250821_010918,genetic,random,750,28065,"{'p': 0.1, 'seed': 42}",roman_domination,73.0,3771.9714080012636,True,0,,
20250821_010918,genetic,random,770,29598,"{'p': 0.1, 'seed': 42}",roman_domination,71.0,4019.030149996979,True,0,,
20250821_010918,genetic,random,790,31177,"{'p': 0.1, 'seed': 42}",roman_domination,75.0,3936.2138279975625,True,0,,
20250821_010918,genetic,random,810,32778,"{'p': 0.1, 'seed': 42}",roman_domination,71.0,4451.525895994564,True,0,,
20250821_010918,genetic,random,830,34379,"{'p': 0.1, 'seed': 42}",roman_domination,75.0,4687.117739995301,True,0,,
20250821_010918,genetic,random,850,36107,"{'p': 0.1, 'seed': 42}",roman_domination,74.0,4587.270254000032,True,0,,
20250821_010918,genetic,random,870,37776,"{'p': 0.1, 'seed': 42}",roman_domination,77.0,4604.688029001409,True,0,,
20250821_010918,genetic,random,890,39565,"{'p': 0.1, 'seed': 42}",roman_domination,72.0,5066.852513999038,True,0,,
20250821_010918,genetic,random,910,41408,"{'p': 0.1, 'seed': 42}",roman_domination,77.0,5130.898695999349,True,0,,
20250821_010918,genetic,random,930,43243,"{'p': 0.1, 'seed': 42}",roman_domination,81.0,5158.135506004328,True,0,,
20250821_010918,genetic,random,950,45065,"{'p': 0.1, 'seed': 42}",roman_domination,78.0,5548.5441319979145,True,0,,
20250821_010918,genetic,random,970,46973,"{'p': 0.1, 'seed': 42}",roman_domination,79.0,5528.6594740027795,True,0,,
20250821_010918,genetic,random,990,48936,"{'p': 0.1, 'seed': 42}",roman_domination,74.0,5581.999182999425,True,0,,
20250821_010918,genetic,scale_free,10,16,"{'m': 2, 'seed': 42}",roman_domination,4.0,149.70756299589993,True,0,,
20250821_010918,genetic,scale_free,30,56,"{'m': 2, 'seed': 42}",roman_domination,9.0,214.69181800057413,True,0,,
20250821_010918,genetic,scale_free,50,96,"{'m': 2, 'seed': 42}",roman_domination,19.0,341.50964099535486,True,0,,
20250821_010918,genetic,scale_free,70,136,"{'m': 2, 'seed': 42}",roman_domination,41.0,386.3629010011209,True,0,,
20250821_010918,genetic,scale_free,90,176,"{'m': 2, 'seed': 42}",roman_domination,44.0,499.28526699659415,True,0,,
20250821_010918,genetic,scale_free,110,216,"{'m': 2, 'seed': 42}",roman_domination,60.0,605.6770619979943,True,0,,
20250821_010918,genetic,scale_free,130,256,"{'m': 2, 'seed': 42}",roman_domination,63.0,632.838774996344,True,0,,
20250821_010918,genetic,scale_free,150,296,"{'m': 2, 'seed': 42}",roman_domination,80.0,731.7498810007237,True,0,,
20250821_010918,genetic,scale_free,170,336,"{'m': 2, 'seed': 42}",roman_domination,105.0,877.3395340031129,True,0,,
20250821_010918,genetic,scale_free,190,376,"{'m': 2, 'seed': 42}",roman_domination,113.0,924.3100120002055,True,0,,
20250821_010918,genetic,scale_free,210,416,"{'m': 2, 'seed': 42}",roman_domination,125.0,1024.718060005398,True,0,,
20250821_010918,genetic,scale_free,230,456,"{'m': 2, 'seed': 42}",roman_domination,149.0,1180.89464300283,True,0,,
20250821_010918,genetic,scale_free,250,496,"{'m': 2, 'seed': 42}",roman_domination,167.0,1267.6127619997715,True,0,,
20250821_010918,genetic,scale_free,270,536,"{'m': 2, 'seed': 42}",roman_domination,168.0,1401.7133270026534,True,0,,
20250821_010918,genetic,scale_free,290,576,"{'m': 2, 'seed': 42}",roman_domination,195.0,1506.106508000812,True,0,,
20250821_010918,genetic,scale_free,310,616,"{'m': 2, 'seed': 42}",roman_domination,204.0,1670.3747159990598,True,0,,
20250821_010918,genetic,scale_free,330,656,"{'m': 2, 'seed': 42}",roman_domination,225.0,1860.7309750004788,True,0,,
20250821_010918,genetic,scale_free,350,696,"{'m': 2, 'seed': 42}",roman_domination,236.0,2023.0895909990068,True,0,,
20250821_010918,genetic,scale_free,370,736,"{'m': 2, 'seed': 42}",roman_domination,250.0,2060.971865997999,True,0,,
20250821_010918,genetic,scale_free,390,776,"{'m': 2, 'seed': 42}",roman_domination,253.0,2044.884319002449,True,0,,
20250821_010918,genetic,scale_free,410,816,"{'m': 2, 'seed': 42}",roman_domination,275.0,2258.3213719990454,True,0,,
20250821_010918,genetic,scale_free,430,856,"{'m': 2, 'seed': 42}",roman_domination,299.0,2426.360361998377,True,0,,
20250821_010918,genetic,scale_free,450,896,"{'m': 2, 'seed': 42}",roman_domination,313.0,2548.8560019948636,True,0,,
20250821_010918,genetic,scale_free,470,936,"{'m': 2, 'seed': 42}",roman_domination,323.0,2746.5864939949824,True,0,,
20250821_010918,genetic,scale_free,490,976,"{'m': 2, 'seed': 42}",roman_domination,335.0,2769.6719550003763,True,0,,
20250821_010918,genetic,scale_free,510,1016,"{'m': 2, 'seed': 42}",roman_domination,354.0,3029.4713280018186,True,0,,
20250821_010918,genetic,scale_free,530,1056,"{'m': 2, 'seed': 42}",roman_domination,360.0,3098.9264020026894,True,0,,
20250821_010918,genetic,scale_free,550,1096,"{'m': 2, 'seed': 42}",roman_domination,380.0,3227.0814570001676,True,0,,
20250821_010918,genetic,scale_free,570,1136,"{'m': 2, 'seed': 42}",roman_domination,405.0,3351.2785249986337,True,0,,
20250821_010918,genetic,scale_free,590,1176,"{'m': 2, 'seed': 42}",roman_domination,412.0,3571.8149969980004,True,0,,
20250821_010918,genetic,scale_free,610,1216,"{'m': 2, 'seed': 42}",roman_domination,426.0,3603.9294059955864,True,0,,
20250821_010918,genetic,scale_free,630,1256,"{'m': 2, 'seed': 42}",roman_domination,427.0,3641.212265996728,True,0,,
20250821_010918,genetic,scale_free,650,1296,"{'m': 2, 'seed': 42}",roman_domination,447.0,3928.184009004326,True,0,,
20250821_010918,genetic,scale_free,670,1336,"{'m': 2, 'seed': 42}",roman_domination,464.0,3836.5887330000987,True,0,,
20250821_010918,genetic,scale_free,690,1376,"{'m': 2, 'seed': 42}",roman_domination,488.0,3984.488248999696,True,0,,
20250821_010918,genetic,scale_free,710,1416,"{'m': 2, 'seed': 42}",roman_domination,508.0,4242.444907002209,True,0,,
20250821_010918,genetic,scale_free,730,1456,"{'m': 2, 'seed': 42}",roman_domination,510.0,4193.095179005468,True,0,,
20250821_010918,genetic,scale_free,750,1496,"{'m': 2, 'seed': 42}",roman_domination,539.0,4316.6643459990155,True,0,,
20250821_010918,genetic,scale_free,770,1536,"{'m': 2, 'seed': 42}",roman_domination,533.0,4406.307295997976,True,0,,
20250821_010918,genetic,scale_free,790,1576,"{'m': 2, 'seed': 42}",roman_domination,552.0,4575.733047997346,True,0,,
20250821_010918,genetic,scale_free,810,1616,"{'m': 2, 'seed': 42}",roman_domination,580.0,4757.091104002029,True,0,,
20250821_010918,genetic,scale_free,830,1656,"{'m': 2, 'seed': 42}",roman_domination,585.0,4841.989496002498,True,0,,
20250821_010918,genetic,scale_free,850,1696,"{'m': 2, 'seed': 42}",roman_domination,594.0,4880.523917003302,True,0,,
20250821_010918,genetic,scale_free,870,1736,"{'m': 2, 'seed': 42}",roman_domination,608.0,5017.857949002064,True,0,,
20250821_010918,genetic,scale_free,890,1776,"{'m': 2, 'seed': 42}",roman_domination,629.0,5131.888534000609,True,0,,
20250821_010918,genetic,scale_free,910,1816,"{'m': 2, 'seed': 42}",roman_domination,646.0,5383.6493420021725,True,0,,
20250821_010918,genetic,scale_free,930,1856,"{'m': 2, 'seed': 42}",roman_domination,662.0,5427.869769002427,True,0,,
20250821_010918,genetic,scale_free,950,1896,"{'m': 2, 'seed': 42}",roman_domination,680.0,5675.705765002931,True,0,,
20250821_010918,genetic,scale_free,970,1936,"{'m': 2, 'seed': 42}",roman_domination,671.0,5553.828497999348,True,0,,
20250821_010918,genetic,scale_free,990,1976,"{'m': 2, 'seed': 42}",roman_domination,697.0,5723.685247001413,True,0,,
20250821_010918,genetic,small_world,10,30,"{'k': 6, 'p': 0.05, 'seed': 42}",roman_domination,4.0,109.61499199765967,True,0,,
20250821_010918,genetic,small_world,30,90,"{'k': 6, 'p': 0.05, 'seed': 42}",roman_domination,10.0,214.13752900116378,True,0,,
20250821_010918,genetic,small_world,50,150,"{'k': 6, 'p': 0.05, 'seed': 42}",roman_domination,17.0,278.14399899943965,True,0,,
20250821_010918,genetic,small_world,70,210,"{'k': 6, 'p': 0.05, 'seed': 42}",roman_domination,22.0,330.0816129994928,True,0,,
20250821_010918,genetic,small_world,90,270,"{'k': 6, 'p': 0.05, 'seed': 42}",roman_domination,31.0,356.8061449986999,True,0,,
20250821_010918,genetic,small_world,110,330,"{'k': 6, 'p': 0.05, 'seed': 42}",roman_domination,37.0,407.45516100287205,True,0,,
20250821_010918,genetic,small_world,130,390,"{'k': 6, 'p': 0.05, 'seed': 42}",roman_domination,47.0,455.2025539960596,True,0,,
20250821_010918,genetic,small_world,150,450,"{'k': 6, 'p': 0.05, 'seed': 42}",roman_domination,51.0,498.22640100319404,True,0,,
20250821_010918,genetic,small_world,170,510,"{'k': 6, 'p': 0.05, 'seed': 42}",roman_domination,60.0,557.6096429940662,True,0,,
20250821_010918,genetic,small_world,190,570,"{'k': 6, 'p': 0.05, 'seed': 42}",roman_domination,70.0,644.8363410017919,True,0,,
20250821_010918,genetic,small_world,210,630,"{'k': 6, 'p': 0.05, 'seed': 42}",roman_domination,79.0,737.8525269959937,True,0,,
20250821_010918,genetic,small_world,230,690,"{'k': 6, 'p': 0.05, 'seed': 42}",roman_domination,88.0,788.3350350020919,True,0,,
20250821_010918,genetic,small_world,250,750,"{'k': 6, 'p': 0.05, 'seed': 42}",roman_domination,92.0,789.8513830004958,True,0,,
20250821_010918,genetic,small_world,270,810,"{'k': 6, 'p': 0.05, 'seed': 42}",roman_domination,107.0,874.0893840003991,True,0,,
20250821_010918,genetic,small_world,290,870,"{'k': 6, 'p': 0.05, 'seed': 42}",roman_domination,113.0,942.6850800009561,True,0,,
20250821_010918,genetic,small_world,310,930,"{'k': 6, 'p': 0.05, 'seed': 42}",roman_domination,122.0,1015.8226530038519,True,0,,
20250821_010918,genetic,small_world,330,990,"{'k': 6, 'p': 0.05, 'seed': 42}",roman_domination,132.0,1145.0340170049458,True,0,,
20250821_010918,genetic,small_world,350,1050,"{'k': 6, 'p': 0.05, 'seed': 42}",roman_domination,141.0,1193.740827999136,True,0,,
20250821_010918,genetic,small_world,370,1110,"{'k': 6, 'p': 0.05, 'seed': 42}",roman_domination,149.0,1275.0208290017326,True,0,,
20250821_010918,genetic,small_world,390,1170,"{'k': 6, 'p': 0.05, 'seed': 42}",roman_domination,162.0,1391.7220499934047,True,0,,
20250821_010918,genetic,small_world,410,1230,"{'k': 6, 'p': 0.05, 'seed': 42}",roman_domination,166.0,1410.1431160015636,True,0,,
20250821_010918,genetic,small_world,430,1290,"{'k': 6, 'p': 0.05, 'seed': 42}",roman_domination,168.0,1440.3506469971035,True,0,,
20250821_010918,genetic,small_world,450,1350,"{'k': 6, 'p': 0.05, 'seed': 42}",roman_domination,185.0,1526.0134519994608,True,0,,
20250821_010918,genetic,small_world,470,1410,"{'k': 6, 'p': 0.05, 'seed': 42}",roman_domination,193.0,1658.9525829986087,True,0,,
20250821_010918,genetic,small_world,490,1470,"{'k': 6, 'p': 0.05, 'seed': 42}",roman_domination,204.0,1705.8184679990518,True,0,,
20250821_010918,genetic,small_world,510,1530,"{'k': 6, 'p': 0.05, 'seed': 42}",roman_domination,204.0,1796.5003939971211,True,0,,
20250821_010918,genetic,small_world,530,1590,"{'k': 6, 'p': 0.05, 'seed': 42}",roman_domination,216.0,1903.5152840006049,True,0,,
20250821_010918,genetic,small_world,550,1650,"{'k': 6, 'p': 0.05, 'seed': 42}",roman_domination,230.0,1951.6674059996149,True,0,,
20250821_010918,genetic,small_world,570,1710,"{'k': 6, 'p': 0.05, 'seed': 42}",roman_domination,238.0,1902.7872629958438,True,0,,
20250821_010918,genetic,small_world,590,1770,"{'k': 6, 'p': 0.05, 'seed': 42}",roman_domination,245.0,2108.3490309974877,True,0,,
20250821_010918,genetic,small_world,610,1830,"{'k': 6, 'p': 0.05, 'seed': 42}",roman_domination,258.0,2207.8234529981273,True,0,,
20250821_010918,genetic,small_world,630,1890,"{'k': 6, 'p': 0.05, 'seed': 42}",roman_domination,262.0,2226.8813269984093,True,0,,
20250821_010918,genetic,small_world,650,1950,"{'k': 6, 'p': 0.05, 'seed': 42}",roman_domination,269.0,2323.7796039975365,True,0,,
20250821_010918,genetic,small_world,670,2010,"{'k': 6, 'p': 0.05, 'seed': 42}",roman_domination,284.0,2391.4240980011527,True,0,,
20250821_010918,genetic,small_world,690,2070,"{'k': 6, 'p': 0.05, 'seed': 42}",roman_domination,287.0,2530.2609399950597,True,0,,
20250821_010918,genetic,small_world,710,2130,"{'k': 6, 'p': 0.05, 'seed': 42}",roman_domination,303.0,2535.018943999603,True,0,,
20250821_010918,genetic,small_world,730,2190,"{'k': 6, 'p': 0.05, 'seed': 42}",roman_domination,305.0,2652.466308005387,True,0,,
20250821_010918,genetic,small_world,750,2250,"{'k': 6, 'p': 0.05, 'seed': 42}",roman_domination,325.0,2743.4481250020326,True,0,,
20250821_010918,genetic,small_world,770,2310,"{'k': 6, 'p': 0.05, 'seed': 42}",roman_domination,329.0,2767.386367995641,True,0,,
20250821_010918,genetic,small_world,790,2370,"{'k': 6, 'p': 0.05, 'seed': 42}",roman_domination,340.0,2941.8030789965997,True,0,,
20250821_010918,genetic,small_world,810,2430,"{'k': 6, 'p': 0.05, 'seed': 42}",roman_domination,354.0,2973.6233229996287,True,0,,
20250821_010918,genetic,small_world,830,2490,"{'k': 6, 'p': 0.05, 'seed': 42}",roman_domination,356.0,2988.824478001334,True,0,,
20250821_010918,genetic,small_world,850,2550,"{'k': 6, 'p': 0.05, 'seed': 42}",roman_domination,369.0,3111.5211849974003,True,0,,
20250821_010918,genetic,small_world,870,2610,"{'k': 6, 'p': 0.05, 'seed': 42}",roman_domination,362.0,3114.960682003584,True,0,,
20250821_010918,genetic,small_world,890,2670,"{'k': 6, 'p': 0.05, 'seed': 42}",roman_domination,379.0,3235.810826001398,True,0,,
20250821_010918,genetic,small_world,910,2730,"{'k': 6, 'p': 0.05, 'seed': 42}",roman_domination,387.0,3193.0553179990966,True,0,,
20250821_010918,genetic,small_world,930,2790,"{'k': 6, 'p': 0.05, 'seed': 42}",roman_domination,401.0,3259.2669049990945,True,0,,
20250821_010918,genetic,small_world,950,2850,"{'k': 6, 'p': 0.05, 'seed': 42}",roman_domination,413.0,3315.6794250025996,True,0,,
20250821_010918,genetic,small_world,970,2910,"{'k': 6, 'p': 0.05, 'seed': 42}",roman_domination,406.0,3420.31990900432,True,0,,
20250821_010918,genetic,small_world,990,2970,"{'k': 6, 'p': 0.05, 'seed': 42}",roman_domination,429.0,3512.5672450012644,True,0,,
