run_id,algorithm,graph,n_nodes,n_edges,graph_params,license_config,total_cost,time_ms,valid,issues,image_path,notes
20250821_010918,randomized_algorithm,random,10,9,"{'p': 0.1, 'seed': 42}",roman_domination,9.0,0.07024200021987781,True,0,,
20250821_010918,randomized_algorithm,random,30,43,"{'p': 0.1, 'seed': 42}",roman_domination,23.0,0.0995740047073923,True,0,,
20250821_010918,randomized_algorithm,random,50,120,"{'p': 0.1, 'seed': 42}",roman_domination,29.0,0.1385909999953583,True,0,,
20250821_010918,randomized_algorithm,random,70,228,"{'p': 0.1, 'seed': 42}",roman_domination,35.0,0.18449899653205648,True,0,,
20250821_010918,randomized_algorithm,random,90,380,"{'p': 0.1, 'seed': 42}",roman_domination,44.0,0.23002400121185929,True,0,,
20250821_010918,randomized_algorithm,random,110,581,"{'p': 0.1, 'seed': 42}",roman_domination,47.0,0.2860750028048642,True,0,,
20250821_010918,randomized_algorithm,random,130,819,"{'p': 0.1, 'seed': 42}",roman_domination,41.0,0.3388960030861199,True,0,,
20250821_010918,randomized_algorithm,random,150,1103,"{'p': 0.1, 'seed': 42}",roman_domination,54.0,0.35397600004216656,True,0,,
20250821_010918,randomized_algorithm,random,170,1395,"{'p': 0.1, 'seed': 42}",roman_domination,54.0,2.0832169975619763,True,0,,
20250821_010918,randomized_algorithm,random,190,1776,"{'p': 0.1, 'seed': 42}",roman_domination,61.0,0.4790820021298714,True,0,,
20250821_010918,randomized_algorithm,random,210,2175,"{'p': 0.1, 'seed': 42}",roman_domination,60.0,0.6067990034352988,True,0,,
20250821_010918,randomized_algorithm,random,230,2619,"{'p': 0.1, 'seed': 42}",roman_domination,60.0,0.682067999150604,True,0,,
20250821_010918,randomized_algorithm,random,250,3084,"{'p': 0.1, 'seed': 42}",roman_domination,69.0,0.7905459933681414,True,0,,
20250821_010918,randomized_algorithm,random,270,3590,"{'p': 0.1, 'seed': 42}",roman_domination,64.0,0.9519379964331165,True,0,,
20250821_010918,randomized_algorithm,random,290,4163,"{'p': 0.1, 'seed': 42}",roman_domination,63.0,1.0301879956386983,True,0,,
20250821_010918,randomized_algorithm,random,310,4788,"{'p': 0.1, 'seed': 42}",roman_domination,71.0,1.0573229956207797,True,0,,
20250821_010918,randomized_algorithm,random,330,5428,"{'p': 0.1, 'seed': 42}",roman_domination,72.0,1.263812999241054,True,0,,
20250821_010918,randomized_algorithm,random,350,6131,"{'p': 0.1, 'seed': 42}",roman_domination,67.0,1.312394997512456,True,0,,
20250821_010918,randomized_algorithm,random,370,6883,"{'p': 0.1, 'seed': 42}",roman_domination,80.0,1.2809140025638044,True,0,,
20250821_010918,randomized_algorithm,random,390,7676,"{'p': 0.1, 'seed': 42}",roman_domination,69.0,1.664903000346385,True,0,,
20250821_010918,randomized_algorithm,random,410,8433,"{'p': 0.1, 'seed': 42}",roman_domination,72.0,1.8633749932632782,True,0,,
20250821_010918,randomized_algorithm,random,430,9286,"{'p': 0.1, 'seed': 42}",roman_domination,79.0,1.9862499975715764,True,0,,
20250821_010918,randomized_algorithm,random,450,10158,"{'p': 0.1, 'seed': 42}",roman_domination,76.0,2.4600380056654103,True,0,,
20250821_010918,randomized_algorithm,random,470,11119,"{'p': 0.1, 'seed': 42}",roman_domination,79.0,2.174967994506005,True,0,,
20250821_010918,randomized_algorithm,random,490,12073,"{'p': 0.1, 'seed': 42}",roman_domination,83.0,2.4815169963403605,True,0,,
20250821_010918,randomized_algorithm,random,510,13054,"{'p': 0.1, 'seed': 42}",roman_domination,77.0,2.9235120018711314,True,0,,
20250821_010918,randomized_algorithm,random,530,14070,"{'p': 0.1, 'seed': 42}",roman_domination,80.0,3.054581000469625,True,0,,
20250821_010918,randomized_algorithm,random,550,15147,"{'p': 0.1, 'seed': 42}",roman_domination,83.0,3.100829002505634,True,0,,
20250821_010918,randomized_algorithm,random,570,16242,"{'p': 0.1, 'seed': 42}",roman_domination,77.0,6.081303996325005,True,0,,
20250821_010918,randomized_algorithm,random,590,17437,"{'p': 0.1, 'seed': 42}",roman_domination,86.0,3.825337000307627,True,0,,
20250821_010918,randomized_algorithm,random,610,18614,"{'p': 0.1, 'seed': 42}",roman_domination,89.0,3.7701129986089654,True,0,,
20250821_010918,randomized_algorithm,random,630,19860,"{'p': 0.1, 'seed': 42}",roman_domination,88.0,3.6860339969280176,True,0,,
20250821_010918,randomized_algorithm,random,650,21118,"{'p': 0.1, 'seed': 42}",roman_domination,76.0,4.169192994595505,True,0,,
20250821_010918,randomized_algorithm,random,670,22424,"{'p': 0.1, 'seed': 42}",roman_domination,93.0,3.3162460022140294,True,0,,
20250821_010918,randomized_algorithm,random,690,23815,"{'p': 0.1, 'seed': 42}",roman_domination,88.0,4.421489000378642,True,0,,
20250821_010918,randomized_algorithm,random,710,25210,"{'p': 0.1, 'seed': 42}",roman_domination,78.0,5.201197003771085,True,0,,
20250821_010918,randomized_algorithm,random,730,26570,"{'p': 0.1, 'seed': 42}",roman_domination,88.0,5.265627994958777,True,0,,
20250821_010918,randomized_algorithm,random,750,28065,"{'p': 0.1, 'seed': 42}",roman_domination,85.0,5.737045001296792,True,0,,
20250821_010918,randomized_algorithm,random,770,29598,"{'p': 0.1, 'seed': 42}",roman_domination,89.0,5.535885000426788,True,0,,
20250821_010918,randomized_algorithm,random,790,31177,"{'p': 0.1, 'seed': 42}",roman_domination,88.0,5.943727999692783,True,0,,
20250821_010918,randomized_algorithm,random,810,32778,"{'p': 0.1, 'seed': 42}",roman_domination,85.0,6.349213996145409,True,0,,
20250821_010918,randomized_algorithm,random,830,34379,"{'p': 0.1, 'seed': 42}",roman_domination,93.0,6.204261000675615,True,0,,
20250821_010918,randomized_algorithm,random,850,36107,"{'p': 0.1, 'seed': 42}",roman_domination,87.0,6.427310996514279,True,0,,
20250821_010918,randomized_algorithm,random,870,37776,"{'p': 0.1, 'seed': 42}",roman_domination,91.0,7.643744997039903,True,0,,
20250821_010918,randomized_algorithm,random,890,39565,"{'p': 0.1, 'seed': 42}",roman_domination,85.0,6.645535999268759,True,0,,
20250821_010918,randomized_algorithm,random,910,41408,"{'p': 0.1, 'seed': 42}",roman_domination,93.0,9.227313996234443,True,0,,
20250821_010918,randomized_algorithm,random,930,43243,"{'p': 0.1, 'seed': 42}",roman_domination,89.0,8.18546699883882,True,0,,
20250821_010918,randomized_algorithm,random,950,45065,"{'p': 0.1, 'seed': 42}",roman_domination,96.0,7.9823390042292885,True,0,,
20250821_010918,randomized_algorithm,random,970,46973,"{'p': 0.1, 'seed': 42}",roman_domination,90.0,9.23852100095246,True,0,,
20250821_010918,randomized_algorithm,random,990,48936,"{'p': 0.1, 'seed': 42}",roman_domination,83.0,13.231472999905236,True,0,,
20250821_010918,randomized_algorithm,scale_free,10,16,"{'m': 2, 'seed': 42}",roman_domination,6.0,0.06557100277859718,True,0,,
20250821_010918,randomized_algorithm,scale_free,30,56,"{'m': 2, 'seed': 42}",roman_domination,24.0,0.10489999840501696,True,0,,
20250821_010918,randomized_algorithm,scale_free,50,96,"{'m': 2, 'seed': 42}",roman_domination,44.0,0.1505800028098747,True,0,,
20250821_010918,randomized_algorithm,scale_free,70,136,"{'m': 2, 'seed': 42}",roman_domination,59.0,0.18186200031777844,True,0,,
20250821_010918,randomized_algorithm,scale_free,90,176,"{'m': 2, 'seed': 42}",roman_domination,67.0,0.33918300323421136,True,0,,
20250821_010918,randomized_algorithm,scale_free,110,216,"{'m': 2, 'seed': 42}",roman_domination,83.0,0.25294499937444925,True,0,,
20250821_010918,randomized_algorithm,scale_free,130,256,"{'m': 2, 'seed': 42}",roman_domination,100.0,0.28116299654357135,True,0,,
20250821_010918,randomized_algorithm,scale_free,150,296,"{'m': 2, 'seed': 42}",roman_domination,120.0,0.3125389994238503,True,0,,
20250821_010918,randomized_algorithm,scale_free,170,336,"{'m': 2, 'seed': 42}",roman_domination,120.0,0.34319700353080407,True,0,,
20250821_010918,randomized_algorithm,scale_free,190,376,"{'m': 2, 'seed': 42}",roman_domination,151.0,0.38554100319743156,True,0,,
20250821_010918,randomized_algorithm,scale_free,210,416,"{'m': 2, 'seed': 42}",roman_domination,161.0,0.3848709966405295,True,0,,
20250821_010918,randomized_algorithm,scale_free,230,456,"{'m': 2, 'seed': 42}",roman_domination,155.0,0.5927840029471554,True,0,,
20250821_010918,randomized_algorithm,scale_free,250,496,"{'m': 2, 'seed': 42}",roman_domination,166.0,0.6149770051706582,True,0,,
20250821_010918,randomized_algorithm,scale_free,270,536,"{'m': 2, 'seed': 42}",roman_domination,200.0,0.566684000659734,True,0,,
20250821_010918,randomized_algorithm,scale_free,290,576,"{'m': 2, 'seed': 42}",roman_domination,218.0,0.5769649942521937,True,0,,
20250821_010918,randomized_algorithm,scale_free,310,616,"{'m': 2, 'seed': 42}",roman_domination,246.0,0.6220610011951067,True,0,,
20250821_010918,randomized_algorithm,scale_free,330,656,"{'m': 2, 'seed': 42}",roman_domination,241.0,0.664407001750078,True,0,,
20250821_010918,randomized_algorithm,scale_free,350,696,"{'m': 2, 'seed': 42}",roman_domination,255.0,2.543677997891791,True,0,,
20250821_010918,randomized_algorithm,scale_free,370,736,"{'m': 2, 'seed': 42}",roman_domination,272.0,2.31357199663762,True,0,,
20250821_010918,randomized_algorithm,scale_free,390,776,"{'m': 2, 'seed': 42}",roman_domination,292.0,2.470706000167411,True,0,,
20250821_010918,randomized_algorithm,scale_free,410,816,"{'m': 2, 'seed': 42}",roman_domination,314.0,2.4961469971458428,True,0,,
20250821_010918,randomized_algorithm,scale_free,430,856,"{'m': 2, 'seed': 42}",roman_domination,310.0,2.3983569990377873,True,0,,
20250821_010918,randomized_algorithm,scale_free,450,896,"{'m': 2, 'seed': 42}",roman_domination,342.0,2.4385770011576824,True,0,,
20250821_010918,randomized_algorithm,scale_free,470,936,"{'m': 2, 'seed': 42}",roman_domination,367.0,0.839617001474835,True,0,,
20250821_010918,randomized_algorithm,scale_free,490,976,"{'m': 2, 'seed': 42}",roman_domination,349.0,1.0763899990706705,True,0,,
20250821_010918,randomized_algorithm,scale_free,510,1016,"{'m': 2, 'seed': 42}",roman_domination,396.0,0.8650959935039282,True,0,,
20250821_010918,randomized_algorithm,scale_free,530,1056,"{'m': 2, 'seed': 42}",roman_domination,391.0,1.0285590033163317,True,0,,
20250821_010918,randomized_algorithm,scale_free,550,1096,"{'m': 2, 'seed': 42}",roman_domination,415.0,0.9895490002236329,True,0,,
20250821_010918,randomized_algorithm,scale_free,570,1136,"{'m': 2, 'seed': 42}",roman_domination,433.0,1.0656280064722523,True,0,,
20250821_010918,randomized_algorithm,scale_free,590,1176,"{'m': 2, 'seed': 42}",roman_domination,443.0,1.0886719974223524,True,0,,
20250821_010918,randomized_algorithm,scale_free,610,1216,"{'m': 2, 'seed': 42}",roman_domination,463.0,1.0645830043358728,True,0,,
20250821_010918,randomized_algorithm,scale_free,630,1256,"{'m': 2, 'seed': 42}",roman_domination,446.0,1.2908460048492998,True,0,,
20250821_010918,randomized_algorithm,scale_free,650,1296,"{'m': 2, 'seed': 42}",roman_domination,490.0,1.142022003477905,True,0,,
20250821_010918,randomized_algorithm,scale_free,670,1336,"{'m': 2, 'seed': 42}",roman_domination,512.0,1.2764220009557903,True,0,,
20250821_010918,randomized_algorithm,scale_free,690,1376,"{'m': 2, 'seed': 42}",roman_domination,519.0,1.218410994624719,True,0,,
20250821_010918,randomized_algorithm,scale_free,710,1416,"{'m': 2, 'seed': 42}",roman_domination,521.0,1.26134399761213,True,0,,
20250821_010918,randomized_algorithm,scale_free,730,1456,"{'m': 2, 'seed': 42}",roman_domination,552.0,1.3346939958864823,True,0,,
20250821_010918,randomized_algorithm,scale_free,750,1496,"{'m': 2, 'seed': 42}",roman_domination,556.0,1.3150029990356416,True,0,,
20250821_010918,randomized_algorithm,scale_free,770,1536,"{'m': 2, 'seed': 42}",roman_domination,592.0,1.313375003519468,True,0,,
20250821_010918,randomized_algorithm,scale_free,790,1576,"{'m': 2, 'seed': 42}",roman_domination,598.0,1.5063710015965626,True,0,,
20250821_010918,randomized_algorithm,scale_free,810,1616,"{'m': 2, 'seed': 42}",roman_domination,570.0,1.51349699444836,True,0,,
20250821_010918,randomized_algorithm,scale_free,830,1656,"{'m': 2, 'seed': 42}",roman_domination,614.0,1.5037470002425835,True,0,,
20250821_010918,randomized_algorithm,scale_free,850,1696,"{'m': 2, 'seed': 42}",roman_domination,644.0,1.4380810025613755,True,0,,
20250821_010918,randomized_algorithm,scale_free,870,1736,"{'m': 2, 'seed': 42}",roman_domination,670.0,1.5721469972049817,True,0,,
20250821_010918,randomized_algorithm,scale_free,890,1776,"{'m': 2, 'seed': 42}",roman_domination,667.0,1.5185450029093772,True,0,,
20250821_010918,randomized_algorithm,scale_free,910,1816,"{'m': 2, 'seed': 42}",roman_domination,693.0,1.534587994683534,True,0,,
20250821_010918,randomized_algorithm,scale_free,930,1856,"{'m': 2, 'seed': 42}",roman_domination,710.0,1.5657360054319724,True,0,,
20250821_010918,randomized_algorithm,scale_free,950,1896,"{'m': 2, 'seed': 42}",roman_domination,703.0,1.7347239991067909,True,0,,
20250821_010918,randomized_algorithm,scale_free,970,1936,"{'m': 2, 'seed': 42}",roman_domination,719.0,1.8865239981096238,True,0,,
20250821_010918,randomized_algorithm,scale_free,990,1976,"{'m': 2, 'seed': 42}",roman_domination,731.0,1.7579010018380359,True,0,,
20250821_010918,randomized_algorithm,small_world,10,30,"{'k': 6, 'p': 0.05, 'seed': 42}",roman_domination,5.0,0.07543400715803728,True,0,,
20250821_010918,randomized_algorithm,small_world,30,90,"{'k': 6, 'p': 0.05, 'seed': 42}",roman_domination,15.0,0.15891699877101928,True,0,,
20250821_010918,randomized_algorithm,small_world,50,150,"{'k': 6, 'p': 0.05, 'seed': 42}",roman_domination,23.0,0.12899299326818436,True,0,,
20250821_010918,randomized_algorithm,small_world,70,210,"{'k': 6, 'p': 0.05, 'seed': 42}",roman_domination,34.0,0.1688999982434325,True,0,,
20250821_010918,randomized_algorithm,small_world,90,270,"{'k': 6, 'p': 0.05, 'seed': 42}",roman_domination,37.0,0.21211599960224703,True,0,,
20250821_010918,randomized_algorithm,small_world,110,330,"{'k': 6, 'p': 0.05, 'seed': 42}",roman_domination,52.0,0.23616899852640927,True,0,,
20250821_010918,randomized_algorithm,small_world,130,390,"{'k': 6, 'p': 0.05, 'seed': 42}",roman_domination,61.0,0.2771599974948913,True,0,,
20250821_010918,randomized_algorithm,small_world,150,450,"{'k': 6, 'p': 0.05, 'seed': 42}",roman_domination,65.0,0.30435199732892215,True,0,,
20250821_010918,randomized_algorithm,small_world,170,510,"{'k': 6, 'p': 0.05, 'seed': 42}",roman_domination,73.0,0.36347599962027743,True,0,,
20250821_010918,randomized_algorithm,small_world,190,570,"{'k': 6, 'p': 0.05, 'seed': 42}",roman_domination,89.0,0.3525870051817037,True,0,,
20250821_010918,randomized_algorithm,small_world,210,630,"{'k': 6, 'p': 0.05, 'seed': 42}",roman_domination,94.0,0.3836620016954839,True,0,,
20250821_010918,randomized_algorithm,small_world,230,690,"{'k': 6, 'p': 0.05, 'seed': 42}",roman_domination,103.0,0.43116099550388753,True,0,,
20250821_010918,randomized_algorithm,small_world,250,750,"{'k': 6, 'p': 0.05, 'seed': 42}",roman_domination,111.0,0.46312399354064837,True,0,,
20250821_010918,randomized_algorithm,small_world,270,810,"{'k': 6, 'p': 0.05, 'seed': 42}",roman_domination,135.0,0.5116999964229763,True,0,,
20250821_010918,randomized_algorithm,small_world,290,870,"{'k': 6, 'p': 0.05, 'seed': 42}",roman_domination,137.0,0.532986996404361,True,0,,
20250821_010918,randomized_algorithm,small_world,310,930,"{'k': 6, 'p': 0.05, 'seed': 42}",roman_domination,138.0,0.5964380034129135,True,0,,
20250821_010918,randomized_algorithm,small_world,330,990,"{'k': 6, 'p': 0.05, 'seed': 42}",roman_domination,160.0,2.219545000116341,True,0,,
20250821_010918,randomized_algorithm,small_world,350,1050,"{'k': 6, 'p': 0.05, 'seed': 42}",roman_domination,173.0,2.295680998940952,True,0,,
20250821_010918,randomized_algorithm,small_world,370,1110,"{'k': 6, 'p': 0.05, 'seed': 42}",roman_domination,175.0,2.2673290004604496,True,0,,
20250821_010918,randomized_algorithm,small_world,390,1170,"{'k': 6, 'p': 0.05, 'seed': 42}",roman_domination,173.0,0.7001310004852712,True,0,,
20250821_010918,randomized_algorithm,small_world,410,1230,"{'k': 6, 'p': 0.05, 'seed': 42}",roman_domination,191.0,0.7602109981235117,True,0,,
20250821_010918,randomized_algorithm,small_world,430,1290,"{'k': 6, 'p': 0.05, 'seed': 42}",roman_domination,185.0,0.7788709990563802,True,0,,
20250821_010918,randomized_algorithm,small_world,450,1350,"{'k': 6, 'p': 0.05, 'seed': 42}",roman_domination,207.0,0.9512269971310161,True,0,,
20250821_010918,randomized_algorithm,small_world,470,1410,"{'k': 6, 'p': 0.05, 'seed': 42}",roman_domination,217.0,0.8606769988546148,True,0,,
20250821_010918,randomized_algorithm,small_world,490,1470,"{'k': 6, 'p': 0.05, 'seed': 42}",roman_domination,216.0,0.9164340008283034,True,0,,
20250821_010918,randomized_algorithm,small_world,510,1530,"{'k': 6, 'p': 0.05, 'seed': 42}",roman_domination,232.0,0.9867049957392737,True,0,,
20250821_010918,randomized_algorithm,small_world,530,1590,"{'k': 6, 'p': 0.05, 'seed': 42}",roman_domination,241.0,1.056193003023509,True,0,,
20250821_010918,randomized_algorithm,small_world,550,1650,"{'k': 6, 'p': 0.05, 'seed': 42}",roman_domination,243.0,1.0700990023906343,True,0,,
20250821_010918,randomized_algorithm,small_world,570,1710,"{'k': 6, 'p': 0.05, 'seed': 42}",roman_domination,261.0,1.0899879998760298,True,0,,
20250821_010918,randomized_algorithm,small_world,590,1770,"{'k': 6, 'p': 0.05, 'seed': 42}",roman_domination,263.0,1.1735820007743314,True,0,,
20250821_010918,randomized_algorithm,small_world,610,1830,"{'k': 6, 'p': 0.05, 'seed': 42}",roman_domination,282.0,1.1818219936685637,True,0,,
20250821_010918,randomized_algorithm,small_world,630,1890,"{'k': 6, 'p': 0.05, 'seed': 42}",roman_domination,287.0,1.2488720021792687,True,0,,
20250821_010918,randomized_algorithm,small_world,650,1950,"{'k': 6, 'p': 0.05, 'seed': 42}",roman_domination,302.0,1.2399429979268461,True,0,,
20250821_010918,randomized_algorithm,small_world,670,2010,"{'k': 6, 'p': 0.05, 'seed': 42}",roman_domination,306.0,1.2687639973592013,True,0,,
20250821_010918,randomized_algorithm,small_world,690,2070,"{'k': 6, 'p': 0.05, 'seed': 42}",roman_domination,304.0,1.3414019995252602,True,0,,
20250821_010918,randomized_algorithm,small_world,710,2130,"{'k': 6, 'p': 0.05, 'seed': 42}",roman_domination,331.0,1.380909998260904,True,0,,
20250821_010918,randomized_algorithm,small_world,730,2190,"{'k': 6, 'p': 0.05, 'seed': 42}",roman_domination,322.0,1.422813002136536,True,0,,
20250821_010918,randomized_algorithm,small_world,750,2250,"{'k': 6, 'p': 0.05, 'seed': 42}",roman_domination,359.0,1.3997389978612773,True,0,,
20250821_010918,randomized_algorithm,small_world,770,2310,"{'k': 6, 'p': 0.05, 'seed': 42}",roman_domination,342.0,1.508114000898786,True,0,,
20250821_010918,randomized_algorithm,small_world,790,2370,"{'k': 6, 'p': 0.05, 'seed': 42}",roman_domination,356.0,1.5069360015331767,True,0,,
20250821_010918,randomized_algorithm,small_world,810,2430,"{'k': 6, 'p': 0.05, 'seed': 42}",roman_domination,370.0,1.4659199950983748,True,0,,
20250821_010918,randomized_algorithm,small_world,830,2490,"{'k': 6, 'p': 0.05, 'seed': 42}",roman_domination,391.0,1.446943002520129,True,0,,
20250821_010918,randomized_algorithm,small_world,850,2550,"{'k': 6, 'p': 0.05, 'seed': 42}",roman_domination,384.0,1.4865420016576536,True,0,,
20250821_010918,randomized_algorithm,small_world,870,2610,"{'k': 6, 'p': 0.05, 'seed': 42}",roman_domination,384.0,1.5731829989817925,True,0,,
20250821_010918,randomized_algorithm,small_world,890,2670,"{'k': 6, 'p': 0.05, 'seed': 42}",roman_domination,399.0,1.610988998436369,True,0,,
20250821_010918,randomized_algorithm,small_world,910,2730,"{'k': 6, 'p': 0.05, 'seed': 42}",roman_domination,430.0,2.5944239969248883,True,0,,
20250821_010918,randomized_algorithm,small_world,930,2790,"{'k': 6, 'p': 0.05, 'seed': 42}",roman_domination,421.0,1.64100499387132,True,0,,
20250821_010918,randomized_algorithm,small_world,950,2850,"{'k': 6, 'p': 0.05, 'seed': 42}",roman_domination,449.0,1.6309219936374575,True,0,,
20250821_010918,randomized_algorithm,small_world,970,2910,"{'k': 6, 'p': 0.05, 'seed': 42}",roman_domination,449.0,1.6410449970862828,True,0,,
20250821_010918,randomized_algorithm,small_world,990,2970,"{'k': 6, 'p': 0.05, 'seed': 42}",roman_domination,448.0,1.796333002857864,True,0,,
