run_id,algorithm,graph,n_nodes,n_edges,graph_params,license_config,total_cost,time_ms,valid,issues,image_path,notes
20250825_174225,greedy,3980,53,198,{},duolingo_super,457.20000000000005,0.16035699991334695,True,0,results/20250825_174225/graphs/greedy_53n_198e.png,
20250825_174225,tabu_search,3980,53,198,{},duolingo_super,333.67,916.7639689994758,True,0,results/20250825_174225/graphs/tabu_search_53n_198e.png,
20250825_174225,simulated_annealing,3980,53,198,{},duolingo_super,378.02000000000004,151.24939999986964,True,0,results/20250825_174225/graphs/simulated_annealing_53n_198e.png,
20250825_174225,genetic,3980,53,198,{},duolingo_super,359.27000000000004,342.1684209997693,True,0,results/20250825_174225/graphs/genetic_53n_198e.png,
20250825_174225,ant_colony_optimization,3980,53,198,{},duolingo_super,404.81,514.8058049999236,True,0,results/20250825_174225/graphs/ant_colony_optimization_53n_198e.png,
20250825_174225,dominating_set_algorithm,3980,53,198,{},duolingo_super,415.23,0.19838900061586173,True,0,results/20250825_174225/graphs/dominating_set_algorithm_53n_198e.png,
20250825_174225,randomized_algorithm,3980,53,198,{},duolingo_super,528.34,0.14486899999610614,True,0,results/20250825_174225/graphs/randomized_algorithm_53n_198e.png,
20250825_174225,greedy,698,62,331,{},duolingo_super,444.40000000000003,0.17209199995704694,True,0,results/20250825_174225/graphs/greedy_62n_331e.png,
20250825_174225,tabu_search,698,62,331,{},duolingo_super,320.87,859.7691719996874,True,0,results/20250825_174225/graphs/tabu_search_62n_331e.png,
20250825_174225,simulated_annealing,698,62,331,{},duolingo_super,408.38,170.0820060004844,True,0,results/20250825_174225/graphs/simulated_annealing_62n_331e.png,
20250825_174225,genetic,698,62,331,{},duolingo_super,347.66,345.9665110003698,True,0,results/20250825_174225/graphs/genetic_62n_331e.png,
20250825_174225,ant_colony_optimization,698,62,331,{},duolingo_super,418.8,625.8582830005253,True,0,results/20250825_174225/graphs/ant_colony_optimization_62n_331e.png,
20250825_174225,dominating_set_algorithm,698,62,331,{},duolingo_super,390.82,0.27251699975749943,True,0,results/20250825_174225/graphs/dominating_set_algorithm_62n_331e.png,
20250825_174225,randomized_algorithm,698,62,331,{},duolingo_super,530.72,0.18771099985315232,True,0,results/20250825_174225/graphs/randomized_algorithm_62n_331e.png,
20250825_174225,greedy,414,151,1843,{},duolingo_super,1037.03,0.40836100015440024,True,0,results/20250825_174225/graphs/greedy_151n_1843e.png,
20250825_174225,tabu_search,414,151,1843,{},duolingo_super,800.3900000000001,2148.6888600002203,True,0,results/20250825_174225/graphs/tabu_search_151n_1843e.png,
20250825_174225,simulated_annealing,414,151,1843,{},duolingo_super,960.23,491.4275829996768,True,0,results/20250825_174225/graphs/simulated_annealing_151n_1843e.png,
20250825_174225,genetic,414,151,1843,{},duolingo_super,911.12,876.7264819998672,True,0,results/20250825_174225/graphs/genetic_151n_1843e.png,
20250825_174225,ant_colony_optimization,414,151,1843,{},duolingo_super,983.45,2798.5388690003674,True,0,results/20250825_174225/graphs/ant_colony_optimization_151n_1843e.png,
20250825_174225,dominating_set_algorithm,414,151,1843,{},duolingo_super,964.7,0.788563000241993,True,0,results/20250825_174225/graphs/dominating_set_algorithm_151n_1843e.png,
20250825_174225,randomized_algorithm,414,151,1843,{},duolingo_super,1097.75,0.505971999700705,True,0,results/20250825_174225/graphs/randomized_algorithm_151n_1843e.png,
20250825_174225,greedy,686,169,1824,{},duolingo_super,1250.45,0.44116600020061014,True,0,results/20250825_174225/graphs/greedy_169n_1824e.png,
20250825_174225,tabu_search,686,169,1824,{},duolingo_super,915.88,2530.934726999476,True,0,results/20250825_174225/graphs/tabu_search_169n_1824e.png,
20250825_174225,simulated_annealing,686,169,1824,{},duolingo_super,1250.45,570.0907950003966,True,0,results/20250825_174225/graphs/simulated_annealing_169n_1824e.png,
20250825_174225,genetic,686,169,1824,{},duolingo_super,1095.3700000000001,1026.750852999612,True,0,results/20250825_174225/graphs/genetic_169n_1824e.png,
20250825_174225,ant_colony_optimization,686,169,1824,{},duolingo_super,1129.3,3506.547042999955,True,0,results/20250825_174225/graphs/ant_colony_optimization_169n_1824e.png,
20250825_174225,dominating_set_algorithm,686,169,1824,{},duolingo_super,1179.31,0.8083410002655,True,0,results/20250825_174225/graphs/dominating_set_algorithm_169n_1824e.png,
20250825_174225,randomized_algorithm,686,169,1824,{},duolingo_super,1434.7,0.5252569999356638,True,0,results/20250825_174225/graphs/randomized_algorithm_169n_1824e.png,
20250825_174225,greedy,348,225,3416,{},duolingo_super,1594.54,0.8153010003297823,True,0,results/20250825_174225/graphs/greedy_225n_3416e.png,
20250825_174225,tabu_search,348,225,3416,{},duolingo_super,1346.29,3518.0183000002216,True,0,results/20250825_174225/graphs/tabu_search_225n_3416e.png,
20250825_174225,simulated_annealing,348,225,3416,{},duolingo_super,1594.54,805.0854970006185,True,0,results/20250825_174225/graphs/simulated_annealing_225n_3416e.png,
20250825_174225,genetic,348,225,3416,{},duolingo_super,1445.41,1289.5197090001602,True,0,results/20250825_174225/graphs/genetic_225n_3416e.png,
20250825_174225,ant_colony_optimization,348,225,3416,{},duolingo_super,1475.77,5366.803042999891,True,0,results/20250825_174225/graphs/ant_colony_optimization_225n_3416e.png,
20250825_174225,dominating_set_algorithm,348,225,3416,{},duolingo_super,1511.79,1.594828000634152,True,0,results/20250825_174225/graphs/dominating_set_algorithm_225n_3416e.png,
20250825_174225,randomized_algorithm,348,225,3416,{},duolingo_super,1754.38,0.9091350002563559,True,0,results/20250825_174225/graphs/randomized_algorithm_225n_3416e.png,
20250825_174225,greedy,0,334,2852,{},duolingo_super,2619.67,0.8645230000183801,True,0,results/20250825_174225/graphs/greedy_334n_2852e.png,
20250825_174225,tabu_search,0,334,2852,{},duolingo_super,2619.67,6669.983003999732,True,0,results/20250825_174225/graphs/tabu_search_334n_2852e.png,
20250825_174225,simulated_annealing,0,334,2852,{},duolingo_super,2619.67,1159.0701140003148,True,0,results/20250825_174225/graphs/simulated_annealing_334n_2852e.png,
20250825_174225,genetic,0,334,2852,{},duolingo_super,2694.38,2104.522114000247,True,0,results/20250825_174225/graphs/genetic_334n_2852e.png,
20250825_174225,ant_colony_optimization,0,334,2852,{},duolingo_super,2569.9500000000003,12209.591259000263,True,0,results/20250825_174225/graphs/ant_colony_optimization_334n_2852e.png,
20250825_174225,dominating_set_algorithm,0,334,2852,{},duolingo_super,2508.94,1.4704020004501217,True,0,results/20250825_174225/graphs/dominating_set_algorithm_334n_2852e.png,
20250825_174225,randomized_algorithm,0,334,2852,{},duolingo_super,2847.08,0.8804640001471853,True,0,results/20250825_174225/graphs/randomized_algorithm_334n_2852e.png,
20250825_174225,greedy,3437,535,5347,{},duolingo_super,3958.82,1.3616989999718498,True,0,results/20250825_174225/graphs/greedy_535n_5347e.png,
20250825_174225,tabu_search,3437,535,5347,{},duolingo_super,3958.82,11299.466690000372,True,0,results/20250825_174225/graphs/tabu_search_535n_5347e.png,
20250825_174225,simulated_annealing,3437,535,5347,{},duolingo_super,3958.82,1950.3090019998126,True,0,results/20250825_174225/graphs/simulated_annealing_535n_5347e.png,
20250825_174225,genetic,3437,535,5347,{},duolingo_super,4055.8500000000004,3156.4867959996263,True,0,results/20250825_174225/graphs/genetic_535n_5347e.png,
20250825_174225,ant_colony_optimization,3437,535,5347,{},duolingo_super,3839.15,26165.13473499981,True,0,results/20250825_174225/graphs/ant_colony_optimization_535n_5347e.png,
20250825_174225,dominating_set_algorithm,3437,535,5347,{},duolingo_super,3551.92,2.5257670004066313,True,0,results/20250825_174225/graphs/dominating_set_algorithm_535n_5347e.png,
20250825_174225,randomized_algorithm,3437,535,5347,{},duolingo_super,4306.4800000000005,1.5273089993570466,True,0,results/20250825_174225/graphs/randomized_algorithm_535n_5347e.png,
20250825_174225,greedy,1912,748,30772,{},duolingo_super,4676.75,3.6125540000284673,True,0,results/20250825_174225/graphs/greedy_748n_30772e.png,
20250825_174225,tabu_search,1912,748,30772,{},duolingo_super,4676.75,16137.658007999562,True,0,results/20250825_174225/graphs/tabu_search_748n_30772e.png,
20250825_174225,simulated_annealing,1912,748,30772,{},duolingo_super,4676.75,3649.7671850002007,True,0,results/20250825_174225/graphs/simulated_annealing_748n_30772e.png,
20250825_174225,genetic,1912,748,30772,{},duolingo_super,4739.85,5755.865709000318,True,0,results/20250825_174225/graphs/genetic_748n_30772e.png,
20250825_174225,ant_colony_optimization,1912,748,30772,{},duolingo_super,4469.570000000001,42949.06885199998,True,0,results/20250825_174225/graphs/ant_colony_optimization_748n_30772e.png,
20250825_174225,dominating_set_algorithm,1912,748,30772,{},duolingo_super,4315.39,8.890264999536157,True,0,results/20250825_174225/graphs/dominating_set_algorithm_748n_30772e.png,
20250825_174225,randomized_algorithm,1912,748,30772,{},duolingo_super,5119.96,4.5862379993195646,True,0,results/20250825_174225/graphs/randomized_algorithm_748n_30772e.png,
20250825_174225,greedy,1684,787,14810,{},duolingo_super,5173.54,2.2089940002842923,True,0,results/20250825_174225/graphs/greedy_787n_14810e.png,
20250825_174225,tabu_search,1684,787,14810,{},duolingo_super,5173.54,15956.857179999133,True,0,results/20250825_174225/graphs/tabu_search_787n_14810e.png,
20250825_174225,simulated_annealing,1684,787,14810,{},duolingo_super,5173.54,2913.202912000088,True,0,results/20250825_174225/graphs/simulated_annealing_787n_14810e.png,
20250825_174225,genetic,1684,787,14810,{},duolingo_super,5501.26,5176.261859000078,True,0,results/20250825_174225/graphs/genetic_787n_14810e.png,
20250825_174225,ant_colony_optimization,1684,787,14810,{},duolingo_super,5010.71,49109.22863400083,True,0,results/20250825_174225/graphs/ant_colony_optimization_787n_14810e.png,
20250825_174225,dominating_set_algorithm,1684,787,14810,{},duolingo_super,4935.71,5.88817000061681,True,0,results/20250825_174225/graphs/dominating_set_algorithm_787n_14810e.png,
20250825_174225,randomized_algorithm,1684,787,14810,{},duolingo_super,5706.64,2.928359999714303,True,0,results/20250825_174225/graphs/randomized_algorithm_787n_14810e.png,
20250825_174225,greedy,107,1035,27783,{},duolingo_super,6643.360000000001,3.934189999199589,True,0,results/20250825_174225/graphs/greedy_1035n_27783e.png,
20250825_174225,tabu_search,107,1035,27783,{},duolingo_super,6643.360000000001,23921.887309999875,True,0,results/20250825_174225/graphs/tabu_search_1035n_27783e.png,
20250825_174225,simulated_annealing,107,1035,27783,{},duolingo_super,6643.360000000001,4194.205497000439,True,0,results/20250825_174225/graphs/simulated_annealing_1035n_27783e.png,
20250825_174225,genetic,107,1035,27783,{},duolingo_super,7045.79,7415.65735200038,True,0,results/20250825_174225/graphs/genetic_1035n_27783e.png,
20250825_174225,ant_colony_optimization,107,1035,27783,{},duolingo_super,6483.200000000001,84464.28699699936,True,0,results/20250825_174225/graphs/ant_colony_optimization_1035n_27783e.png,
20250825_174225,dominating_set_algorithm,107,1035,27783,{},duolingo_super,6256.400000000001,9.561889999531559,True,0,results/20250825_174225/graphs/dominating_set_algorithm_1035n_27783e.png,
20250825_174225,randomized_algorithm,107,1035,27783,{},duolingo_super,7261.59,4.7190329996738,True,0,results/20250825_174225/graphs/randomized_algorithm_1035n_27783e.png,
