run_id,algorithm,graph,n_nodes,n_edges,graph_params,license_config,total_cost,time_ms,valid,issues,image_path,notes
20250821_010918,dominating_set_algorithm,random,10,9,"{'p': 0.1, 'seed': 42}",spotify,130.96,0.08066200098255649,True,0,,
20250821_010918,dominating_set_algorithm,random,30,43,"{'p': 0.1, 'seed': 42}",spotify,398.86,0.23792700085323304,True,0,,
20250821_010918,dominating_set_algorithm,random,50,120,"{'p': 0.1, 'seed': 42}",spotify,475.86,0.47568500303896144,True,0,,
20250821_010918,dominating_set_algorithm,random,70,228,"{'p': 0.1, 'seed': 42}",spotify,668.8,0.8253900014096871,True,0,,
20250821_010918,dominating_set_algorithm,random,90,380,"{'p': 0.1, 'seed': 42}",spotify,823.75,1.240024997969158,True,0,,
20250821_010918,dominating_set_algorithm,random,110,581,"{'p': 0.1, 'seed': 42}",spotify,951.72,1.7505130017525516,True,0,,
20250821_010918,dominating_set_algorithm,random,130,819,"{'p': 0.1, 'seed': 42}",spotify,1041.7,2.410754001175519,True,0,,
20250821_010918,dominating_set_algorithm,random,150,1103,"{'p': 0.1, 'seed': 42}",spotify,1231.65,3.1900240064715035,True,0,,
20250821_010918,dominating_set_algorithm,random,170,1395,"{'p': 0.1, 'seed': 42}",spotify,1355.6100000000001,5.548394998186268,True,0,,
20250821_010918,dominating_set_algorithm,random,190,1776,"{'p': 0.1, 'seed': 42}",spotify,1490.5800000000002,6.344148998323362,True,0,,
20250821_010918,dominating_set_algorithm,random,210,2175,"{'p': 0.1, 'seed': 42}",spotify,1628.54,6.609956995816901,True,0,,
20250821_010918,dominating_set_algorithm,random,230,2619,"{'p': 0.1, 'seed': 42}",spotify,1711.52,7.377555004495662,True,0,,
20250821_010918,dominating_set_algorithm,random,250,3084,"{'p': 0.1, 'seed': 42}",spotify,1880.47,8.675943994603585,True,0,,
20250821_010918,dominating_set_algorithm,random,270,3590,"{'p': 0.1, 'seed': 42}",spotify,1980.44,10.67337699350901,True,0,,
20250821_010918,dominating_set_algorithm,random,290,4163,"{'p': 0.1, 'seed': 42}",spotify,2184.39,12.983257001906168,True,0,,
20250821_010918,dominating_set_algorithm,random,310,4788,"{'p': 0.1, 'seed': 42}",spotify,2212.39,14.198272001522128,True,0,,
20250821_010918,dominating_set_algorithm,random,330,5428,"{'p': 0.1, 'seed': 42}",spotify,2367.34,18.02545400278177,True,0,,
20250821_010918,dominating_set_algorithm,random,350,6131,"{'p': 0.1, 'seed': 42}",spotify,2512.3,18.523498001741245,True,0,,
20250821_010918,dominating_set_algorithm,random,370,6883,"{'p': 0.1, 'seed': 42}",spotify,2599.29,19.92686199810123,True,0,,
20250821_010918,dominating_set_algorithm,random,390,7676,"{'p': 0.1, 'seed': 42}",spotify,2809.2200000000003,23.064549000991974,True,0,,
20250821_010918,dominating_set_algorithm,random,410,8433,"{'p': 0.1, 'seed': 42}",spotify,2920.2000000000003,25.266593002015725,True,0,,
20250821_010918,dominating_set_algorithm,random,430,9286,"{'p': 0.1, 'seed': 42}",spotify,3003.1800000000003,27.589040997554548,True,0,,
20250821_010918,dominating_set_algorithm,random,450,10158,"{'p': 0.1, 'seed': 42}",spotify,3107.1600000000003,31.333216997154523,True,0,,
20250821_010918,dominating_set_algorithm,random,470,11119,"{'p': 0.1, 'seed': 42}",spotify,3262.11,33.86275899538305,True,0,,
20250821_010918,dominating_set_algorithm,random,490,12073,"{'p': 0.1, 'seed': 42}",spotify,3441.05,35.44947299815249,True,0,,
20250821_010918,dominating_set_algorithm,random,510,13054,"{'p': 0.1, 'seed': 42}",spotify,3466.06,38.60219500347739,True,0,,
20250821_010918,dominating_set_algorithm,random,530,14070,"{'p': 0.1, 'seed': 42}",spotify,3666.0,43.809754999529105,True,0,,
20250821_010918,dominating_set_algorithm,random,550,15147,"{'p': 0.1, 'seed': 42}",spotify,3738.9900000000002,48.03104999882635,True,0,,
20250821_010918,dominating_set_algorithm,random,570,16242,"{'p': 0.1, 'seed': 42}",spotify,3883.9500000000003,50.58085099881282,True,0,,
20250821_010918,dominating_set_algorithm,random,590,17437,"{'p': 0.1, 'seed': 42}",spotify,4093.88,55.90680500608869,True,0,,
20250821_010918,dominating_set_algorithm,random,610,18614,"{'p': 0.1, 'seed': 42}",spotify,4111.89,57.51361500006169,True,0,,
20250821_010918,dominating_set_algorithm,random,630,19860,"{'p': 0.1, 'seed': 42}",spotify,4287.84,59.28767299337778,True,0,,
20250821_010918,dominating_set_algorithm,random,650,21118,"{'p': 0.1, 'seed': 42}",spotify,4408.81,67.1498609954142,True,0,,
20250821_010918,dominating_set_algorithm,random,670,22424,"{'p': 0.1, 'seed': 42}",spotify,4549.76,73.70065199938836,True,0,,
20250821_010918,dominating_set_algorithm,random,690,23815,"{'p': 0.1, 'seed': 42}",spotify,4612.76,80.12894700368633,True,0,,
20250821_010918,dominating_set_algorithm,random,710,25210,"{'p': 0.1, 'seed': 42}",spotify,4774.71,83.15678699727869,True,0,,
20250821_010918,dominating_set_algorithm,random,730,26570,"{'p': 0.1, 'seed': 42}",spotify,4954.67,85.31165000022156,True,0,,
20250821_010918,dominating_set_algorithm,random,750,28065,"{'p': 0.1, 'seed': 42}",spotify,5030.650000000001,91.04416100308299,True,0,,
20250821_010918,dominating_set_algorithm,random,770,29598,"{'p': 0.1, 'seed': 42}",spotify,5171.6,96.07661399786593,True,0,,
20250821_010918,dominating_set_algorithm,random,790,31177,"{'p': 0.1, 'seed': 42}",spotify,5258.59,104.35463800240541,True,0,,
20250821_010918,dominating_set_algorithm,random,810,32778,"{'p': 0.1, 'seed': 42}",spotify,5475.52,111.1528420005925,True,0,,
20250821_010918,dominating_set_algorithm,random,830,34379,"{'p': 0.1, 'seed': 42}",spotify,5603.490000000001,121.34723300550831,True,0,,
20250821_010918,dominating_set_algorithm,random,850,36107,"{'p': 0.1, 'seed': 42}",spotify,5713.45,127.3135360024753,True,0,,
20250821_010918,dominating_set_algorithm,random,870,37776,"{'p': 0.1, 'seed': 42}",spotify,5831.43,136.87623500300106,True,0,,
20250821_010918,dominating_set_algorithm,random,890,39565,"{'p': 0.1, 'seed': 42}",spotify,5959.400000000001,138.79195600020466,True,0,,
20250821_010918,dominating_set_algorithm,random,910,41408,"{'p': 0.1, 'seed': 42}",spotify,6039.39,144.19340700260364,True,0,,
20250821_010918,dominating_set_algorithm,random,930,43243,"{'p': 0.1, 'seed': 42}",spotify,6173.34,155.1953840025817,True,0,,
20250821_010918,dominating_set_algorithm,random,950,45065,"{'p': 0.1, 'seed': 42}",spotify,6318.3,155.51646899984917,True,0,,
20250821_010918,dominating_set_algorithm,random,970,46973,"{'p': 0.1, 'seed': 42}",spotify,6370.29,169.83541200170293,True,0,,
20250821_010918,dominating_set_algorithm,random,990,48936,"{'p': 0.1, 'seed': 42}",spotify,6629.22,184.7977620054735,True,0,,
20250821_010918,dominating_set_algorithm,scale_free,10,16,"{'m': 2, 'seed': 42}",spotify,116.96,0.07015399751253426,True,0,,
20250821_010918,dominating_set_algorithm,scale_free,30,56,"{'m': 2, 'seed': 42}",spotify,439.84,0.1625849981792271,True,0,,
20250821_010918,dominating_set_algorithm,scale_free,50,96,"{'m': 2, 'seed': 42}",spotify,701.76,0.3142909990856424,True,0,,
20250821_010918,dominating_set_algorithm,scale_free,70,136,"{'m': 2, 'seed': 42}",spotify,942.68,0.5867889994988218,True,0,,
20250821_010918,dominating_set_algorithm,scale_free,90,176,"{'m': 2, 'seed': 42}",spotify,1217.58,0.8408760040765628,True,0,,
20250821_010918,dominating_set_algorithm,scale_free,110,216,"{'m': 2, 'seed': 42}",spotify,1417.52,1.1468209995655343,True,0,,
20250821_010918,dominating_set_algorithm,scale_free,130,256,"{'m': 2, 'seed': 42}",spotify,1682.43,1.6256990056717768,True,0,,
20250821_010918,dominating_set_algorithm,scale_free,150,296,"{'m': 2, 'seed': 42}",spotify,1981.32,1.9632460025604814,True,0,,
20250821_010918,dominating_set_algorithm,scale_free,170,336,"{'m': 2, 'seed': 42}",spotify,2126.28,2.4790309980744496,True,0,,
20250821_010918,dominating_set_algorithm,scale_free,190,376,"{'m': 2, 'seed': 42}",spotify,2432.17,3.1023439951241016,True,0,,
20250821_010918,dominating_set_algorithm,scale_free,210,416,"{'m': 2, 'seed': 42}",spotify,2663.1,3.7459630038938485,True,0,,
20250821_010918,dominating_set_algorithm,scale_free,230,456,"{'m': 2, 'seed': 42}",spotify,2911.02,4.657293000491336,True,0,,
20250821_010918,dominating_set_algorithm,scale_free,250,496,"{'m': 2, 'seed': 42}",spotify,3124.96,8.633528996142559,True,0,,
20250821_010918,dominating_set_algorithm,scale_free,270,536,"{'m': 2, 'seed': 42}",spotify,3348.89,7.083139003952965,True,0,,
20250821_010918,dominating_set_algorithm,scale_free,290,576,"{'m': 2, 'seed': 42}",spotify,3572.82,7.7543430015794,True,0,,
20250821_010918,dominating_set_algorithm,scale_free,310,616,"{'m': 2, 'seed': 42}",spotify,3963.66,8.817790003377013,True,0,,
20250821_010918,dominating_set_algorithm,scale_free,330,656,"{'m': 2, 'seed': 42}",spotify,4180.59,10.263217998726759,True,0,,
20250821_010918,dominating_set_algorithm,scale_free,350,696,"{'m': 2, 'seed': 42}",spotify,4359.53,11.405430996092036,True,0,,
20250821_010918,dominating_set_algorithm,scale_free,370,736,"{'m': 2, 'seed': 42}",spotify,4429.53,12.767856002028566,True,0,,
20250821_010918,dominating_set_algorithm,scale_free,390,776,"{'m': 2, 'seed': 42}",spotify,4673.44,15.750039994600229,True,0,,
20250821_010918,dominating_set_algorithm,scale_free,410,816,"{'m': 2, 'seed': 42}",spotify,4911.37,17.56878299784148,True,0,,
20250821_010918,dominating_set_algorithm,scale_free,430,856,"{'m': 2, 'seed': 42}",spotify,5234.25,18.98907400027383,True,0,,
20250821_010918,dominating_set_algorithm,scale_free,450,896,"{'m': 2, 'seed': 42}",spotify,5557.13,19.851252996886615,True,0,,
20250821_010918,dominating_set_algorithm,scale_free,470,936,"{'m': 2, 'seed': 42}",spotify,5791.05,20.199990998662543,True,0,,
20250821_010918,dominating_set_algorithm,scale_free,490,976,"{'m': 2, 'seed': 42}",spotify,6082.94,22.253297000133898,True,0,,
20250821_010918,dominating_set_algorithm,scale_free,510,1016,"{'m': 2, 'seed': 42}",spotify,6310.88,24.376670000492595,True,0,,
20250821_010918,dominating_set_algorithm,scale_free,530,1056,"{'m': 2, 'seed': 42}",spotify,6602.7699999999995,28.170288998808246,True,0,,
20250821_010918,dominating_set_algorithm,scale_free,550,1096,"{'m': 2, 'seed': 42}",spotify,6894.66,30.79193099983968,True,0,,
20250821_010918,dominating_set_algorithm,scale_free,570,1136,"{'m': 2, 'seed': 42}",spotify,7135.58,31.923226000799332,True,0,,
20250821_010918,dominating_set_algorithm,scale_free,590,1176,"{'m': 2, 'seed': 42}",spotify,7553.4,33.82884799793828,True,0,,
20250821_010918,dominating_set_algorithm,scale_free,610,1216,"{'m': 2, 'seed': 42}",spotify,7784.33,36.102719997870736,True,0,,
20250821_010918,dominating_set_algorithm,scale_free,630,1256,"{'m': 2, 'seed': 42}",spotify,7970.2699999999995,38.46775399870239,True,0,,
20250821_010918,dominating_set_algorithm,scale_free,650,1296,"{'m': 2, 'seed': 42}",spotify,8153.22,41.368569000042044,True,0,,
20250821_010918,dominating_set_algorithm,scale_free,670,1336,"{'m': 2, 'seed': 42}",spotify,8462.1,45.272682000359055,True,0,,
20250821_010918,dominating_set_algorithm,scale_free,690,1376,"{'m': 2, 'seed': 42}",spotify,8659.05,47.276119999878574,True,0,,
20250821_010918,dominating_set_algorithm,scale_free,710,1416,"{'m': 2, 'seed': 42}",spotify,8882.98,51.32477799634216,True,0,,
20250821_010918,dominating_set_algorithm,scale_free,730,1456,"{'m': 2, 'seed': 42}",spotify,9075.92,52.98498299816856,True,0,,
20250821_010918,dominating_set_algorithm,scale_free,750,1496,"{'m': 2, 'seed': 42}",spotify,9481.78,55.43717600085074,True,0,,
20250821_010918,dominating_set_algorithm,scale_free,770,1536,"{'m': 2, 'seed': 42}",spotify,9817.64,58.80139600049006,True,0,,
20250821_010918,dominating_set_algorithm,scale_free,790,1576,"{'m': 2, 'seed': 42}",spotify,10051.56,63.68094799836399,True,0,,
20250821_010918,dominating_set_algorithm,scale_free,810,1616,"{'m': 2, 'seed': 42}",spotify,10293.5,67.9134950041771,True,0,,
20250821_010918,dominating_set_algorithm,scale_free,830,1656,"{'m': 2, 'seed': 42}",spotify,10579.41,72.64846299949568,True,0,,
20250821_010918,dominating_set_algorithm,scale_free,850,1696,"{'m': 2, 'seed': 42}",spotify,10675.369999999999,75.02276600280311,True,0,,
20250821_010918,dominating_set_algorithm,scale_free,870,1736,"{'m': 2, 'seed': 42}",spotify,10868.31,80.7431639987044,True,0,,
20250821_010918,dominating_set_algorithm,scale_free,890,1776,"{'m': 2, 'seed': 42}",spotify,11153.2,82.81067599455127,True,0,,
20250821_010918,dominating_set_algorithm,scale_free,910,1816,"{'m': 2, 'seed': 42}",spotify,11350.15,89.39472599740839,True,0,,
20250821_010918,dominating_set_algorithm,scale_free,930,1856,"{'m': 2, 'seed': 42}",spotify,11598.07,94.40945799724432,True,0,,
20250821_010918,dominating_set_algorithm,scale_free,950,1896,"{'m': 2, 'seed': 42}",spotify,11864.0,101.9488569945679,True,0,,
20250821_010918,dominating_set_algorithm,scale_free,970,1936,"{'m': 2, 'seed': 42}",spotify,12093.91,101.96656399784843,True,0,,
20250821_010918,dominating_set_algorithm,scale_free,990,1976,"{'m': 2, 'seed': 42}",spotify,12290.86,105.27043899492128,True,0,,
20250821_010918,dominating_set_algorithm,small_world,10,30,"{'k': 6, 'p': 0.05, 'seed': 42}",spotify,75.98,0.07200099935289472,True,0,,
20250821_010918,dominating_set_algorithm,small_world,30,90,"{'k': 6, 'p': 0.05, 'seed': 42}",spotify,261.92,0.18344000272918493,True,0,,
20250821_010918,dominating_set_algorithm,small_world,50,150,"{'k': 6, 'p': 0.05, 'seed': 42}",spotify,437.87,0.3995489969383925,True,0,,
20250821_010918,dominating_set_algorithm,small_world,70,210,"{'k': 6, 'p': 0.05, 'seed': 42}",spotify,558.84,0.594176999584306,True,0,,
20250821_010918,dominating_set_algorithm,small_world,90,270,"{'k': 6, 'p': 0.05, 'seed': 42}",spotify,761.77,0.8779199997661635,True,0,,
20250821_010918,dominating_set_algorithm,small_world,110,330,"{'k': 6, 'p': 0.05, 'seed': 42}",spotify,896.74,1.262867997866124,True,0,,
20250821_010918,dominating_set_algorithm,small_world,130,390,"{'k': 6, 'p': 0.05, 'seed': 42}",spotify,1055.7,2.323888002138119,True,0,,
20250821_010918,dominating_set_algorithm,small_world,150,450,"{'k': 6, 'p': 0.05, 'seed': 42}",spotify,1224.65,2.296303995535709,True,0,,
20250821_010918,dominating_set_algorithm,small_world,170,510,"{'k': 6, 'p': 0.05, 'seed': 42}",spotify,1348.6100000000001,3.067846999329049,True,0,,
20250821_010918,dominating_set_algorithm,small_world,190,570,"{'k': 6, 'p': 0.05, 'seed': 42}",spotify,1514.57,3.3374460035702214,True,0,,
20250821_010918,dominating_set_algorithm,small_world,210,630,"{'k': 6, 'p': 0.05, 'seed': 42}",spotify,1748.49,4.383448998851236,True,0,,
20250821_010918,dominating_set_algorithm,small_world,230,690,"{'k': 6, 'p': 0.05, 'seed': 42}",spotify,1913.43,5.048033999628387,True,0,,
20250821_010918,dominating_set_algorithm,small_world,250,750,"{'k': 6, 'p': 0.05, 'seed': 42}",spotify,2144.36,6.2490509953931905,True,0,,
20250821_010918,dominating_set_algorithm,small_world,270,810,"{'k': 6, 'p': 0.05, 'seed': 42}",spotify,2166.38,7.112945997505449,True,0,,
20250821_010918,dominating_set_algorithm,small_world,290,870,"{'k': 6, 'p': 0.05, 'seed': 42}",spotify,2345.32,8.35321599879535,True,0,,
20250821_010918,dominating_set_algorithm,small_world,310,930,"{'k': 6, 'p': 0.05, 'seed': 42}",spotify,2459.29,9.675507993961219,True,0,,
20250821_010918,dominating_set_algorithm,small_world,330,990,"{'k': 6, 'p': 0.05, 'seed': 42}",spotify,2656.2400000000002,12.042118003591895,True,0,,
20250821_010918,dominating_set_algorithm,small_world,350,1050,"{'k': 6, 'p': 0.05, 'seed': 42}",spotify,2869.16,14.415588004339952,True,0,,
20250821_010918,dominating_set_algorithm,small_world,370,1110,"{'k': 6, 'p': 0.05, 'seed': 42}",spotify,3018.13,15.54553000460146,True,0,,
20250821_010918,dominating_set_algorithm,small_world,390,1170,"{'k': 6, 'p': 0.05, 'seed': 42}",spotify,3170.09,15.144452001550235,True,0,,
20250821_010918,dominating_set_algorithm,small_world,410,1230,"{'k': 6, 'p': 0.05, 'seed': 42}",spotify,3373.02,17.172457002743613,True,0,,
20250821_010918,dominating_set_algorithm,small_world,430,1290,"{'k': 6, 'p': 0.05, 'seed': 42}",spotify,3503.98,20.256646996131167,True,0,,
20250821_010918,dominating_set_algorithm,small_world,450,1350,"{'k': 6, 'p': 0.05, 'seed': 42}",spotify,3703.92,21.634530996379908,True,0,,
20250821_010918,dominating_set_algorithm,small_world,470,1410,"{'k': 6, 'p': 0.05, 'seed': 42}",spotify,3790.9100000000003,24.96356499614194,True,0,,
20250821_010918,dominating_set_algorithm,small_world,490,1470,"{'k': 6, 'p': 0.05, 'seed': 42}",spotify,3935.87,25.207138001860585,True,0,,
20250821_010918,dominating_set_algorithm,small_world,510,1530,"{'k': 6, 'p': 0.05, 'seed': 42}",spotify,4148.79,25.890575001540128,True,0,,
20250821_010918,dominating_set_algorithm,small_world,530,1590,"{'k': 6, 'p': 0.05, 'seed': 42}",spotify,4349.75,28.477316998760216,True,0,,
20250821_010918,dominating_set_algorithm,small_world,550,1650,"{'k': 6, 'p': 0.05, 'seed': 42}",spotify,4572.66,29.32739300013054,True,0,,
20250821_010918,dominating_set_algorithm,small_world,570,1710,"{'k': 6, 'p': 0.05, 'seed': 42}",spotify,4686.63,32.715024004573934,True,0,,
20250821_010918,dominating_set_algorithm,small_world,590,1770,"{'k': 6, 'p': 0.05, 'seed': 42}",spotify,4825.61,34.254710997629445,True,0,,
20250821_010918,dominating_set_algorithm,small_world,610,1830,"{'k': 6, 'p': 0.05, 'seed': 42}",spotify,4976.55,36.93581999687012,True,0,,
20250821_010918,dominating_set_algorithm,small_world,630,1890,"{'k': 6, 'p': 0.05, 'seed': 42}",spotify,5239.49,38.97586299717659,True,0,,
20250821_010918,dominating_set_algorithm,small_world,650,1950,"{'k': 6, 'p': 0.05, 'seed': 42}",spotify,5345.4400000000005,42.16288799943868,True,0,,
20250821_010918,dominating_set_algorithm,small_world,670,2010,"{'k': 6, 'p': 0.05, 'seed': 42}",spotify,5425.43,44.931873002497014,True,0,,
20250821_010918,dominating_set_algorithm,small_world,690,2070,"{'k': 6, 'p': 0.05, 'seed': 42}",spotify,5663.360000000001,47.07702199812047,True,0,,
20250821_010918,dominating_set_algorithm,small_world,710,2130,"{'k': 6, 'p': 0.05, 'seed': 42}",spotify,5787.32,54.120086002512835,True,0,,
20250821_010918,dominating_set_algorithm,small_world,730,2190,"{'k': 6, 'p': 0.05, 'seed': 42}",spotify,6030.21,50.027303004753776,True,0,,
20250821_010918,dominating_set_algorithm,small_world,750,2250,"{'k': 6, 'p': 0.05, 'seed': 42}",spotify,6340.11,53.30868600140093,True,0,,
20250821_010918,dominating_set_algorithm,small_world,770,2310,"{'k': 6, 'p': 0.05, 'seed': 42}",spotify,6315.17,55.83941799704917,True,0,,
20250821_010918,dominating_set_algorithm,small_world,790,2370,"{'k': 6, 'p': 0.05, 'seed': 42}",spotify,6548.07,62.002412996662315,True,0,,
20250821_010918,dominating_set_algorithm,small_world,810,2430,"{'k': 6, 'p': 0.05, 'seed': 42}",spotify,6660.070000000001,63.740196004800964,True,0,,
20250821_010918,dominating_set_algorithm,small_world,830,2490,"{'k': 6, 'p': 0.05, 'seed': 42}",spotify,6657.08,66.81222000042908,True,0,,
20250821_010918,dominating_set_algorithm,small_world,850,2550,"{'k': 6, 'p': 0.05, 'seed': 42}",spotify,7096.92,70.0608339975588,True,0,,
20250821_010918,dominating_set_algorithm,small_world,870,2610,"{'k': 6, 'p': 0.05, 'seed': 42}",spotify,7100.93,73.48696899862261,True,0,,
20250821_010918,dominating_set_algorithm,small_world,890,2670,"{'k': 6, 'p': 0.05, 'seed': 42}",spotify,7194.92,76.15903099940624,True,0,,
20250821_010918,dominating_set_algorithm,small_world,910,2730,"{'k': 6, 'p': 0.05, 'seed': 42}",spotify,7363.87,79.96866000030423,True,0,,
20250821_010918,dominating_set_algorithm,small_world,930,2790,"{'k': 6, 'p': 0.05, 'seed': 42}",spotify,7519.84,84.59024800686166,True,0,,
20250821_010918,dominating_set_algorithm,small_world,950,2850,"{'k': 6, 'p': 0.05, 'seed': 42}",spotify,7838.71,86.64662599767325,True,0,,
20250821_010918,dominating_set_algorithm,small_world,970,2910,"{'k': 6, 'p': 0.05, 'seed': 42}",spotify,8004.67,92.574661000981,True,0,,
20250821_010918,dominating_set_algorithm,small_world,990,2970,"{'k': 6, 'p': 0.05, 'seed': 42}",spotify,8093.63,93.9920329983579,True,0,,
