run_id,algorithm,graph,n_nodes,n_edges,graph_params,license_config,total_cost,time_ms,valid,issues,image_path,notes
20250821_010918,ilp,random,10,9,"{'p': 0.1, 'seed': 42}",duolingo_super,100.31,7.085304998327047,True,0,,
20250821_010918,ilp,random,30,43,"{'p': 0.1, 'seed': 42}",duolingo_super,230.98000000000002,322.02349399449304,True,0,,
20250821_010918,ilp,random,50,120,"{'p': 0.1, 'seed': 42}",duolingo_super,290.51,1803.8426390048699,True,0,,
20250821_010918,ILPSolver,random,70,228,"{'p': 0.1, 'seed': 42}",duolingo_super,nan,90000.0,False,0,,timeout
20250821_010918,ilp,scale_free,10,16,"{'m': 2, 'seed': 42}",duolingo_super,58.34,10.169293993385509,True,0,,
20250821_010918,ilp,scale_free,30,56,"{'m': 2, 'seed': 42}",duolingo_super,159.84,23.723957005131524,True,0,,
20250821_010918,ilp,scale_free,50,96,"{'m': 2, 'seed': 42}",duolingo_super,303.31,67.27344100363553,True,0,,
20250821_010918,ilp,scale_free,70,136,"{'m': 2, 'seed': 42}",duolingo_super,450.35,119.96708199876593,True,0,,
20250821_010918,ilp,scale_free,90,176,"{'m': 2, 'seed': 42}",duolingo_super,592.63,164.40487700310769,True,0,,
20250821_010918,ilp,scale_free,110,216,"{'m': 2, 'seed': 42}",duolingo_super,696.51,148.4026600010111,True,0,,
20250821_010918,ilp,scale_free,130,256,"{'m': 2, 'seed': 42}",duolingo_super,813.19,565.2015980012948,True,0,,
20250821_010918,ilp,scale_free,150,296,"{'m': 2, 'seed': 42}",duolingo_super,900.7,201.85453599697212,True,0,,
20250821_010918,ilp,scale_free,170,336,"{'m': 2, 'seed': 42}",duolingo_super,1054.5900000000001,380.1552270015236,True,0,,
20250821_010918,ilp,scale_free,190,376,"{'m': 2, 'seed': 42}",duolingo_super,1146.8600000000001,399.5130129987956,True,0,,
20250821_010918,ilp,scale_free,210,416,"{'m': 2, 'seed': 42}",duolingo_super,1292.71,512.3109240012127,True,0,,
20250821_010918,ilp,scale_free,230,456,"{'m': 2, 'seed': 42}",duolingo_super,1478.15,1775.6869919976452,True,0,,
20250821_010918,ilp,scale_free,250,496,"{'m': 2, 'seed': 42}",duolingo_super,1619.24,700.3021220007213,True,0,,
20250821_010918,ilp,scale_free,270,536,"{'m': 2, 'seed': 42}",duolingo_super,1737.1100000000001,649.3130879971432,True,0,,
20250821_010918,ilp,scale_free,290,576,"{'m': 2, 'seed': 42}",duolingo_super,1908.5600000000002,954.226733003452,True,0,,
20250821_010918,ilp,scale_free,310,616,"{'m': 2, 'seed': 42}",duolingo_super,2021.67,1210.65619699948,True,0,,
20250821_010918,ilp,scale_free,330,656,"{'m': 2, 'seed': 42}",duolingo_super,2141.92,4504.649214002711,True,0,,
20250821_010918,ilp,scale_free,350,696,"{'m': 2, 'seed': 42}",duolingo_super,2245.8,3592.09105699847,True,0,,
20250821_010918,ilp,scale_free,370,736,"{'m': 2, 'seed': 42}",duolingo_super,2361.29,1285.3773300012108,True,0,,
20250821_010918,ilp,scale_free,390,776,"{'m': 2, 'seed': 42}",duolingo_super,2537.5,9047.986490993935,True,0,,
20250821_010918,ilp,scale_free,410,816,"{'m': 2, 'seed': 42}",duolingo_super,2677.4,8722.168138003326,True,0,,
20250821_010918,ilp,scale_free,430,856,"{'m': 2, 'seed': 42}",duolingo_super,2796.46,12389.83295000071,True,0,,
20250821_010918,ilp,scale_free,450,896,"{'m': 2, 'seed': 42}",duolingo_super,2899.15,5884.851642003923,True,0,,
20250821_010918,ilp,scale_free,470,936,"{'m': 2, 'seed': 42}",duolingo_super,2999.46,11777.382019005017,True,0,,
20250821_010918,ilp,scale_free,490,976,"{'m': 2, 'seed': 42}",duolingo_super,3113.76,1613.036964998173,True,0,,
20250821_010918,ilp,scale_free,510,1016,"{'m': 2, 'seed': 42}",duolingo_super,3228.06,7832.4723149999045,True,0,,
20250821_010918,ilp,scale_free,530,1056,"{'m': 2, 'seed': 42}",duolingo_super,3377.48,10958.5203539973,True,0,,
20250821_010918,ilp,scale_free,550,1096,"{'m': 2, 'seed': 42}",duolingo_super,3476.6000000000004,11857.920538001054,True,0,,
20250821_010918,ilp,scale_free,570,1136,"{'m': 2, 'seed': 42}",duolingo_super,3553.69,3813.142312996206,True,0,,
20250821_010918,ilp,scale_free,590,1176,"{'m': 2, 'seed': 42}",duolingo_super,3658.76,1734.5742329998757,True,0,,
20250821_010918,ilp,scale_free,610,1216,"{'m': 2, 'seed': 42}",duolingo_super,3763.8300000000004,5171.899713001039,True,0,,
20250821_010918,ilp,scale_free,630,1256,"{'m': 2, 'seed': 42}",duolingo_super,3865.3300000000004,3852.0636050016037,True,0,,
20250821_010918,ilp,scale_free,650,1296,"{'m': 2, 'seed': 42}",duolingo_super,4005.23,4442.300720002095,True,0,,
20250821_010918,ilp,scale_free,670,1336,"{'m': 2, 'seed': 42}",duolingo_super,4152.27,48169.69742299989,True,0,,
20250821_010918,ilp,scale_free,690,1376,"{'m': 2, 'seed': 42}",duolingo_super,4292.17,15134.699832000479,True,0,,
20250821_010918,ilp,scale_free,710,1416,"{'m': 2, 'seed': 42}",duolingo_super,4411.2300000000005,64176.3011610019,True,0,,
20250821_010918,ilp,scale_free,730,1456,"{'m': 2, 'seed': 42}",duolingo_super,4502.31,41330.85746099823,True,0,,
20250821_010918,ilp,scale_free,750,1496,"{'m': 2, 'seed': 42}",duolingo_super,4631.79,88234.16360699775,True,0,,
20250821_010918,ilp,scale_free,770,1536,"{'m': 2, 'seed': 42}",duolingo_super,4749.66,46087.0625719981,True,0,,
20250821_010918,ilp,scale_free,790,1576,"{'m': 2, 'seed': 42}",duolingo_super,4847.59,33642.77779300028,True,0,,
20250821_010918,ilp,scale_free,810,1616,"{'m': 2, 'seed': 42}",duolingo_super,4964.27,20382.56149100198,True,0,,
20250821_010918,ilp,scale_free,830,1656,"{'m': 2, 'seed': 42}",duolingo_super,5078.570000000001,37006.87565499538,True,0,,
20250821_010918,ilp,scale_free,850,1696,"{'m': 2, 'seed': 42}",duolingo_super,5218.47,13916.819739002676,True,0,,
20250821_010918,ilp,scale_free,870,1736,"{'m': 2, 'seed': 42}",duolingo_super,5373.55,23577.651209998294,True,0,,
20250821_010918,ilp,scale_free,890,1776,"{'m': 2, 'seed': 42}",duolingo_super,5487.85,39260.24423800118,True,0,,
20250821_010918,ilp,scale_free,910,1816,"{'m': 2, 'seed': 42}",duolingo_super,5596.490000000001,5728.979464998702,True,0,,
20250821_010918,ilp,scale_free,930,1856,"{'m': 2, 'seed': 42}",duolingo_super,5743.530000000001,47497.207332999096,True,0,,
20250821_010918,ilp,scale_free,950,1896,"{'m': 2, 'seed': 42}",duolingo_super,5874.200000000001,19124.268138002662,True,0,,
20250821_010918,ilp,scale_free,970,1936,"{'m': 2, 'seed': 42}",duolingo_super,5972.13,65445.244217000436,True,0,,
20250821_010918,ilp,scale_free,990,1976,"{'m': 2, 'seed': 42}",duolingo_super,6050.410000000001,36309.466373997566,True,0,,
20250821_010918,ilp,small_world,10,30,"{'k': 6, 'p': 0.05, 'seed': 42}",duolingo_super,58.34,39.84278500138316,True,0,,
20250821_010918,ilp,small_world,30,90,"{'k': 6, 'p': 0.05, 'seed': 42}",duolingo_super,145.85000000000002,155.51387600135058,True,0,,
20250821_010918,ILPSolver,small_world,50,150,"{'k': 6, 'p': 0.05, 'seed': 42}",duolingo_super,nan,90000.0,False,0,,timeout
