run_id,algorithm,graph,n_nodes,n_edges,graph_params,license_config,total_cost,time_ms,valid,issues,image_path,notes
20250821_010918,tabu_search,random,10,9,"{'p': 0.1, 'seed': 42}",duolingo_super,100.31,7.329817999561783,True,0,,
20250821_010918,tabu_search,random,30,43,"{'p': 0.1, 'seed': 42}",duolingo_super,260.15000000000003,188.6296049997327,True,0,,
20250821_010918,tabu_search,random,50,120,"{'p': 0.1, 'seed': 42}",duolingo_super,379.21000000000004,739.7079470028984,True,0,,
20250821_010918,tabu_search,random,70,228,"{'p': 0.1, 'seed': 42}",duolingo_super,419.99,957.8745139951934,True,0,,
20250821_010918,tabu_search,random,90,380,"{'p': 0.1, 'seed': 42}",duolingo_super,567.0300000000001,1089.7089119971497,True,0,,
20250821_010918,tabu_search,random,110,581,"{'p': 0.1, 'seed': 42}",duolingo_super,567.0300000000001,1185.923257995455,True,0,,
20250821_010918,tabu_search,random,130,819,"{'p': 0.1, 'seed': 42}",duolingo_super,669.72,1395.4166780022206,True,0,,
20250821_010918,tabu_search,random,150,1103,"{'p': 0.1, 'seed': 42}",duolingo_super,771.22,1656.2421769995126,True,0,,
20250821_010918,tabu_search,random,170,1395,"{'p': 0.1, 'seed': 42}",duolingo_super,889.09,1884.6258999983547,True,0,,
20250821_010918,tabu_search,random,190,1776,"{'p': 0.1, 'seed': 42}",duolingo_super,975.4100000000001,2111.261376994662,True,0,,
20250821_010918,tabu_search,random,210,2175,"{'p': 0.1, 'seed': 42}",duolingo_super,1121.26,2354.294636003033,True,0,,
20250821_010918,tabu_search,random,230,2619,"{'p': 0.1, 'seed': 42}",duolingo_super,1223.95,2703.4602130006533,True,0,,
20250821_010918,tabu_search,random,250,3084,"{'p': 0.1, 'seed': 42}",duolingo_super,1297.47,2960.427906997211,True,0,,
20250821_010918,tabu_search,random,270,3590,"{'p': 0.1, 'seed': 42}",duolingo_super,1384.98,3108.1092259992147,True,0,,
20250821_010918,tabu_search,random,290,4163,"{'p': 0.1, 'seed': 42}",duolingo_super,1496.9,3526.6861600030097,True,0,,
20250821_010918,tabu_search,random,310,4788,"{'p': 0.1, 'seed': 42}",duolingo_super,1586.7900000000002,3894.935959004215,True,0,,
20250821_010918,tabu_search,random,330,5428,"{'p': 0.1, 'seed': 42}",duolingo_super,1691.8600000000001,4097.58083899942,True,0,,
20250821_010918,tabu_search,random,350,6131,"{'p': 0.1, 'seed': 42}",duolingo_super,1793.3600000000001,4273.225557997648,True,0,,
20250821_010918,tabu_search,random,370,6883,"{'p': 0.1, 'seed': 42}",duolingo_super,1924.0300000000002,4747.864904995367,True,0,,
20250821_010918,tabu_search,random,390,7676,"{'p': 0.1, 'seed': 42}",duolingo_super,1996.3600000000001,5184.29379099689,True,0,,
20250821_010918,tabu_search,random,410,8433,"{'p': 0.1, 'seed': 42}",duolingo_super,2082.6800000000003,5482.989288000681,True,0,,
20250821_010918,tabu_search,random,430,9286,"{'p': 0.1, 'seed': 42}",duolingo_super,2184.1800000000003,5938.701072998811,True,0,,
20250821_010918,tabu_search,random,450,10158,"{'p': 0.1, 'seed': 42}",duolingo_super,2289.25,6012.263601995073,True,0,,
20250821_010918,tabu_search,random,470,11119,"{'p': 0.1, 'seed': 42}",duolingo_super,2419.92,6596.32373599743,True,0,,
20250821_010918,tabu_search,random,490,12073,"{'p': 0.1, 'seed': 42}",duolingo_super,2505.05,6780.833919998258,True,0,,
20250821_010918,tabu_search,random,510,13054,"{'p': 0.1, 'seed': 42}",duolingo_super,2564.58,7251.753655000357,True,0,,
20250821_010918,tabu_search,random,530,14070,"{'p': 0.1, 'seed': 42}",duolingo_super,2696.44,7752.885415997298,True,0,,
20250821_010918,tabu_search,random,550,15147,"{'p': 0.1, 'seed': 42}",duolingo_super,2783.9500000000003,7867.959403003624,True,0,,
20250821_010918,tabu_search,random,570,16242,"{'p': 0.1, 'seed': 42}",duolingo_super,2885.4500000000003,8307.641968996904,True,0,,
20250821_010918,tabu_search,random,590,17437,"{'p': 0.1, 'seed': 42}",duolingo_super,3000.94,9090.18798199395,True,0,,
20250821_010918,tabu_search,random,610,18614,"{'p': 0.1, 'seed': 42}",duolingo_super,3118.8100000000004,8977.837394995731,True,0,,
20250821_010918,tabu_search,random,630,19860,"{'p': 0.1, 'seed': 42}",duolingo_super,3259.9,9567.458447992976,True,0,,
20250821_010918,tabu_search,random,650,21118,"{'p': 0.1, 'seed': 42}",duolingo_super,3292.6400000000003,10071.448321999924,True,0,,
20250821_010918,tabu_search,random,670,22424,"{'p': 0.1, 'seed': 42}",duolingo_super,3452.48,10779.287614997884,True,0,,
20250821_010918,tabu_search,random,690,23815,"{'p': 0.1, 'seed': 42}",duolingo_super,3482.84,10748.431412001082,True,0,,
20250821_010918,tabu_search,random,710,25210,"{'p': 0.1, 'seed': 42}",duolingo_super,3622.7400000000002,11512.174311996205,True,0,,
20250821_010918,tabu_search,random,730,26570,"{'p': 0.1, 'seed': 42}",duolingo_super,3730.19,12088.915112006362,True,0,,
20250821_010918,tabu_search,random,750,28065,"{'p': 0.1, 'seed': 42}",duolingo_super,3816.51,12393.617911999172,True,0,,
20250821_010918,tabu_search,random,770,29598,"{'p': 0.1, 'seed': 42}",duolingo_super,3990.34,13602.442162002262,True,0,,
20250821_010918,tabu_search,random,790,31177,"{'p': 0.1, 'seed': 42}",duolingo_super,4046.3,13406.500144999882,True,0,,
20250821_010918,tabu_search,random,810,32778,"{'p': 0.1, 'seed': 42}",duolingo_super,4162.9800000000005,3095.1619659972494,True,0,,
20250821_010918,tabu_search,random,830,34379,"{'p': 0.1, 'seed': 42}",duolingo_super,4294.84,15147.058226000809,True,0,,
20250821_010918,tabu_search,random,850,36107,"{'p': 0.1, 'seed': 42}",duolingo_super,4298.41,15107.916836001095,True,0,,
20250821_010918,tabu_search,random,870,37776,"{'p': 0.1, 'seed': 42}",duolingo_super,4413.900000000001,16432.12138400122,True,0,,
20250821_010918,tabu_search,random,890,39565,"{'p': 0.1, 'seed': 42}",duolingo_super,4513.02,15903.484672999184,True,0,,
20250821_010918,tabu_search,random,910,41408,"{'p': 0.1, 'seed': 42}",duolingo_super,4618.09,16596.542348001094,True,0,,
20250821_010918,tabu_search,random,930,43243,"{'p': 0.1, 'seed': 42}",duolingo_super,4731.2,6895.287504994485,True,0,,
20250821_010918,tabu_search,random,950,45065,"{'p': 0.1, 'seed': 42}",duolingo_super,4889.85,11015.47797400417,True,0,,
20250821_010918,tabu_search,random,970,46973,"{'p': 0.1, 'seed': 42}",duolingo_super,4948.1900000000005,10884.57703399763,True,0,,
20250821_010918,tabu_search,random,990,48936,"{'p': 0.1, 'seed': 42}",duolingo_super,5039.27,18177.357649998157,True,0,,
20250821_010918,tabu_search,scale_free,10,16,"{'m': 2, 'seed': 42}",duolingo_super,58.34,69.92728499608347,True,0,,
20250821_010918,tabu_search,scale_free,30,56,"{'m': 2, 'seed': 42}",duolingo_super,159.84,421.7838459953782,True,0,,
20250821_010918,tabu_search,scale_free,50,96,"{'m': 2, 'seed': 42}",duolingo_super,361.65000000000003,791.0103559988784,True,0,,
20250821_010918,tabu_search,scale_free,70,136,"{'m': 2, 'seed': 42}",duolingo_super,620.61,1109.0203560015652,True,0,,
20250821_010918,tabu_search,scale_free,90,176,"{'m': 2, 'seed': 42}",duolingo_super,867.6700000000001,1137.8168100054609,True,0,,
20250821_010918,tabu_search,scale_free,110,216,"{'m': 2, 'seed': 42}",duolingo_super,1092.7,487.1118209994165,True,0,,
20250821_010918,tabu_search,scale_free,130,256,"{'m': 2, 'seed': 42}",duolingo_super,1278.14,432.549397002731,True,0,,
20250821_010918,tabu_search,scale_free,150,296,"{'m': 2, 'seed': 42}",duolingo_super,1476.38,446.82295600068755,True,0,,
20250821_010918,tabu_search,scale_free,170,336,"{'m': 2, 'seed': 42}",duolingo_super,1659.44,552.6120899958187,True,0,,
20250821_010918,tabu_search,scale_free,190,376,"{'m': 2, 'seed': 42}",duolingo_super,1818.0900000000001,509.29769100184785,True,0,,
20250821_010918,tabu_search,scale_free,210,416,"{'m': 2, 'seed': 42}",duolingo_super,2059.4900000000002,662.9431999972439,True,0,,
20250821_010918,tabu_search,scale_free,230,456,"{'m': 2, 'seed': 42}",duolingo_super,2232.13,589.6291769968229,True,0,,
20250821_010918,tabu_search,scale_free,250,496,"{'m': 2, 'seed': 42}",duolingo_super,2418.76,622.2212549982942,True,0,,
20250821_010918,tabu_search,scale_free,270,536,"{'m': 2, 'seed': 42}",duolingo_super,2589.02,743.6415080010192,True,0,,
20250821_010918,tabu_search,scale_free,290,576,"{'m': 2, 'seed': 42}",duolingo_super,2800.06,1024.2537290032487,True,0,,
20250821_010918,tabu_search,scale_free,310,616,"{'m': 2, 'seed': 42}",duolingo_super,3037.89,1023.7500310031464,True,0,,
20250821_010918,tabu_search,scale_free,330,656,"{'m': 2, 'seed': 42}",duolingo_super,3211.7200000000003,1208.2781569988583,True,0,,
20250821_010918,tabu_search,scale_free,350,696,"{'m': 2, 'seed': 42}",duolingo_super,3395.9700000000003,1269.1530299998703,True,0,,
20250821_010918,tabu_search,scale_free,370,736,"{'m': 2, 'seed': 42}",duolingo_super,3510.27,1401.5544330031844,True,0,,
20250821_010918,tabu_search,scale_free,390,776,"{'m': 2, 'seed': 42}",duolingo_super,3695.71,1529.8146530039958,True,0,,
20250821_010918,tabu_search,scale_free,410,816,"{'m': 2, 'seed': 42}",duolingo_super,3854.36,1432.5132919984753,True,0,,
20250821_010918,tabu_search,scale_free,430,856,"{'m': 2, 'seed': 42}",duolingo_super,4067.78,1697.6523509947583,True,0,,
20250821_010918,tabu_search,scale_free,450,896,"{'m': 2, 'seed': 42}",duolingo_super,4292.81,2009.6741960005602,True,0,,
20250821_010918,tabu_search,scale_free,470,936,"{'m': 2, 'seed': 42}",duolingo_super,4447.89,1960.5794620001689,True,0,,
20250821_010918,tabu_search,scale_free,490,976,"{'m': 2, 'seed': 42}",duolingo_super,4630.95,2049.049000001105,True,0,,
20250821_010918,tabu_search,scale_free,510,1016,"{'m': 2, 'seed': 42}",duolingo_super,4845.56,2278.4700069969404,True,0,,
20250821_010918,tabu_search,scale_free,530,1056,"{'m': 2, 'seed': 42}",duolingo_super,5071.78,2587.7058879996184,True,0,,
20250821_010918,tabu_search,scale_free,550,1096,"{'m': 2, 'seed': 42}",duolingo_super,5298.0,2355.239693999465,True,0,,
20250821_010918,tabu_search,scale_free,570,1136,"{'m': 2, 'seed': 42}",duolingo_super,5390.27,2686.209776002215,True,0,,
20250821_010918,tabu_search,scale_free,590,1176,"{'m': 2, 'seed': 42}",duolingo_super,5587.320000000001,2930.243173002964,True,0,,
20250821_010918,tabu_search,scale_free,610,1216,"{'m': 2, 'seed': 42}",duolingo_super,5743.59,3168.644798999594,True,0,,
20250821_010918,tabu_search,scale_free,630,1256,"{'m': 2, 'seed': 42}",duolingo_super,5968.62,3466.3520220055943,True,0,,
20250821_010918,tabu_search,scale_free,650,1296,"{'m': 2, 'seed': 42}",duolingo_super,6138.88,3555.901397994603,True,0,,
20250821_010918,tabu_search,scale_free,670,1336,"{'m': 2, 'seed': 42}",duolingo_super,6374.33,3420.2818930061767,True,0,,
20250821_010918,tabu_search,scale_free,690,1376,"{'m': 2, 'seed': 42}",duolingo_super,6576.14,3938.2915579990367,True,0,,
20250821_010918,tabu_search,scale_free,710,1416,"{'m': 2, 'seed': 42}",duolingo_super,6830.34,4020.2220889987075,True,0,,
20250821_010918,tabu_search,scale_free,730,1456,"{'m': 2, 'seed': 42}",duolingo_super,6999.41,3941.4965140022105,True,0,,
20250821_010918,tabu_search,scale_free,750,1496,"{'m': 2, 'seed': 42}",duolingo_super,7210.45,4417.056083999341,True,0,,
20250821_010918,tabu_search,scale_free,770,1536,"{'m': 2, 'seed': 42}",duolingo_super,7351.54,4227.688966995629,True,0,,
20250821_010918,tabu_search,scale_free,790,1576,"{'m': 2, 'seed': 42}",duolingo_super,7690.87,4990.235802004463,True,0,,
20250821_010918,tabu_search,scale_free,810,1616,"{'m': 2, 'seed': 42}",duolingo_super,7859.9400000000005,5363.2664809993,True,0,,
20250821_010918,tabu_search,scale_free,830,1656,"{'m': 2, 'seed': 42}",duolingo_super,8050.14,4923.631062003551,True,0,,
20250821_010918,tabu_search,scale_free,850,1696,"{'m': 2, 'seed': 42}",duolingo_super,8261.18,5086.080505003338,True,0,,
20250821_010918,tabu_search,scale_free,870,1736,"{'m': 2, 'seed': 42}",duolingo_super,8460.61,5504.997481002647,True,0,,
20250821_010918,tabu_search,scale_free,890,1776,"{'m': 2, 'seed': 42}",duolingo_super,8618.07,5546.270795006421,True,0,,
20250821_010918,tabu_search,scale_free,910,1816,"{'m': 2, 'seed': 42}",duolingo_super,8763.92,6243.075635997229,True,0,,
20250821_010918,tabu_search,scale_free,930,1856,"{'m': 2, 'seed': 42}",duolingo_super,8935.37,6262.694420998741,True,0,,
20250821_010918,tabu_search,scale_free,950,1896,"{'m': 2, 'seed': 42}",duolingo_super,9075.27,6593.764550998458,True,0,,
20250821_010918,tabu_search,scale_free,970,1936,"{'m': 2, 'seed': 42}",duolingo_super,9247.91,6767.496565000329,True,0,,
20250821_010918,tabu_search,scale_free,990,1976,"{'m': 2, 'seed': 42}",duolingo_super,9410.130000000001,7277.357674000086,True,0,,
20250821_010918,tabu_search,small_world,10,30,"{'k': 6, 'p': 0.05, 'seed': 42}",duolingo_super,58.34,199.19343900255626,True,0,,
20250821_010918,tabu_search,small_world,30,90,"{'k': 6, 'p': 0.05, 'seed': 42}",duolingo_super,145.85000000000002,451.3452520041028,True,0,,
20250821_010918,tabu_search,small_world,50,150,"{'k': 6, 'p': 0.05, 'seed': 42}",duolingo_super,261.34000000000003,576.9154029985657,True,0,,
20250821_010918,tabu_search,small_world,70,210,"{'k': 6, 'p': 0.05, 'seed': 42}",duolingo_super,393.20000000000005,728.5926909971749,True,0,,
20250821_010918,tabu_search,small_world,90,270,"{'k': 6, 'p': 0.05, 'seed': 42}",duolingo_super,522.6800000000001,957.69914000266,True,0,,
20250821_010918,tabu_search,small_world,110,330,"{'k': 6, 'p': 0.05, 'seed': 42}",duolingo_super,739.6700000000001,1250.2032089978456,True,0,,
20250821_010918,tabu_search,small_world,130,390,"{'k': 6, 'p': 0.05, 'seed': 42}",duolingo_super,885.5200000000001,1715.6948449992342,True,0,,
20250821_010918,tabu_search,small_world,150,450,"{'k': 6, 'p': 0.05, 'seed': 42}",duolingo_super,1015.0,1203.6057770019397,True,0,,
20250821_010918,tabu_search,small_world,170,510,"{'k': 6, 'p': 0.05, 'seed': 42}",duolingo_super,1145.67,952.5439249991905,True,0,,
20250821_010918,tabu_search,small_world,190,570,"{'k': 6, 'p': 0.05, 'seed': 42}",duolingo_super,1231.99,1379.562298003293,True,0,,
20250821_010918,tabu_search,small_world,210,630,"{'k': 6, 'p': 0.05, 'seed': 42}",duolingo_super,1363.8500000000001,1119.3188539982657,True,0,,
20250821_010918,tabu_search,small_world,230,690,"{'k': 6, 'p': 0.05, 'seed': 42}",duolingo_super,1522.5,1019.3166060053045,True,0,,
20250821_010918,tabu_search,small_world,250,750,"{'k': 6, 'p': 0.05, 'seed': 42}",duolingo_super,1707.94,972.7254110039212,True,0,,
20250821_010918,tabu_search,small_world,270,810,"{'k': 6, 'p': 0.05, 'seed': 42}",duolingo_super,1843.3700000000001,1425.8625009970274,True,0,,
20250821_010918,tabu_search,small_world,290,870,"{'k': 6, 'p': 0.05, 'seed': 42}",duolingo_super,1929.69,1195.1084190004622,True,0,,
20250821_010918,tabu_search,small_world,310,930,"{'k': 6, 'p': 0.05, 'seed': 42}",duolingo_super,2043.99,1417.5756920012645,True,0,,
20250821_010918,tabu_search,small_world,330,990,"{'k': 6, 'p': 0.05, 'seed': 42}",duolingo_super,2193.4100000000003,1591.5964689993416,True,0,,
20250821_010918,tabu_search,small_world,350,1050,"{'k': 6, 'p': 0.05, 'seed': 42}",duolingo_super,2366.05,1646.793768995849,True,0,,
20250821_010918,tabu_search,small_world,370,1110,"{'k': 6, 'p': 0.05, 'seed': 42}",duolingo_super,2468.7400000000002,1767.3575900043943,True,0,,
20250821_010918,tabu_search,small_world,390,1170,"{'k': 6, 'p': 0.05, 'seed': 42}",duolingo_super,2525.8900000000003,2033.8538510040962,True,0,,
20250821_010918,tabu_search,small_world,410,1230,"{'k': 6, 'p': 0.05, 'seed': 42}",duolingo_super,2770.86,2289.2863460001536,True,0,,
20250821_010918,tabu_search,small_world,430,1290,"{'k': 6, 'p': 0.05, 'seed': 42}",duolingo_super,2941.1200000000003,2363.549787994998,True,0,,
20250821_010918,tabu_search,small_world,450,1350,"{'k': 6, 'p': 0.05, 'seed': 42}",duolingo_super,3075.36,2487.043328001164,True,0,,
20250821_010918,tabu_search,small_world,470,1410,"{'k': 6, 'p': 0.05, 'seed': 42}",duolingo_super,3222.4,2460.0559239988797,True,0,,
20250821_010918,tabu_search,small_world,490,1470,"{'k': 6, 'p': 0.05, 'seed': 42}",duolingo_super,3365.8700000000003,2700.8661860018037,True,0,,
20250821_010918,tabu_search,small_world,510,1530,"{'k': 6, 'p': 0.05, 'seed': 42}",duolingo_super,3466.1800000000003,3132.725875999313,True,0,,
20250821_010918,tabu_search,small_world,530,1590,"{'k': 6, 'p': 0.05, 'seed': 42}",duolingo_super,3658.76,3289.8163850040874,True,0,,
20250821_010918,tabu_search,small_world,550,1650,"{'k': 6, 'p': 0.05, 'seed': 42}",duolingo_super,3802.23,3465.1228100046865,True,0,,
20250821_010918,tabu_search,small_world,570,1710,"{'k': 6, 'p': 0.05, 'seed': 42}",duolingo_super,3959.69,3572.38318099553,True,0,,
20250821_010918,tabu_search,small_world,590,1770,"{'k': 6, 'p': 0.05, 'seed': 42}",duolingo_super,4103.16,3927.8259790007723,True,0,,
20250821_010918,tabu_search,small_world,610,1830,"{'k': 6, 'p': 0.05, 'seed': 42}",duolingo_super,4246.63,4357.599928000127,True,0,,
20250821_010918,tabu_search,small_world,630,1890,"{'k': 6, 'p': 0.05, 'seed': 42}",duolingo_super,4281.75,4542.368264999823,True,0,,
20250821_010918,tabu_search,small_world,650,1950,"{'k': 6, 'p': 0.05, 'seed': 42}",duolingo_super,4385.63,5216.031996998936,True,0,,
20250821_010918,tabu_search,small_world,670,2010,"{'k': 6, 'p': 0.05, 'seed': 42}",duolingo_super,4666.62,4776.942434000375,True,0,,
20250821_010918,tabu_search,small_world,690,2070,"{'k': 6, 'p': 0.05, 'seed': 42}",duolingo_super,4700.55,4825.45035599469,True,0,,
20250821_010918,tabu_search,small_world,710,2130,"{'k': 6, 'p': 0.05, 'seed': 42}",duolingo_super,4929.150000000001,5327.671090999502,True,0,,
20250821_010918,tabu_search,small_world,730,2190,"{'k': 6, 'p': 0.05, 'seed': 42}",duolingo_super,5052.97,5417.844460003835,True,0,,
20250821_010918,tabu_search,small_world,750,2250,"{'k': 6, 'p': 0.05, 'seed': 42}",duolingo_super,5160.13,5795.064429999911,True,0,,
20250821_010918,tabu_search,small_world,770,2310,"{'k': 6, 'p': 0.05, 'seed': 42}",duolingo_super,5208.05,6034.182431998488,True,0,,
20250821_010918,tabu_search,small_world,790,2370,"{'k': 6, 'p': 0.05, 'seed': 42}",duolingo_super,5398.25,6291.918003997125,True,0,,
20250821_010918,tabu_search,small_world,810,2430,"{'k': 6, 'p': 0.05, 'seed': 42}",duolingo_super,5639.650000000001,6488.808186004462,True,0,,
20250821_010918,tabu_search,small_world,830,2490,"{'k': 6, 'p': 0.05, 'seed': 42}",duolingo_super,5642.030000000001,6785.408069001278,True,0,,
20250821_010918,tabu_search,small_world,850,2550,"{'k': 6, 'p': 0.05, 'seed': 42}",duolingo_super,5845.030000000001,6724.051557997882,True,0,,
20250821_010918,tabu_search,small_world,870,2610,"{'k': 6, 'p': 0.05, 'seed': 42}",duolingo_super,6046.84,7126.969982004084,True,0,,
20250821_010918,tabu_search,small_world,890,2670,"{'k': 6, 'p': 0.05, 'seed': 42}",duolingo_super,6056.070000000001,7753.2932450048975,True,0,,
20250821_010918,tabu_search,small_world,910,2730,"{'k': 6, 'p': 0.05, 'seed': 42}",duolingo_super,6155.1900000000005,7809.172393994231,True,0,,
20250821_010918,tabu_search,small_world,930,2790,"{'k': 6, 'p': 0.05, 'seed': 42}",duolingo_super,6464.450000000001,8237.285080002039,True,0,,
20250821_010918,tabu_search,small_world,950,2850,"{'k': 6, 'p': 0.05, 'seed': 42}",duolingo_super,6564.76,9009.074355999473,True,0,,
20250821_010918,tabu_search,small_world,970,2910,"{'k': 6, 'p': 0.05, 'seed': 42}",duolingo_super,6575.18,8898.10724400013,True,0,,
20250821_010918,tabu_search,small_world,990,2970,"{'k': 6, 'p': 0.05, 'seed': 42}",duolingo_super,6886.820000000001,9333.759173001454,True,0,,
