run_id,algorithm,graph,n_nodes,n_edges,graph_params,license_config,total_cost,time_ms,valid,issues,image_path,notes
20250821_010918,genetic,random,10,9,"{'p': 0.1, 'seed': 42}",duolingo_super,100.31,117.648747000203,True,0,,
20250821_010918,genetic,random,30,43,"{'p': 0.1, 'seed': 42}",duolingo_super,243.78,246.87668700062204,True,0,,
20250821_010918,genetic,random,50,120,"{'p': 0.1, 'seed': 42}",duolingo_super,361.65000000000003,308.34039200271945,True,0,,
20250821_010918,genetic,random,70,228,"{'p': 0.1, 'seed': 42}",duolingo_super,449.16,398.7510389997624,True,0,,
20250821_010918,genetic,random,90,380,"{'p': 0.1, 'seed': 42}",duolingo_super,535.48,461.16471699497197,True,0,,
20250821_010918,genetic,random,110,581,"{'p': 0.1, 'seed': 42}",duolingo_super,668.5300000000001,527.6943509961711,True,0,,
20250821_010918,genetic,random,130,819,"{'p': 0.1, 'seed': 42}",duolingo_super,795.63,645.8507440038375,True,0,,
20250821_010918,genetic,random,150,1103,"{'p': 0.1, 'seed': 42}",duolingo_super,845.9300000000001,639.3695930019021,True,0,,
20250821_010918,genetic,random,170,1395,"{'p': 0.1, 'seed': 42}",duolingo_super,973.0300000000001,779.1926450008759,True,0,,
20250821_010918,genetic,random,190,1776,"{'p': 0.1, 'seed': 42}",duolingo_super,1062.92,841.9938080041902,True,0,,
20250821_010918,genetic,random,210,2175,"{'p': 0.1, 'seed': 42}",duolingo_super,1135.25,973.9371959949494,True,0,,
20250821_010918,genetic,random,230,2619,"{'p': 0.1, 'seed': 42}",duolingo_super,1277.53,1064.9709780045669,True,0,,
20250821_010918,genetic,random,250,3084,"{'p': 0.1, 'seed': 42}",duolingo_super,1396.5900000000001,1152.0765730019775,True,0,,
20250821_010918,genetic,random,270,3590,"{'p': 0.1, 'seed': 42}",duolingo_super,1510.89,1326.0484409984201,True,0,,
20250821_010918,genetic,random,290,4163,"{'p': 0.1, 'seed': 42}",duolingo_super,1568.0400000000002,1466.4022579963785,True,0,,
20250821_010918,genetic,random,310,4788,"{'p': 0.1, 'seed': 42}",duolingo_super,1671.92,1642.698064999422,True,0,,
20250821_010918,genetic,random,330,5428,"{'p': 0.1, 'seed': 42}",duolingo_super,1789.7900000000002,1737.5495889937156,True,0,,
20250821_010918,genetic,random,350,6131,"{'p': 0.1, 'seed': 42}",duolingo_super,1873.73,1830.1267429997097,True,0,,
20250821_010918,genetic,random,370,6883,"{'p': 0.1, 'seed': 42}",duolingo_super,2081.4900000000002,2036.532698002702,True,0,,
20250821_010918,genetic,random,390,7676,"{'p': 0.1, 'seed': 42}",duolingo_super,2093.1,2077.996241998335,True,0,,
20250821_010918,genetic,random,410,8433,"{'p': 0.1, 'seed': 42}",duolingo_super,2252.94,2248.282395004935,True,0,,
20250821_010918,genetic,random,430,9286,"{'p': 0.1, 'seed': 42}",duolingo_super,2326.46,2417.4387460006983,True,0,,
20250821_010918,genetic,random,450,10158,"{'p': 0.1, 'seed': 42}",duolingo_super,2432.7200000000003,2484.4944160067826,True,0,,
20250821_010918,genetic,random,470,11119,"{'p': 0.1, 'seed': 42}",duolingo_super,2503.86,2664.7368959966116,True,0,,
20250821_010918,genetic,random,490,12073,"{'p': 0.1, 'seed': 42}",duolingo_super,2650.9,2841.1972319954657,True,0,,
20250821_010918,genetic,random,510,13054,"{'p': 0.1, 'seed': 42}",duolingo_super,2718.4700000000003,2981.183862000762,True,0,,
20250821_010918,genetic,random,530,14070,"{'p': 0.1, 'seed': 42}",duolingo_super,2794.3700000000003,3070.5231800020556,True,0,,
20250821_010918,genetic,random,550,15147,"{'p': 0.1, 'seed': 42}",duolingo_super,2955.4,3258.0265990036423,True,0,,
20250821_010918,genetic,random,570,16242,"{'p': 0.1, 'seed': 42}",duolingo_super,3053.3300000000004,3480.082631998812,True,0,,
20250821_010918,genetic,random,590,17437,"{'p': 0.1, 'seed': 42}",duolingo_super,3158.4,3549.664490004943,True,0,,
20250821_010918,genetic,random,610,18614,"{'p': 0.1, 'seed': 42}",duolingo_super,3241.15,3747.055628002272,True,0,,
20250821_010918,genetic,random,630,19860,"{'p': 0.1, 'seed': 42}",duolingo_super,3418.55,3847.011375000875,True,0,,
20250821_010918,genetic,random,650,21118,"{'p': 0.1, 'seed': 42}",duolingo_super,3501.3,3954.104142001597,True,0,,
20250821_010918,genetic,random,670,22424,"{'p': 0.1, 'seed': 42}",duolingo_super,3574.82,4274.844325998856,True,0,,
20250821_010918,genetic,random,690,23815,"{'p': 0.1, 'seed': 42}",duolingo_super,3752.2200000000003,4521.6184749951935,True,0,,
20250821_010918,genetic,random,710,25210,"{'p': 0.1, 'seed': 42}",duolingo_super,3868.9,4798.419620005006,True,0,,
20250821_010918,genetic,random,730,26570,"{'p': 0.1, 'seed': 42}",duolingo_super,3873.6600000000003,4867.950487001508,True,0,,
20250821_010918,genetic,random,750,28065,"{'p': 0.1, 'seed': 42}",duolingo_super,4027.55,5118.670153002313,True,0,,
20250821_010918,genetic,random,770,29598,"{'p': 0.1, 'seed': 42}",duolingo_super,4127.860000000001,5363.606783997966,True,0,,
20250821_010918,genetic,random,790,31177,"{'p': 0.1, 'seed': 42}",duolingo_super,4228.17,5573.768780006503,True,0,,
20250821_010918,genetic,random,810,32778,"{'p': 0.1, 'seed': 42}",duolingo_super,4333.240000000001,5961.672705998353,True,0,,
20250821_010918,genetic,random,830,34379,"{'p': 0.1, 'seed': 42}",duolingo_super,4425.51,6027.1118029995705,True,0,,
20250821_010918,genetic,random,850,36107,"{'p': 0.1, 'seed': 42}",duolingo_super,4594.58,6580.875908999587,True,0,,
20250821_010918,genetic,random,870,37776,"{'p': 0.1, 'seed': 42}",duolingo_super,4702.030000000001,6709.439223996014,True,0,,
20250821_010918,genetic,random,890,39565,"{'p': 0.1, 'seed': 42}",duolingo_super,4797.58,7132.03097400401,True,0,,
20250821_010918,genetic,random,910,41408,"{'p': 0.1, 'seed': 42}",duolingo_super,4859.490000000001,7092.446390997793,True,0,,
20250821_010918,genetic,random,930,43243,"{'p': 0.1, 'seed': 42}",duolingo_super,4919.02,7430.802239003242,True,0,,
20250821_010918,genetic,random,950,45065,"{'p': 0.1, 'seed': 42}",duolingo_super,5077.67,7707.643772002484,True,0,,
20250821_010918,genetic,random,970,46973,"{'p': 0.1, 'seed': 42}",duolingo_super,5147.62,7772.357477006153,True,0,,
20250821_010918,genetic,random,990,48936,"{'p': 0.1, 'seed': 42}",duolingo_super,5196.7300000000005,7977.210742006719,True,0,,
20250821_010918,genetic,scale_free,10,16,"{'m': 2, 'seed': 42}",duolingo_super,58.34,132.7109269986977,True,0,,
20250821_010918,genetic,scale_free,30,56,"{'m': 2, 'seed': 42}",duolingo_super,228.60000000000002,259.22567099769367,True,0,,
20250821_010918,genetic,scale_free,50,96,"{'m': 2, 'seed': 42}",duolingo_super,402.43,348.2037860012497,True,0,,
20250821_010918,genetic,scale_free,70,136,"{'m': 2, 'seed': 42}",duolingo_super,669.4300000000001,461.5802580010495,True,0,,
20250821_010918,genetic,scale_free,90,176,"{'m': 2, 'seed': 42}",duolingo_super,814.09,537.2698610008229,True,0,,
20250821_010918,genetic,scale_free,110,216,"{'m': 2, 'seed': 42}",duolingo_super,1041.5,661.7768659998546,True,0,,
20250821_010918,genetic,scale_free,130,256,"{'m': 2, 'seed': 42}",duolingo_super,1186.16,761.0579450047226,True,0,,
20250821_010918,genetic,scale_free,150,296,"{'m': 2, 'seed': 42}",duolingo_super,1415.95,822.866205999162,True,0,,
20250821_010918,genetic,scale_free,170,336,"{'m': 2, 'seed': 42}",duolingo_super,1536.2,921.6647510038456,True,0,,
20250821_010918,genetic,scale_free,190,376,"{'m': 2, 'seed': 42}",duolingo_super,1947.5700000000002,1084.9555679960758,True,0,,
20250821_010918,genetic,scale_free,210,416,"{'m': 2, 'seed': 42}",duolingo_super,2216.9500000000003,1246.431441999448,True,0,,
20250821_010918,genetic,scale_free,230,456,"{'m': 2, 'seed': 42}",duolingo_super,2394.35,1234.5614000005298,True,0,,
20250821_010918,genetic,scale_free,250,496,"{'m': 2, 'seed': 42}",duolingo_super,2527.4,1354.1278039992903,True,0,,
20250821_010918,genetic,scale_free,270,536,"{'m': 2, 'seed': 42}",duolingo_super,2818.81,1523.4679089990095,True,0,,
20250821_010918,genetic,scale_free,290,576,"{'m': 2, 'seed': 42}",duolingo_super,3009.01,1608.5059189936146,True,0,,
20250821_010918,genetic,scale_free,310,616,"{'m': 2, 'seed': 42}",duolingo_super,3218.86,1740.9831519980798,True,0,,
20250821_010918,genetic,scale_free,330,656,"{'m': 2, 'seed': 42}",duolingo_super,3433.4700000000003,1896.8306479946477,True,0,,
20250821_010918,genetic,scale_free,350,696,"{'m': 2, 'seed': 42}",duolingo_super,3727.26,2044.2994620025274,True,0,,
20250821_010918,genetic,scale_free,370,736,"{'m': 2, 'seed': 42}",duolingo_super,3937.4,2132.1538320044056,True,0,,
20250821_010918,genetic,scale_free,390,776,"{'m': 2, 'seed': 42}",duolingo_super,4110.04,2255.4814469986013,True,0,,
20250821_010918,genetic,scale_free,410,816,"{'m': 2, 'seed': 42}",duolingo_super,4317.51,2464.5858760050032,True,0,,
20250821_010918,genetic,scale_free,430,856,"{'m': 2, 'seed': 42}",duolingo_super,4536.59,2638.9349769960972,True,0,,
20250821_010918,genetic,scale_free,450,896,"{'m': 2, 'seed': 42}",duolingo_super,4639.570000000001,2626.969436001673,True,0,,
20250821_010918,genetic,scale_free,470,936,"{'m': 2, 'seed': 42}",duolingo_super,4976.52,2769.9495810011285,True,0,,
20250821_010918,genetic,scale_free,490,976,"{'m': 2, 'seed': 42}",duolingo_super,5208.6900000000005,2899.325978003617,True,0,,
20250821_010918,genetic,scale_free,510,1016,"{'m': 2, 'seed': 42}",duolingo_super,5359.01,3061.7772479963605,True,0,,
20250821_010918,genetic,scale_free,530,1056,"{'m': 2, 'seed': 42}",duolingo_super,5672.74,3152.0074119980563,True,0,,
20250821_010918,genetic,scale_free,550,1096,"{'m': 2, 'seed': 42}",duolingo_super,5954.92,3315.398491999076,True,0,,
20250821_010918,genetic,scale_free,570,1136,"{'m': 2, 'seed': 42}",duolingo_super,6092.4400000000005,3460.1250779960537,True,0,,
20250821_010918,genetic,scale_free,590,1176,"{'m': 2, 'seed': 42}",duolingo_super,6323.42,3683.0285110045224,True,0,,
20250821_010918,genetic,scale_free,610,1216,"{'m': 2, 'seed': 42}",duolingo_super,6522.85,3904.764269005682,True,0,,
20250821_010918,genetic,scale_free,630,1256,"{'m': 2, 'seed': 42}",duolingo_super,6729.42,3829.4570420039236,True,0,,
20250821_010918,genetic,scale_free,650,1296,"{'m': 2, 'seed': 42}",duolingo_super,6975.58,3908.7347099994076,True,0,,
20250821_010918,genetic,scale_free,670,1336,"{'m': 2, 'seed': 42}",duolingo_super,7201.8,4024.0114659973187,True,0,,
20250821_010918,genetic,scale_free,690,1376,"{'m': 2, 'seed': 42}",duolingo_super,7482.79,4161.816779000219,True,0,,
20250821_010918,genetic,scale_free,710,1416,"{'m': 2, 'seed': 42}",duolingo_super,7617.93,4275.2199309979915,True,0,,
20250821_010918,genetic,scale_free,730,1456,"{'m': 2, 'seed': 42}",duolingo_super,7816.17,4499.3169530062005,True,0,,
20250821_010918,genetic,scale_free,750,1496,"{'m': 2, 'seed': 42}",duolingo_super,7992.38,4711.555762005446,True,0,,
20250821_010918,genetic,scale_free,770,1536,"{'m': 2, 'seed': 42}",duolingo_super,8242.11,4678.674052003771,True,0,,
20250821_010918,genetic,scale_free,790,1576,"{'m': 2, 'seed': 42}",duolingo_super,8443.92,4712.264351001068,True,0,,
20250821_010918,genetic,scale_free,810,1616,"{'m': 2, 'seed': 42}",duolingo_super,8687.41,5037.431684999319,True,0,,
20250821_010918,genetic,scale_free,830,1656,"{'m': 2, 'seed': 42}",duolingo_super,9018.7,5235.459421004634,True,0,,
20250821_010918,genetic,scale_free,850,1696,"{'m': 2, 'seed': 42}",duolingo_super,9247.01,5249.464548003743,True,0,,
20250821_010918,genetic,scale_free,870,1736,"{'m': 2, 'seed': 42}",duolingo_super,9334.81,5431.176737001806,True,0,,
20250821_010918,genetic,scale_free,890,1776,"{'m': 2, 'seed': 42}",duolingo_super,9565.79,5508.333243000379,True,0,,
20250821_010918,genetic,scale_free,910,1816,"{'m': 2, 'seed': 42}",duolingo_super,9616.09,5485.084863998054,True,0,,
20250821_010918,genetic,scale_free,930,1856,"{'m': 2, 'seed': 42}",duolingo_super,9853.92,5671.868132005329,True,0,,
20250821_010918,genetic,scale_free,950,1896,"{'m': 2, 'seed': 42}",duolingo_super,10245.35,5947.545934999653,True,0,,
20250821_010918,genetic,scale_free,970,1936,"{'m': 2, 'seed': 42}",duolingo_super,10362.32,6021.039095998276,True,0,,
20250821_010918,genetic,scale_free,990,1976,"{'m': 2, 'seed': 42}",duolingo_super,10505.79,6097.778686998936,True,0,,
20250821_010918,genetic,small_world,10,30,"{'k': 6, 'p': 0.05, 'seed': 42}",duolingo_super,58.34,100.35530000459403,True,0,,
20250821_010918,genetic,small_world,30,90,"{'k': 6, 'p': 0.05, 'seed': 42}",duolingo_super,145.85000000000002,217.37232099985704,True,0,,
20250821_010918,genetic,small_world,50,150,"{'k': 6, 'p': 0.05, 'seed': 42}",duolingo_super,275.33000000000004,239.2041699931724,True,0,,
20250821_010918,genetic,small_world,70,210,"{'k': 6, 'p': 0.05, 'seed': 42}",duolingo_super,376.83000000000004,319.87332300195703,True,0,,
20250821_010918,genetic,small_world,90,270,"{'k': 6, 'p': 0.05, 'seed': 42}",duolingo_super,480.71000000000004,337.583826003538,True,0,,
20250821_010918,genetic,small_world,110,330,"{'k': 6, 'p': 0.05, 'seed': 42}",duolingo_super,653.35,422.12272100005066,True,0,,
20250821_010918,genetic,small_world,130,390,"{'k': 6, 'p': 0.05, 'seed': 42}",duolingo_super,726.87,430.27335700026015,True,0,,
20250821_010918,genetic,small_world,150,450,"{'k': 6, 'p': 0.05, 'seed': 42}",duolingo_super,870.34,488.97540100006154,True,0,,
20250821_010918,genetic,small_world,170,510,"{'k': 6, 'p': 0.05, 'seed': 42}",duolingo_super,1044.17,592.5499020013376,True,0,,
20250821_010918,genetic,small_world,190,570,"{'k': 6, 'p': 0.05, 'seed': 42}",duolingo_super,1146.8600000000001,656.2161969995941,True,0,,
20250821_010918,genetic,small_world,210,630,"{'k': 6, 'p': 0.05, 'seed': 42}",duolingo_super,1331.1100000000001,686.4111280010547,True,0,,
20250821_010918,genetic,small_world,230,690,"{'k': 6, 'p': 0.05, 'seed': 42}",duolingo_super,1432.6100000000001,806.8135810026433,True,0,,
20250821_010918,genetic,small_world,250,750,"{'k': 6, 'p': 0.05, 'seed': 42}",duolingo_super,1606.44,856.1244719967362,True,0,,
20250821_010918,genetic,small_world,270,810,"{'k': 6, 'p': 0.05, 'seed': 42}",duolingo_super,1655.5500000000002,897.9807240029913,True,0,,
20250821_010918,genetic,small_world,290,870,"{'k': 6, 'p': 0.05, 'seed': 42}",duolingo_super,1822.24,1027.5523739983328,True,0,,
20250821_010918,genetic,small_world,310,930,"{'k': 6, 'p': 0.05, 'seed': 42}",duolingo_super,1980.89,1062.08554499608,True,0,,
20250821_010918,genetic,small_world,330,990,"{'k': 6, 'p': 0.05, 'seed': 42}",duolingo_super,2109.1800000000003,1161.5801749940147,True,0,,
20250821_010918,genetic,small_world,350,1050,"{'k': 6, 'p': 0.05, 'seed': 42}",duolingo_super,2229.4300000000003,1260.7005989993922,True,0,,
20250821_010918,genetic,small_world,370,1110,"{'k': 6, 'p': 0.05, 'seed': 42}",duolingo_super,2446.42,1314.487948999158,True,0,,
20250821_010918,genetic,small_world,390,1170,"{'k': 6, 'p': 0.05, 'seed': 42}",duolingo_super,2522.32,1428.5198939978727,True,0,,
20250821_010918,genetic,small_world,410,1230,"{'k': 6, 'p': 0.05, 'seed': 42}",duolingo_super,2692.58,1480.8559749944834,True,0,,
20250821_010918,genetic,small_world,430,1290,"{'k': 6, 'p': 0.05, 'seed': 42}",duolingo_super,2828.01,1508.8719739942462,True,0,,
20250821_010918,genetic,small_world,450,1350,"{'k': 6, 'p': 0.05, 'seed': 42}",duolingo_super,2989.94,1783.864488999825,True,0,,
20250821_010918,genetic,small_world,470,1410,"{'k': 6, 'p': 0.05, 'seed': 42}",duolingo_super,3175.38,1840.6261279960745,True,0,,
20250821_010918,genetic,small_world,490,1470,"{'k': 6, 'p': 0.05, 'seed': 42}",duolingo_super,3184.9,1829.5831790019292,True,0,,
20250821_010918,genetic,small_world,510,1530,"{'k': 6, 'p': 0.05, 'seed': 42}",duolingo_super,3395.94,1878.6246039962862,True,0,,
20250821_010918,genetic,small_world,530,1590,"{'k': 6, 'p': 0.05, 'seed': 42}",duolingo_super,3586.1400000000003,1921.7878120034584,True,0,,
20250821_010918,genetic,small_world,550,1650,"{'k': 6, 'p': 0.05, 'seed': 42}",duolingo_super,3663.23,1983.0311679979786,True,0,,
20250821_010918,genetic,small_world,570,1710,"{'k': 6, 'p': 0.05, 'seed': 42}",duolingo_super,3706.3900000000003,2050.437863996194,True,0,,
20250821_010918,genetic,small_world,590,1770,"{'k': 6, 'p': 0.05, 'seed': 42}",duolingo_super,3944.2200000000003,2211.4215859983233,True,0,,
20250821_010918,genetic,small_world,610,1830,"{'k': 6, 'p': 0.05, 'seed': 42}",duolingo_super,4158.83,2373.1284710011096,True,0,,
20250821_010918,genetic,small_world,630,1890,"{'k': 6, 'p': 0.05, 'seed': 42}",duolingo_super,4234.7300000000005,2341.7257600012817,True,0,,
20250821_010918,genetic,small_world,650,1950,"{'k': 6, 'p': 0.05, 'seed': 42}",duolingo_super,4382.96,2452.5993700008257,True,0,,
20250821_010918,genetic,small_world,670,2010,"{'k': 6, 'p': 0.05, 'seed': 42}",duolingo_super,4508.87,2540.440429998853,True,0,,
20250821_010918,genetic,small_world,690,2070,"{'k': 6, 'p': 0.05, 'seed': 42}",duolingo_super,4497.26,2592.7753360010684,True,0,,
20250821_010918,genetic,small_world,710,2130,"{'k': 6, 'p': 0.05, 'seed': 42}",duolingo_super,4797.0,2867.840774997603,True,0,,
20250821_010918,genetic,small_world,730,2190,"{'k': 6, 'p': 0.05, 'seed': 42}",duolingo_super,4914.87,2807.7480100037064,True,0,,
20250821_010918,genetic,small_world,750,2250,"{'k': 6, 'p': 0.05, 'seed': 42}",duolingo_super,5073.52,2811.81522100087,True,0,,
20250821_010918,genetic,small_world,770,2310,"{'k': 6, 'p': 0.05, 'seed': 42}",duolingo_super,5220.56,2881.6009479996865,True,0,,
20250821_010918,genetic,small_world,790,2370,"{'k': 6, 'p': 0.05, 'seed': 42}",duolingo_super,5330.1,2903.401561001374,True,0,,
20250821_010918,genetic,small_world,810,2430,"{'k': 6, 'p': 0.05, 'seed': 42}",duolingo_super,5308.070000000001,2868.0981990037253,True,0,,
20250821_010918,genetic,small_world,830,2490,"{'k': 6, 'p': 0.05, 'seed': 42}",duolingo_super,5607.81,3103.8813869963633,True,0,,
20250821_010918,genetic,small_world,850,2550,"{'k': 6, 'p': 0.05, 'seed': 42}",duolingo_super,5835.22,3206.104388998938,True,0,,
20250821_010918,genetic,small_world,870,2610,"{'k': 6, 'p': 0.05, 'seed': 42}",duolingo_super,5953.09,3347.909983000136,True,0,,
20250821_010918,genetic,small_world,890,2670,"{'k': 6, 'p': 0.05, 'seed': 42}",duolingo_super,6098.9400000000005,3398.8853670016397,True,0,,
20250821_010918,genetic,small_world,910,2730,"{'k': 6, 'p': 0.05, 'seed': 42}",duolingo_super,6243.6,3639.5616289955797,True,0,,
20250821_010918,genetic,small_world,930,2790,"{'k': 6, 'p': 0.05, 'seed': 42}",duolingo_super,6348.67,3540.1609809996444,True,0,,
20250821_010918,genetic,small_world,950,2850,"{'k': 6, 'p': 0.05, 'seed': 42}",duolingo_super,6464.160000000001,3444.9384929976077,True,0,,
20250821_010918,genetic,small_world,970,2910,"{'k': 6, 'p': 0.05, 'seed': 42}",duolingo_super,6677.58,3635.0649680025526,True,0,,
20250821_010918,genetic,small_world,990,2970,"{'k': 6, 'p': 0.05, 'seed': 42}",duolingo_super,6767.47,3751.381975998811,True,0,,
