run_id,algorithm,graph,n_nodes,n_edges,graph_params,license_config,total_cost,time_ms,valid,issues,image_path,notes
20250821_010918,ant_colony_optimization,random,10,9,"{'p': 0.1, 'seed': 42}",spotify,130.96,58.19051400612807,True,0,,
20250821_010918,ant_colony_optimization,random,30,43,"{'p': 0.1, 'seed': 42}",spotify,361.89,279.05986099358415,True,0,,
20250821_010918,ant_colony_optimization,random,50,120,"{'p': 0.1, 'seed': 42}",spotify,489.86,485.09739699511556,True,0,,
20250821_010918,ant_colony_optimization,random,70,228,"{'p': 0.1, 'seed': 42}",spotify,661.8000000000001,773.8443589987583,True,0,,
20250821_010918,ant_colony_optimization,random,90,380,"{'p': 0.1, 'seed': 42}",spotify,745.8000000000001,1101.1342800047714,True,0,,
20250821_010918,ant_colony_optimization,random,110,581,"{'p': 0.1, 'seed': 42}",spotify,903.74,1519.572163997509,True,0,,
20250821_010918,ant_colony_optimization,random,130,819,"{'p': 0.1, 'seed': 42}",spotify,1055.7,1948.7434129987378,True,0,,
20250821_010918,ant_colony_optimization,random,150,1103,"{'p': 0.1, 'seed': 42}",spotify,1197.67,2499.49106600252,True,0,,
20250821_010918,ant_colony_optimization,random,170,1395,"{'p': 0.1, 'seed': 42}",spotify,1297.64,3094.866085004469,True,0,,
20250821_010918,ant_colony_optimization,random,190,1776,"{'p': 0.1, 'seed': 42}",spotify,1435.6000000000001,3761.15141199989,True,0,,
20250821_010918,ant_colony_optimization,random,210,2175,"{'p': 0.1, 'seed': 42}",spotify,1577.5700000000002,4479.776113003027,True,0,,
20250821_010918,ant_colony_optimization,random,230,2619,"{'p': 0.1, 'seed': 42}",spotify,1701.53,5238.1445889986935,True,0,,
20250821_010918,ant_colony_optimization,random,250,3084,"{'p': 0.1, 'seed': 42}",spotify,1833.51,6039.55638500338,True,0,,
20250821_010918,ant_colony_optimization,random,270,3590,"{'p': 0.1, 'seed': 42}",spotify,1953.46,7124.491788999876,True,0,,
20250821_010918,ant_colony_optimization,random,290,4163,"{'p': 0.1, 'seed': 42}",spotify,2063.42,8052.937327003747,True,0,,
20250821_010918,ant_colony_optimization,random,310,4788,"{'p': 0.1, 'seed': 42}",spotify,2185.4100000000003,9354.630836998695,True,0,,
20250821_010918,ant_colony_optimization,random,330,5428,"{'p': 0.1, 'seed': 42}",spotify,2357.35,10349.35686099925,True,0,,
20250821_010918,ant_colony_optimization,random,350,6131,"{'p': 0.1, 'seed': 42}",spotify,2485.32,11670.658577000722,True,0,,
20250821_010918,ant_colony_optimization,random,370,6883,"{'p': 0.1, 'seed': 42}",spotify,2613.29,12919.276446998992,True,0,,
20250821_010918,ant_colony_optimization,random,390,7676,"{'p': 0.1, 'seed': 42}",spotify,2727.26,14170.591722999234,True,0,,
20250821_010918,ant_colony_optimization,random,410,8433,"{'p': 0.1, 'seed': 42}",spotify,2845.2400000000002,15452.501745996415,True,0,,
20250821_010918,ant_colony_optimization,random,430,9286,"{'p': 0.1, 'seed': 42}",spotify,2959.21,16873.89274900488,True,0,,
20250821_010918,ant_colony_optimization,random,450,10158,"{'p': 0.1, 'seed': 42}",spotify,3073.1800000000003,18292.124454994337,True,0,,
20250821_010918,ant_colony_optimization,random,470,11119,"{'p': 0.1, 'seed': 42}",spotify,3207.13,19006.929828996363,True,0,,
20250821_010918,ant_colony_optimization,random,490,12073,"{'p': 0.1, 'seed': 42}",spotify,3325.11,20840.531260997523,True,0,,
20250821_010918,ant_colony_optimization,random,510,13054,"{'p': 0.1, 'seed': 42}",spotify,3497.05,22412.130292002985,True,0,,
20250821_010918,ant_colony_optimization,random,530,14070,"{'p': 0.1, 'seed': 42}",spotify,3577.04,23509.99504900392,True,0,,
20250821_010918,ant_colony_optimization,random,550,15147,"{'p': 0.1, 'seed': 42}",spotify,3729.0,25618.015870000818,True,0,,
20250821_010918,ant_colony_optimization,random,570,16242,"{'p': 0.1, 'seed': 42}",spotify,3856.9700000000003,27568.225089999032,True,0,,
20250821_010918,ant_colony_optimization,random,590,17437,"{'p': 0.1, 'seed': 42}",spotify,3942.94,29458.88939699944,True,0,,
20250821_010918,ant_colony_optimization,random,610,18614,"{'p': 0.1, 'seed': 42}",spotify,4118.89,30900.536119996104,True,0,,
20250821_010918,ant_colony_optimization,random,630,19860,"{'p': 0.1, 'seed': 42}",spotify,4226.88,33558.5130479958,True,0,,
20250821_010918,ant_colony_optimization,random,650,21118,"{'p': 0.1, 'seed': 42}",spotify,4346.83,35072.53144100105,True,0,,
20250821_010918,ant_colony_optimization,random,670,22424,"{'p': 0.1, 'seed': 42}",spotify,4526.79,37681.10026099748,True,0,,
20250821_010918,ant_colony_optimization,random,690,23815,"{'p': 0.1, 'seed': 42}",spotify,4612.76,40273.107569002605,True,0,,
20250821_010918,ant_colony_optimization,random,710,25210,"{'p': 0.1, 'seed': 42}",spotify,4730.74,42308.474690995354,True,0,,
20250821_010918,ant_colony_optimization,random,730,26570,"{'p': 0.1, 'seed': 42}",spotify,4820.72,44791.18179700163,True,0,,
20250821_010918,ant_colony_optimization,random,750,28065,"{'p': 0.1, 'seed': 42}",spotify,4996.67,47502.440580996335,True,0,,
20250821_010918,ant_colony_optimization,random,770,29598,"{'p': 0.1, 'seed': 42}",spotify,5120.63,49397.42656699673,True,0,,
20250821_010918,ant_colony_optimization,random,790,31177,"{'p': 0.1, 'seed': 42}",spotify,5244.59,51569.270993997634,True,0,,
20250821_010918,ant_colony_optimization,random,810,32778,"{'p': 0.1, 'seed': 42}",spotify,5362.570000000001,55435.70431599801,True,0,,
20250821_010918,ant_colony_optimization,random,830,34379,"{'p': 0.1, 'seed': 42}",spotify,5476.54,57638.018059995375,True,0,,
20250821_010918,ant_colony_optimization,random,850,36107,"{'p': 0.1, 'seed': 42}",spotify,5628.5,61264.892057006364,True,0,,
20250821_010918,ant_colony_optimization,random,870,37776,"{'p': 0.1, 'seed': 42}",spotify,5766.46,63640.52960299887,True,0,,
20250821_010918,ant_colony_optimization,random,890,39565,"{'p': 0.1, 'seed': 42}",spotify,5904.42,67035.26952699758,True,0,,
20250821_010918,ant_colony_optimization,random,910,41408,"{'p': 0.1, 'seed': 42}",spotify,5994.400000000001,69406.09252300055,True,0,,
20250821_010918,ant_colony_optimization,random,930,43243,"{'p': 0.1, 'seed': 42}",spotify,6136.37,70437.57004800136,True,0,,
20250821_010918,ant_colony_optimization,random,950,45065,"{'p': 0.1, 'seed': 42}",spotify,6202.360000000001,74207.80338100303,True,0,,
20250821_010918,ant_colony_optimization,random,970,46973,"{'p': 0.1, 'seed': 42}",spotify,6378.31,76543.79715699906,True,0,,
20250821_010918,ant_colony_optimization,random,990,48936,"{'p': 0.1, 'seed': 42}",spotify,6492.280000000001,79969.0364029957,True,0,,
20250821_010918,ant_colony_optimization,scale_free,10,16,"{'m': 2, 'seed': 42}",spotify,99.97,55.52897799498169,True,0,,
20250821_010918,ant_colony_optimization,scale_free,30,56,"{'m': 2, 'seed': 42}",spotify,350.88,260.86893300089287,True,0,,
20250821_010918,ant_colony_optimization,scale_free,50,96,"{'m': 2, 'seed': 42}",spotify,697.75,675.7354620058322,True,0,,
20250821_010918,ant_colony_optimization,scale_free,70,136,"{'m': 2, 'seed': 42}",spotify,959.67,1106.2104049997288,True,0,,
20250821_010918,ant_colony_optimization,scale_free,90,176,"{'m': 2, 'seed': 42}",spotify,1218.6,1632.4527390024741,True,0,,
20250821_010918,ant_colony_optimization,scale_free,110,216,"{'m': 2, 'seed': 42}",spotify,1466.52,2324.3309409954236,True,0,,
20250821_010918,ant_colony_optimization,scale_free,130,256,"{'m': 2, 'seed': 42}",spotify,1755.42,3048.678615006793,True,0,,
20250821_010918,ant_colony_optimization,scale_free,150,296,"{'m': 2, 'seed': 42}",spotify,1995.32,4053.512749997026,True,0,,
20250821_010918,ant_colony_optimization,scale_free,170,336,"{'m': 2, 'seed': 42}",spotify,2237.26,5224.587949000124,True,0,,
20250821_010918,ant_colony_optimization,scale_free,190,376,"{'m': 2, 'seed': 42}",spotify,2471.18,5960.7768499990925,True,0,,
20250821_010918,ant_colony_optimization,scale_free,210,416,"{'m': 2, 'seed': 42}",spotify,2764.09,7355.745027001831,True,0,,
20250821_010918,ant_colony_optimization,scale_free,230,456,"{'m': 2, 'seed': 42}",spotify,3090.98,8374.305780998839,True,0,,
20250821_010918,ant_colony_optimization,scale_free,250,496,"{'m': 2, 'seed': 42}",spotify,3369.89,9484.41267599992,True,0,,
20250821_010918,ant_colony_optimization,scale_free,270,536,"{'m': 2, 'seed': 42}",spotify,3540.81,11013.332823000383,True,0,,
20250821_010918,ant_colony_optimization,scale_free,290,576,"{'m': 2, 'seed': 42}",spotify,3796.75,13002.108672997565,True,0,,
20250821_010918,ant_colony_optimization,scale_free,310,616,"{'m': 2, 'seed': 42}",spotify,4047.66,15022.41200300341,True,0,,
20250821_010918,ant_colony_optimization,scale_free,330,656,"{'m': 2, 'seed': 42}",spotify,4393.51,16445.68749699829,True,0,,
20250821_010918,ant_colony_optimization,scale_free,350,696,"{'m': 2, 'seed': 42}",spotify,4645.44,18101.283133000834,True,0,,
20250821_010918,ant_colony_optimization,scale_free,370,736,"{'m': 2, 'seed': 42}",spotify,4858.36,19956.818345999636,True,0,,
20250821_010918,ant_colony_optimization,scale_free,390,776,"{'m': 2, 'seed': 42}",spotify,5101.32,22090.053667001484,True,0,,
20250821_010918,ant_colony_optimization,scale_free,410,816,"{'m': 2, 'seed': 42}",spotify,5357.19,24440.162960003363,True,0,,
20250821_010918,ant_colony_optimization,scale_free,430,856,"{'m': 2, 'seed': 42}",spotify,5626.11,26439.43951199617,True,0,,
20250821_010918,ant_colony_optimization,scale_free,450,896,"{'m': 2, 'seed': 42}",spotify,5950.01,29341.370451998955,True,0,,
20250821_010918,ant_colony_optimization,scale_free,470,936,"{'m': 2, 'seed': 42}",spotify,6189.91,30244.964678000542,True,0,,
20250821_010918,ant_colony_optimization,scale_free,490,976,"{'m': 2, 'seed': 42}",spotify,6584.83,32758.66866800061,True,0,,
20250821_010918,ant_colony_optimization,scale_free,510,1016,"{'m': 2, 'seed': 42}",spotify,6721.7,35821.9905090009,True,0,,
20250821_010918,ant_colony_optimization,scale_free,530,1056,"{'m': 2, 'seed': 42}",spotify,7133.61,37867.25677800132,True,0,,
20250821_010918,ant_colony_optimization,scale_free,550,1096,"{'m': 2, 'seed': 42}",spotify,7450.44,42633.4014400054,True,0,,
20250821_010918,ant_colony_optimization,scale_free,570,1136,"{'m': 2, 'seed': 42}",spotify,7795.41,44955.259485999704,True,0,,
20250821_010918,ant_colony_optimization,scale_free,590,1176,"{'m': 2, 'seed': 42}",spotify,8037.28,47114.029893993575,True,0,,
20250821_010918,ant_colony_optimization,scale_free,610,1216,"{'m': 2, 'seed': 42}",spotify,8257.2,51569.97995800339,True,0,,
20250821_010918,ant_colony_optimization,scale_free,630,1256,"{'m': 2, 'seed': 42}",spotify,8513.07,55103.54835400358,True,0,,
20250821_010918,ant_colony_optimization,scale_free,650,1296,"{'m': 2, 'seed': 42}",spotify,8732.99,57955.96023200051,True,0,,
20250821_010918,ant_colony_optimization,scale_free,670,1336,"{'m': 2, 'seed': 42}",spotify,9149.86,63201.34497700201,True,0,,
20250821_010918,ant_colony_optimization,scale_free,690,1376,"{'m': 2, 'seed': 42}",spotify,9437.74,64752.57249100105,True,0,,
20250821_010918,ant_colony_optimization,scale_free,710,1416,"{'m': 2, 'seed': 42}",spotify,9793.65,73163.49325900228,True,0,,
20250821_010918,ant_colony_optimization,scale_free,730,1456,"{'m': 2, 'seed': 42}",spotify,10043.61,74158.29207200295,True,0,,
20250821_010918,ant_colony_optimization,scale_free,750,1496,"{'m': 2, 'seed': 42}",spotify,10218.47,79370.7350370023,True,0,,
20250821_010918,ant_colony_optimization,scale_free,770,1536,"{'m': 2, 'seed': 42}",spotify,10415.42,85260.9476869984,True,0,,
20250821_010918,ant_colony_optimization,scale_free,790,1576,"{'m': 2, 'seed': 42}",spotify,10988.33,88864.270596001,True,0,,
20250821_010918,AntColonyOptimization,scale_free,810,1616,"{'m': 2, 'seed': 42}",spotify,nan,90000.0,False,0,,timeout
20250821_010918,ant_colony_optimization,small_world,10,30,"{'k': 6, 'p': 0.05, 'seed': 42}",spotify,75.98,47.51132299861638,True,0,,
20250821_010918,ant_colony_optimization,small_world,30,90,"{'k': 6, 'p': 0.05, 'seed': 42}",spotify,227.94,182.0423809986096,True,0,,
20250821_010918,ant_colony_optimization,small_world,50,150,"{'k': 6, 'p': 0.05, 'seed': 42}",spotify,379.90000000000003,370.73973899532575,True,0,,
20250821_010918,ant_colony_optimization,small_world,70,210,"{'k': 6, 'p': 0.05, 'seed': 42}",spotify,517.86,629.9408159975428,True,0,,
20250821_010918,ant_colony_optimization,small_world,90,270,"{'k': 6, 'p': 0.05, 'seed': 42}",spotify,707.8100000000001,1007.356679001532,True,0,,
20250821_010918,ant_colony_optimization,small_world,110,330,"{'k': 6, 'p': 0.05, 'seed': 42}",spotify,831.77,1377.631832001498,True,0,,
20250821_010918,ant_colony_optimization,small_world,130,390,"{'k': 6, 'p': 0.05, 'seed': 42}",spotify,1035.72,1946.1637700005667,True,0,,
20250821_010918,ant_colony_optimization,small_world,150,450,"{'k': 6, 'p': 0.05, 'seed': 42}",spotify,1239.67,2428.2039899990195,True,0,,
20250821_010918,ant_colony_optimization,small_world,170,510,"{'k': 6, 'p': 0.05, 'seed': 42}",spotify,1397.6100000000001,3084.8622010016697,True,0,,
20250821_010918,ant_colony_optimization,small_world,190,570,"{'k': 6, 'p': 0.05, 'seed': 42}",spotify,1477.6000000000001,3569.597489993612,True,0,,
20250821_010918,ant_colony_optimization,small_world,210,630,"{'k': 6, 'p': 0.05, 'seed': 42}",spotify,1701.53,4432.663321000291,True,0,,
20250821_010918,ant_colony_optimization,small_world,230,690,"{'k': 6, 'p': 0.05, 'seed': 42}",spotify,1939.46,5221.115325002756,True,0,,
20250821_010918,ant_colony_optimization,small_world,250,750,"{'k': 6, 'p': 0.05, 'seed': 42}",spotify,2105.42,5999.644190000254,True,0,,
20250821_010918,ant_colony_optimization,small_world,270,810,"{'k': 6, 'p': 0.05, 'seed': 42}",spotify,2267.37,7143.684394999582,True,0,,
20250821_010918,ant_colony_optimization,small_world,290,870,"{'k': 6, 'p': 0.05, 'seed': 42}",spotify,2415.32,8007.089520004229,True,0,,
20250821_010918,ant_colony_optimization,small_world,310,930,"{'k': 6, 'p': 0.05, 'seed': 42}",spotify,2533.3,9136.797778999608,True,0,,
20250821_010918,ant_colony_optimization,small_world,330,990,"{'k': 6, 'p': 0.05, 'seed': 42}",spotify,2723.25,10353.965002002951,True,0,,
20250821_010918,ant_colony_optimization,small_world,350,1050,"{'k': 6, 'p': 0.05, 'seed': 42}",spotify,2965.19,11817.236544004118,True,0,,
20250821_010918,ant_colony_optimization,small_world,370,1110,"{'k': 6, 'p': 0.05, 'seed': 42}",spotify,3103.15,12865.828244997829,True,0,,
20250821_010918,ant_colony_optimization,small_world,390,1170,"{'k': 6, 'p': 0.05, 'seed': 42}",spotify,3221.13,14110.225561002153,True,0,,
20250821_010918,ant_colony_optimization,small_world,410,1230,"{'k': 6, 'p': 0.05, 'seed': 42}",spotify,3469.05,15954.779575004068,True,0,,
20250821_010918,ant_colony_optimization,small_world,430,1290,"{'k': 6, 'p': 0.05, 'seed': 42}",spotify,3696.9900000000002,17625.20088799647,True,0,,
20250821_010918,ant_colony_optimization,small_world,450,1350,"{'k': 6, 'p': 0.05, 'seed': 42}",spotify,3855.9500000000003,19421.956136997323,True,0,,
20250821_010918,ant_colony_optimization,small_world,470,1410,"{'k': 6, 'p': 0.05, 'seed': 42}",spotify,3868.9300000000003,19758.865112999047,True,0,,
20250821_010918,ant_colony_optimization,small_world,490,1470,"{'k': 6, 'p': 0.05, 'seed': 42}",spotify,4206.83,21452.27734099899,True,0,,
20250821_010918,ant_colony_optimization,small_world,510,1530,"{'k': 6, 'p': 0.05, 'seed': 42}",spotify,4280.84,23086.359239998274,True,0,,
20250821_010918,ant_colony_optimization,small_world,530,1590,"{'k': 6, 'p': 0.05, 'seed': 42}",spotify,4566.75,25135.912826001004,True,0,,
20250821_010918,ant_colony_optimization,small_world,550,1650,"{'k': 6, 'p': 0.05, 'seed': 42}",spotify,4728.7,26799.77962999692,True,0,,
20250821_010918,ant_colony_optimization,small_world,570,1710,"{'k': 6, 'p': 0.05, 'seed': 42}",spotify,4876.650000000001,28954.2760789991,True,0,,
20250821_010918,ant_colony_optimization,small_world,590,1770,"{'k': 6, 'p': 0.05, 'seed': 42}",spotify,5142.58,31191.52822599426,True,0,,
20250821_010918,ant_colony_optimization,small_world,610,1830,"{'k': 6, 'p': 0.05, 'seed': 42}",spotify,5212.58,32698.37273900339,True,0,,
20250821_010918,ant_colony_optimization,small_world,630,1890,"{'k': 6, 'p': 0.05, 'seed': 42}",spotify,5446.5,35846.991261001676,True,0,,
20250821_010918,ant_colony_optimization,small_world,650,1950,"{'k': 6, 'p': 0.05, 'seed': 42}",spotify,5574.47,36530.17401100078,True,0,,
20250821_010918,ant_colony_optimization,small_world,670,2010,"{'k': 6, 'p': 0.05, 'seed': 42}",spotify,5788.41,39776.65406199958,True,0,,
20250821_010918,ant_colony_optimization,small_world,690,2070,"{'k': 6, 'p': 0.05, 'seed': 42}",spotify,5968.37,41357.08455099666,True,0,,
20250821_010918,ant_colony_optimization,small_world,710,2130,"{'k': 6, 'p': 0.05, 'seed': 42}",spotify,6140.31,44172.88548799843,True,0,,
20250821_010918,ant_colony_optimization,small_world,730,2190,"{'k': 6, 'p': 0.05, 'seed': 42}",spotify,6286.29,46528.639545998885,True,0,,
20250821_010918,ant_colony_optimization,small_world,750,2250,"{'k': 6, 'p': 0.05, 'seed': 42}",spotify,6544.200000000001,48988.0453529986,True,0,,
20250821_010918,ant_colony_optimization,small_world,770,2310,"{'k': 6, 'p': 0.05, 'seed': 42}",spotify,6583.21,53608.852391000255,True,0,,
20250821_010918,ant_colony_optimization,small_world,790,2370,"{'k': 6, 'p': 0.05, 'seed': 42}",spotify,6814.14,54717.91827699781,True,0,,
20250821_010918,ant_colony_optimization,small_world,810,2430,"{'k': 6, 'p': 0.05, 'seed': 42}",spotify,6954.070000000001,57127.66697899497,True,0,,
20250821_010918,ant_colony_optimization,small_world,830,2490,"{'k': 6, 'p': 0.05, 'seed': 42}",spotify,7166.04,60016.61179000075,True,0,,
20250821_010918,ant_colony_optimization,small_world,850,2550,"{'k': 6, 'p': 0.05, 'seed': 42}",spotify,7367.950000000001,63006.068118003896,True,0,,
20250821_010918,ant_colony_optimization,small_world,870,2610,"{'k': 6, 'p': 0.05, 'seed': 42}",spotify,7599.900000000001,66437.9220089977,True,0,,
20250821_010918,ant_colony_optimization,small_world,890,2670,"{'k': 6, 'p': 0.05, 'seed': 42}",spotify,7517.9400000000005,70293.67116899812,True,0,,
20250821_010918,ant_colony_optimization,small_world,910,2730,"{'k': 6, 'p': 0.05, 'seed': 42}",spotify,7899.81,71268.4316800005,True,0,,
20250821_010918,ant_colony_optimization,small_world,930,2790,"{'k': 6, 'p': 0.05, 'seed': 42}",spotify,7961.79,72884.225486996,True,0,,
20250821_010918,ant_colony_optimization,small_world,950,2850,"{'k': 6, 'p': 0.05, 'seed': 42}",spotify,8287.73,76851.01016800036,True,0,,
20250821_010918,ant_colony_optimization,small_world,970,2910,"{'k': 6, 'p': 0.05, 'seed': 42}",spotify,8303.7,78939.84650399943,True,0,,
20250821_010918,ant_colony_optimization,small_world,990,2970,"{'k': 6, 'p': 0.05, 'seed': 42}",spotify,8532.66,82403.97154599486,True,0,,
