run_id,algorithm,graph,n_nodes,n_edges,graph_params,license_config,total_cost,time_ms,valid,issues,image_path,notes
20250825_173013,greedy,3980,53,198,{},spotify,660.78,0.17435999961890047,True,0,results/20250825_173013/graphs/greedy_53n_198e.png,
20250825_173013,tabu_search,3980,53,198,{},spotify,427.88,752.2679300000163,True,0,results/20250825_173013/graphs/tabu_search_53n_198e.png,
20250825_173013,simulated_annealing,3980,53,198,{},spotify,499.85,156.46708500025852,True,0,results/20250825_173013/graphs/simulated_annealing_53n_198e.png,
20250825_173013,genetic,3980,53,198,{},spotify,410.89000000000004,286.28114000002824,True,0,results/20250825_173013/graphs/genetic_53n_198e.png,
20250825_173013,ant_colony_optimization,3980,53,198,{},spotify,561.83,628.7296860000424,True,0,results/20250825_173013/graphs/ant_colony_optimization_53n_198e.png,
20250825_173013,dominating_set_algorithm,3980,53,198,{},spotify,547.83,0.22421699986807653,True,0,results/20250825_173013/graphs/dominating_set_algorithm_53n_198e.png,
20250825_173013,randomized_algorithm,3980,53,198,{},spotify,660.78,0.1913809996949567,True,0,results/20250825_173013/graphs/randomized_algorithm_53n_198e.png,
20250825_173013,greedy,698,62,331,{},spotify,602.81,0.38509099977090955,True,0,results/20250825_173013/graphs/greedy_62n_331e.png,
20250825_173013,tabu_search,698,62,331,{},spotify,417.89000000000004,820.7453589998295,True,0,results/20250825_173013/graphs/tabu_search_62n_331e.png,
20250825_173013,simulated_annealing,698,62,331,{},spotify,472.87,178.43679800034806,True,0,results/20250825_173013/graphs/simulated_annealing_62n_331e.png,
20250825_173013,genetic,698,62,331,{},spotify,479.87,305.7209690000491,True,0,results/20250825_173013/graphs/genetic_62n_331e.png,
20250825_173013,ant_colony_optimization,698,62,331,{},spotify,575.83,749.3045969999912,True,0,results/20250825_173013/graphs/ant_colony_optimization_62n_331e.png,
20250825_173013,dominating_set_algorithm,698,62,331,{},spotify,520.85,0.4023339997729636,True,0,results/20250825_173013/graphs/dominating_set_algorithm_62n_331e.png,
20250825_173013,randomized_algorithm,698,62,331,{},spotify,661.8,0.2012189997913083,True,0,results/20250825_173013/graphs/randomized_algorithm_62n_331e.png,
20250825_173013,greedy,414,151,1843,{},spotify,1426.56,0.457310999991023,True,0,results/20250825_173013/graphs/greedy_151n_1843e.png,
20250825_173013,tabu_search,414,151,1843,{},spotify,1066.71,1957.0204990000093,True,0,results/20250825_173013/graphs/tabu_search_151n_1843e.png,
20250825_173013,simulated_annealing,414,151,1843,{},spotify,1121.69,476.7381859996931,True,0,results/20250825_173013/graphs/simulated_annealing_151n_1843e.png,
20250825_173013,genetic,414,151,1843,{},spotify,1210.65,804.7478360003879,True,0,results/20250825_173013/graphs/genetic_151n_1843e.png,
20250825_173013,ant_colony_optimization,414,151,1843,{},spotify,1335.63,3396.953752999707,True,0,results/20250825_173013/graphs/ant_colony_optimization_151n_1843e.png,
20250825_173013,dominating_set_algorithm,414,151,1843,{},spotify,1309.6,0.9123499999077467,True,0,results/20250825_173013/graphs/dominating_set_algorithm_151n_1843e.png,
20250825_173013,randomized_algorithm,414,151,1843,{},spotify,1519.53,0.5847720003657741,True,0,results/20250825_173013/graphs/randomized_algorithm_151n_1843e.png,
20250825_173013,greedy,686,169,1824,{},spotify,1732.45,0.5177500001991575,True,0,results/20250825_173013/graphs/greedy_169n_1824e.png,
20250825_173013,tabu_search,686,169,1824,{},spotify,1214.66,2452.546775999963,True,0,results/20250825_173013/graphs/tabu_search_169n_1824e.png,
20250825_173013,simulated_annealing,686,169,1824,{},spotify,1527.55,565.4427869999381,True,0,results/20250825_173013/graphs/simulated_annealing_169n_1824e.png,
20250825_173013,genetic,686,169,1824,{},spotify,1519.53,909.8335369999404,True,0,results/20250825_173013/graphs/genetic_169n_1824e.png,
20250825_173013,ant_colony_optimization,686,169,1824,{},spotify,1561.53,4405.957272000251,True,0,results/20250825_173013/graphs/ant_colony_optimization_169n_1824e.png,
20250825_173013,dominating_set_algorithm,686,169,1824,{},spotify,1677.47,0.9312960000897874,True,0,results/20250825_173013/graphs/dominating_set_algorithm_169n_1824e.png,
20250825_173013,randomized_algorithm,686,169,1824,{},spotify,1911.39,0.5636919995595235,True,0,results/20250825_173013/graphs/randomized_algorithm_169n_1824e.png,
20250825_173013,greedy,348,225,3416,{},spotify,2160.33,0.749871999687457,True,0,results/20250825_173013/graphs/greedy_225n_3416e.png,
20250825_173013,tabu_search,348,225,3416,{},spotify,1721.51,3199.8549319996528,True,0,results/20250825_173013/graphs/tabu_search_225n_3416e.png,
20250825_173013,simulated_annealing,348,225,3416,{},spotify,2160.33,767.6302169998053,True,0,results/20250825_173013/graphs/simulated_annealing_225n_3416e.png,
20250825_173013,genetic,348,225,3416,{},spotify,1859.47,1168.0528209999466,True,0,results/20250825_173013/graphs/genetic_225n_3416e.png,
20250825_173013,ant_colony_optimization,348,225,3416,{},spotify,2027.4,6907.150442999864,True,0,results/20250825_173013/graphs/ant_colony_optimization_225n_3416e.png,
20250825_173013,dominating_set_algorithm,348,225,3416,{},spotify,2023.39,1.3215220001256966,True,0,results/20250825_173013/graphs/dominating_set_algorithm_225n_3416e.png,
20250825_173013,randomized_algorithm,348,225,3416,{},spotify,2459.22,0.8467289999316563,True,0,results/20250825_173013/graphs/randomized_algorithm_225n_3416e.png,
20250825_173013,greedy,0,334,2852,{},spotify,3642.82,1.0927379998975084,True,0,results/20250825_173013/graphs/greedy_334n_2852e.png,
20250825_173013,tabu_search,0,334,2852,{},spotify,3306.96,5277.250983000158,True,0,results/20250825_173013/graphs/tabu_search_334n_2852e.png,
20250825_173013,simulated_annealing,0,334,2852,{},spotify,3642.82,1209.4736530002592,True,0,results/20250825_173013/graphs/simulated_annealing_334n_2852e.png,
20250825_173013,genetic,0,334,2852,{},spotify,3706.84,1910.984498000289,True,0,results/20250825_173013/graphs/genetic_334n_2852e.png,
20250825_173013,ant_colony_optimization,0,334,2852,{},spotify,3583.9,15984.316552999644,True,0,results/20250825_173013/graphs/ant_colony_optimization_334n_2852e.png,
20250825_173013,dominating_set_algorithm,0,334,2852,{},spotify,3416.92,1.5338940002038726,True,0,results/20250825_173013/graphs/dominating_set_algorithm_334n_2852e.png,
20250825_173013,randomized_algorithm,0,334,2852,{},spotify,4172.64,0.9827620001487958,True,0,results/20250825_173013/graphs/randomized_algorithm_334n_2852e.png,
20250825_173013,greedy,3437,535,5347,{},spotify,5452.27,1.440387999991799,True,0,results/20250825_173013/graphs/greedy_535n_5347e.png,
20250825_173013,tabu_search,3437,535,5347,{},spotify,5404.29,8178.210483999919,True,0,results/20250825_173013/graphs/tabu_search_535n_5347e.png,
20250825_173013,simulated_annealing,3437,535,5347,{},spotify,5452.27,1819.119627999953,True,0,results/20250825_173013/graphs/simulated_annealing_535n_5347e.png,
20250825_173013,genetic,3437,535,5347,{},spotify,5440.31,2951.7884000001686,True,0,results/20250825_173013/graphs/genetic_535n_5347e.png,
20250825_173013,ant_colony_optimization,3437,535,5347,{},spotify,5269.39,35009.20158600002,True,0,results/20250825_173013/graphs/ant_colony_optimization_535n_5347e.png,
20250825_173013,dominating_set_algorithm,3437,535,5347,{},spotify,4776.54,2.6865169998018246,True,0,results/20250825_173013/graphs/dominating_set_algorithm_535n_5347e.png,
20250825_173013,randomized_algorithm,3437,535,5347,{},spotify,6075.06,1.9571980001273914,True,0,results/20250825_173013/graphs/randomized_algorithm_535n_5347e.png,
20250825_173013,greedy,1912,748,30772,{},spotify,6211.1900000000005,3.512800999942556,True,0,results/20250825_173013/graphs/greedy_748n_30772e.png,
20250825_173013,tabu_search,1912,748,30772,{},spotify,6129.2300000000005,14211.752144000002,True,0,results/20250825_173013/graphs/tabu_search_748n_30772e.png,
20250825_173013,simulated_annealing,1912,748,30772,{},spotify,6211.1900000000005,3461.3821430002645,True,0,results/20250825_173013/graphs/simulated_annealing_748n_30772e.png,
20250825_173013,genetic,1912,748,30772,{},spotify,6432.13,5646.542378000049,True,0,results/20250825_173013/graphs/genetic_748n_30772e.png,
20250825_173013,ant_colony_optimization,1912,748,30772,{},spotify,5982.3,61123.75284400013,True,0,results/20250825_173013/graphs/ant_colony_optimization_748n_30772e.png,
20250825_173013,dominating_set_algorithm,1912,748,30772,{},spotify,5730.37,9.00374799994097,True,0,results/20250825_173013/graphs/dominating_set_algorithm_748n_30772e.png,
20250825_173013,randomized_algorithm,1912,748,30772,{},spotify,6890.93,5.232021000210807,True,0,results/20250825_173013/graphs/randomized_algorithm_748n_30772e.png,
20250825_173013,greedy,1684,787,14810,{},spotify,6999.87,2.479076999861718,True,0,results/20250825_173013/graphs/greedy_787n_14810e.png,
20250825_173013,tabu_search,1684,787,14810,{},spotify,6999.87,12966.40066000009,True,0,results/20250825_173013/graphs/tabu_search_787n_14810e.png,
20250825_173013,simulated_annealing,1684,787,14810,{},spotify,6999.87,2710.8924929998466,True,0,results/20250825_173013/graphs/simulated_annealing_787n_14810e.png,
20250825_173013,genetic,1684,787,14810,{},spotify,7290.81,4691.4008660000945,True,0,results/20250825_173013/graphs/genetic_787n_14810e.png,
20250825_173013,ant_colony_optimization,1684,787,14810,{},spotify,6870.0,65976.89699600005,True,0,results/20250825_173013/graphs/ant_colony_optimization_787n_14810e.png,
20250825_173013,dominating_set_algorithm,1684,787,14810,{},spotify,6593.06,6.3987109997469815,True,0,results/20250825_173013/graphs/dominating_set_algorithm_787n_14810e.png,
20250825_173013,randomized_algorithm,1684,787,14810,{},spotify,7716.58,2.995757999997295,True,0,results/20250825_173013/graphs/randomized_algorithm_787n_14810e.png,
20250825_173013,greedy,107,1035,27783,{},spotify,9057.24,4.353416000412835,True,0,results/20250825_173013/graphs/greedy_1035n_27783e.png,
20250825_173013,tabu_search,107,1035,27783,{},spotify,9057.24,19024.985896000544,True,0,results/20250825_173013/graphs/tabu_search_1035n_27783e.png,
20250825_173013,simulated_annealing,107,1035,27783,{},spotify,9057.24,3705.0146379997386,True,0,results/20250825_173013/graphs/simulated_annealing_1035n_27783e.png,
20250825_173013,genetic,107,1035,27783,{},spotify,9596.1,6926.673629000106,True,0,results/20250825_173013/graphs/genetic_1035n_27783e.png,
20250825_173013,ant_colony_optimization,107,1035,27783,{},spotify,8805.45,111153.18432700042,True,0,results/20250825_173013/graphs/ant_colony_optimization_1035n_27783e.png,
20250825_173013,dominating_set_algorithm,107,1035,27783,{},spotify,8509.48,10.628821999489446,True,0,results/20250825_173013/graphs/dominating_set_algorithm_1035n_27783e.png,
20250825_173013,randomized_algorithm,107,1035,27783,{},spotify,9949.97,5.212236999796005,True,0,results/20250825_173013/graphs/randomized_algorithm_1035n_27783e.png,
