run_id,algorithm,graph,n_nodes,n_edges,graph_params,license_config,total_cost,time_ms,valid,issues,image_path,notes
20250821_010918,simulated_annealing,random,10,9,"{'p': 0.1, 'seed': 42}",roman_domination,7.0,42.62907699740026,True,0,,
20250821_010918,simulated_annealing,random,30,43,"{'p': 0.1, 'seed': 42}",roman_domination,19.0,104.67529699963052,True,0,,
20250821_010918,simulated_annealing,random,50,120,"{'p': 0.1, 'seed': 42}",roman_domination,24.0,98.893931004568,True,0,,
20250821_010918,simulated_annealing,random,70,228,"{'p': 0.1, 'seed': 42}",roman_domination,33.0,137.31458800612018,True,0,,
20250821_010918,simulated_annealing,random,90,380,"{'p': 0.1, 'seed': 42}",roman_domination,34.0,181.2169789991458,True,0,,
20250821_010918,simulated_annealing,random,110,581,"{'p': 0.1, 'seed': 42}",roman_domination,36.0,230.57171099935658,True,0,,
20250821_010918,simulated_annealing,random,130,819,"{'p': 0.1, 'seed': 42}",roman_domination,37.0,293.1221580001875,True,0,,
20250821_010918,simulated_annealing,random,150,1103,"{'p': 0.1, 'seed': 42}",roman_domination,45.0,344.27330999460537,True,0,,
20250821_010918,simulated_annealing,random,170,1395,"{'p': 0.1, 'seed': 42}",roman_domination,44.0,461.7410840000957,True,0,,
20250821_010918,simulated_annealing,random,190,1776,"{'p': 0.1, 'seed': 42}",roman_domination,45.0,471.0490599973127,True,0,,
20250821_010918,simulated_annealing,random,210,2175,"{'p': 0.1, 'seed': 42}",roman_domination,52.0,557.8957600009744,True,0,,
20250821_010918,simulated_annealing,random,230,2619,"{'p': 0.1, 'seed': 42}",roman_domination,48.0,645.0989559962181,True,0,,
20250821_010918,simulated_annealing,random,250,3084,"{'p': 0.1, 'seed': 42}",roman_domination,49.0,589.2274209982133,True,0,,
20250821_010918,simulated_annealing,random,270,3590,"{'p': 0.1, 'seed': 42}",roman_domination,50.0,681.6968629937037,True,0,,
20250821_010918,simulated_annealing,random,290,4163,"{'p': 0.1, 'seed': 42}",roman_domination,53.0,730.9416009957204,True,0,,
20250821_010918,simulated_annealing,random,310,4788,"{'p': 0.1, 'seed': 42}",roman_domination,56.0,828.2112169981701,True,0,,
20250821_010918,simulated_annealing,random,330,5428,"{'p': 0.1, 'seed': 42}",roman_domination,54.0,862.2178069999791,True,0,,
20250821_010918,simulated_annealing,random,350,6131,"{'p': 0.1, 'seed': 42}",roman_domination,52.0,886.9799480016809,True,0,,
20250821_010918,simulated_annealing,random,370,6883,"{'p': 0.1, 'seed': 42}",roman_domination,60.0,912.881012998696,True,0,,
20250821_010918,simulated_annealing,random,390,7676,"{'p': 0.1, 'seed': 42}",roman_domination,51.0,820.8716139997705,True,0,,
20250821_010918,simulated_annealing,random,410,8433,"{'p': 0.1, 'seed': 42}",roman_domination,58.0,952.6808320006239,True,0,,
20250821_010918,simulated_annealing,random,430,9286,"{'p': 0.1, 'seed': 42}",roman_domination,61.0,963.9315660024295,True,0,,
20250821_010918,simulated_annealing,random,450,10158,"{'p': 0.1, 'seed': 42}",roman_domination,55.0,1004.2738310003188,True,0,,
20250821_010918,simulated_annealing,random,470,11119,"{'p': 0.1, 'seed': 42}",roman_domination,59.0,989.5429219977814,True,0,,
20250821_010918,simulated_annealing,random,490,12073,"{'p': 0.1, 'seed': 42}",roman_domination,59.0,1014.4727469960344,True,0,,
20250821_010918,simulated_annealing,random,510,13054,"{'p': 0.1, 'seed': 42}",roman_domination,59.0,1048.3699960022932,True,0,,
20250821_010918,simulated_annealing,random,530,14070,"{'p': 0.1, 'seed': 42}",roman_domination,63.0,1205.9142330035684,True,0,,
20250821_010918,simulated_annealing,random,550,15147,"{'p': 0.1, 'seed': 42}",roman_domination,67.0,1352.959996998834,True,0,,
20250821_010918,simulated_annealing,random,570,16242,"{'p': 0.1, 'seed': 42}",roman_domination,67.0,1313.5841789990081,True,0,,
20250821_010918,simulated_annealing,random,590,17437,"{'p': 0.1, 'seed': 42}",roman_domination,63.0,1293.7516960009816,True,0,,
20250821_010918,simulated_annealing,random,610,18614,"{'p': 0.1, 'seed': 42}",roman_domination,58.0,1395.3348249997362,True,0,,
20250821_010918,simulated_annealing,random,630,19860,"{'p': 0.1, 'seed': 42}",roman_domination,65.0,1454.7254660064937,True,0,,
20250821_010918,simulated_annealing,random,650,21118,"{'p': 0.1, 'seed': 42}",roman_domination,70.0,1497.3351419976098,True,0,,
20250821_010918,simulated_annealing,random,670,22424,"{'p': 0.1, 'seed': 42}",roman_domination,64.0,1402.371732001484,True,0,,
20250821_010918,simulated_annealing,random,690,23815,"{'p': 0.1, 'seed': 42}",roman_domination,63.0,1571.058276000258,True,0,,
20250821_010918,simulated_annealing,random,710,25210,"{'p': 0.1, 'seed': 42}",roman_domination,67.0,1518.342791001487,True,0,,
20250821_010918,simulated_annealing,random,730,26570,"{'p': 0.1, 'seed': 42}",roman_domination,67.0,1630.2206500040484,True,0,,
20250821_010918,simulated_annealing,random,750,28065,"{'p': 0.1, 'seed': 42}",roman_domination,75.0,1685.4481929985923,True,0,,
20250821_010918,simulated_annealing,random,770,29598,"{'p': 0.1, 'seed': 42}",roman_domination,65.0,1586.5167230003863,True,0,,
20250821_010918,simulated_annealing,random,790,31177,"{'p': 0.1, 'seed': 42}",roman_domination,66.0,1759.565278996888,True,0,,
20250821_010918,simulated_annealing,random,810,32778,"{'p': 0.1, 'seed': 42}",roman_domination,66.0,1835.3434330056189,True,0,,
20250821_010918,simulated_annealing,random,830,34379,"{'p': 0.1, 'seed': 42}",roman_domination,70.0,1898.6351620042115,True,0,,
20250821_010918,simulated_annealing,random,850,36107,"{'p': 0.1, 'seed': 42}",roman_domination,69.0,1865.1275420052116,True,0,,
20250821_010918,simulated_annealing,random,870,37776,"{'p': 0.1, 'seed': 42}",roman_domination,68.0,1937.593899005151,True,0,,
20250821_010918,simulated_annealing,random,890,39565,"{'p': 0.1, 'seed': 42}",roman_domination,72.0,1970.6356120004784,True,0,,
20250821_010918,simulated_annealing,random,910,41408,"{'p': 0.1, 'seed': 42}",roman_domination,75.0,2153.4720179988653,True,0,,
20250821_010918,simulated_annealing,random,930,43243,"{'p': 0.1, 'seed': 42}",roman_domination,71.0,2178.2693849963835,True,0,,
20250821_010918,simulated_annealing,random,950,45065,"{'p': 0.1, 'seed': 42}",roman_domination,73.0,2188.0157190025784,True,0,,
20250821_010918,simulated_annealing,random,970,46973,"{'p': 0.1, 'seed': 42}",roman_domination,72.0,2101.09988500335,True,0,,
20250821_010918,simulated_annealing,random,990,48936,"{'p': 0.1, 'seed': 42}",roman_domination,72.0,2070.135970003321,True,0,,
20250821_010918,simulated_annealing,scale_free,10,16,"{'m': 2, 'seed': 42}",roman_domination,4.0,52.81122800079174,True,0,,
20250821_010918,simulated_annealing,scale_free,30,56,"{'m': 2, 'seed': 42}",roman_domination,10.0,78.26442599616712,True,0,,
20250821_010918,simulated_annealing,scale_free,50,96,"{'m': 2, 'seed': 42}",roman_domination,20.0,97.84110199689167,True,0,,
20250821_010918,simulated_annealing,scale_free,70,136,"{'m': 2, 'seed': 42}",roman_domination,27.0,125.82878199464176,True,0,,
20250821_010918,simulated_annealing,scale_free,90,176,"{'m': 2, 'seed': 42}",roman_domination,34.0,162.9149190048338,True,0,,
20250821_010918,simulated_annealing,scale_free,110,216,"{'m': 2, 'seed': 42}",roman_domination,40.0,223.6440010019578,True,0,,
20250821_010918,simulated_annealing,scale_free,130,256,"{'m': 2, 'seed': 42}",roman_domination,48.0,256.7463419982232,True,0,,
20250821_010918,simulated_annealing,scale_free,150,296,"{'m': 2, 'seed': 42}",roman_domination,64.0,327.2227470006328,True,0,,
20250821_010918,simulated_annealing,scale_free,170,336,"{'m': 2, 'seed': 42}",roman_domination,75.0,334.7935720012174,True,0,,
20250821_010918,simulated_annealing,scale_free,190,376,"{'m': 2, 'seed': 42}",roman_domination,86.0,365.5356800009031,True,0,,
20250821_010918,simulated_annealing,scale_free,210,416,"{'m': 2, 'seed': 42}",roman_domination,96.0,400.37760799896205,True,0,,
20250821_010918,simulated_annealing,scale_free,230,456,"{'m': 2, 'seed': 42}",roman_domination,113.0,413.800779999292,True,0,,
20250821_010918,simulated_annealing,scale_free,250,496,"{'m': 2, 'seed': 42}",roman_domination,124.0,454.8891349986661,True,0,,
20250821_010918,simulated_annealing,scale_free,270,536,"{'m': 2, 'seed': 42}",roman_domination,131.0,504.7394470020663,True,0,,
20250821_010918,simulated_annealing,scale_free,290,576,"{'m': 2, 'seed': 42}",roman_domination,141.0,515.9003230000963,True,0,,
20250821_010918,simulated_annealing,scale_free,310,616,"{'m': 2, 'seed': 42}",roman_domination,151.0,576.8261150005856,True,0,,
20250821_010918,simulated_annealing,scale_free,330,656,"{'m': 2, 'seed': 42}",roman_domination,161.0,583.3261509978911,True,0,,
20250821_010918,simulated_annealing,scale_free,350,696,"{'m': 2, 'seed': 42}",roman_domination,171.0,639.3265220031026,True,0,,
20250821_010918,simulated_annealing,scale_free,370,736,"{'m': 2, 'seed': 42}",roman_domination,181.0,699.5468320019427,True,0,,
20250821_010918,simulated_annealing,scale_free,390,776,"{'m': 2, 'seed': 42}",roman_domination,192.0,734.4374189997325,True,0,,
20250821_010918,simulated_annealing,scale_free,410,816,"{'m': 2, 'seed': 42}",roman_domination,201.0,781.1865849944297,True,0,,
20250821_010918,simulated_annealing,scale_free,430,856,"{'m': 2, 'seed': 42}",roman_domination,210.0,809.8937920003664,True,0,,
20250821_010918,simulated_annealing,scale_free,450,896,"{'m': 2, 'seed': 42}",roman_domination,219.0,913.2425930001773,True,0,,
20250821_010918,simulated_annealing,scale_free,470,936,"{'m': 2, 'seed': 42}",roman_domination,231.0,842.6128919963958,True,0,,
20250821_010918,simulated_annealing,scale_free,490,976,"{'m': 2, 'seed': 42}",roman_domination,240.0,868.9939529940602,True,0,,
20250821_010918,simulated_annealing,scale_free,510,1016,"{'m': 2, 'seed': 42}",roman_domination,255.0,896.641728002578,True,0,,
20250821_010918,simulated_annealing,scale_free,530,1056,"{'m': 2, 'seed': 42}",roman_domination,262.0,1017.6939689990832,True,0,,
20250821_010918,simulated_annealing,scale_free,550,1096,"{'m': 2, 'seed': 42}",roman_domination,272.0,1060.686621000059,True,0,,
20250821_010918,simulated_annealing,scale_free,570,1136,"{'m': 2, 'seed': 42}",roman_domination,285.0,1099.410133996571,True,0,,
20250821_010918,simulated_annealing,scale_free,590,1176,"{'m': 2, 'seed': 42}",roman_domination,292.0,1058.047685000929,True,0,,
20250821_010918,simulated_annealing,scale_free,610,1216,"{'m': 2, 'seed': 42}",roman_domination,307.0,1129.7076289993129,True,0,,
20250821_010918,simulated_annealing,scale_free,630,1256,"{'m': 2, 'seed': 42}",roman_domination,319.0,1177.3026890004985,True,0,,
20250821_010918,simulated_annealing,scale_free,650,1296,"{'m': 2, 'seed': 42}",roman_domination,327.0,1112.1621650017914,True,0,,
20250821_010918,simulated_annealing,scale_free,670,1336,"{'m': 2, 'seed': 42}",roman_domination,342.0,1153.6108610016527,True,0,,
20250821_010918,simulated_annealing,scale_free,690,1376,"{'m': 2, 'seed': 42}",roman_domination,351.0,1131.7934609978693,True,0,,
20250821_010918,simulated_annealing,scale_free,710,1416,"{'m': 2, 'seed': 42}",roman_domination,362.0,1210.9853109941469,True,0,,
20250821_010918,simulated_annealing,scale_free,730,1456,"{'m': 2, 'seed': 42}",roman_domination,374.0,1214.4248600015999,True,0,,
20250821_010918,simulated_annealing,scale_free,750,1496,"{'m': 2, 'seed': 42}",roman_domination,379.0,1352.4094790045638,True,0,,
20250821_010918,simulated_annealing,scale_free,770,1536,"{'m': 2, 'seed': 42}",roman_domination,385.0,1330.0893010018626,True,0,,
20250821_010918,simulated_annealing,scale_free,790,1576,"{'m': 2, 'seed': 42}",roman_domination,396.0,1373.5453249973943,True,0,,
20250821_010918,simulated_annealing,scale_free,810,1616,"{'m': 2, 'seed': 42}",roman_domination,408.0,1454.8632799996994,True,0,,
20250821_010918,simulated_annealing,scale_free,830,1656,"{'m': 2, 'seed': 42}",roman_domination,416.0,1501.0102029991685,True,0,,
20250821_010918,simulated_annealing,scale_free,850,1696,"{'m': 2, 'seed': 42}",roman_domination,428.0,1400.3538460019627,True,0,,
20250821_010918,simulated_annealing,scale_free,870,1736,"{'m': 2, 'seed': 42}",roman_domination,439.0,1492.0806450027158,True,0,,
20250821_010918,simulated_annealing,scale_free,890,1776,"{'m': 2, 'seed': 42}",roman_domination,445.0,1472.4867089971667,True,0,,
20250821_010918,simulated_annealing,scale_free,910,1816,"{'m': 2, 'seed': 42}",roman_domination,456.0,1639.0597029967466,True,0,,
20250821_010918,simulated_annealing,scale_free,930,1856,"{'m': 2, 'seed': 42}",roman_domination,469.0,1572.3579789992073,True,0,,
20250821_010918,simulated_annealing,scale_free,950,1896,"{'m': 2, 'seed': 42}",roman_domination,477.0,1601.85411600105,True,0,,
20250821_010918,simulated_annealing,scale_free,970,1936,"{'m': 2, 'seed': 42}",roman_domination,491.0,1546.8737249975675,True,0,,
20250821_010918,simulated_annealing,scale_free,990,1976,"{'m': 2, 'seed': 42}",roman_domination,504.0,1710.7503439983702,True,0,,
20250821_010918,simulated_annealing,small_world,10,30,"{'k': 6, 'p': 0.05, 'seed': 42}",roman_domination,4.0,43.45443100464763,True,0,,
20250821_010918,simulated_annealing,small_world,30,90,"{'k': 6, 'p': 0.05, 'seed': 42}",roman_domination,12.0,83.16887199907796,True,0,,
20250821_010918,simulated_annealing,small_world,50,150,"{'k': 6, 'p': 0.05, 'seed': 42}",roman_domination,18.0,105.83428099926095,True,0,,
20250821_010918,simulated_annealing,small_world,70,210,"{'k': 6, 'p': 0.05, 'seed': 42}",roman_domination,28.0,123.10829200578155,True,0,,
20250821_010918,simulated_annealing,small_world,90,270,"{'k': 6, 'p': 0.05, 'seed': 42}",roman_domination,38.0,145.33846500125946,True,0,,
20250821_010918,simulated_annealing,small_world,110,330,"{'k': 6, 'p': 0.05, 'seed': 42}",roman_domination,45.0,167.3638200009009,True,0,,
20250821_010918,simulated_annealing,small_world,130,390,"{'k': 6, 'p': 0.05, 'seed': 42}",roman_domination,56.0,207.67428899853257,True,0,,
20250821_010918,simulated_annealing,small_world,150,450,"{'k': 6, 'p': 0.05, 'seed': 42}",roman_domination,65.0,233.78118300024653,True,0,,
20250821_010918,simulated_annealing,small_world,170,510,"{'k': 6, 'p': 0.05, 'seed': 42}",roman_domination,70.0,248.6551510010031,True,0,,
20250821_010918,simulated_annealing,small_world,190,570,"{'k': 6, 'p': 0.05, 'seed': 42}",roman_domination,79.0,338.0658800015226,True,0,,
20250821_010918,simulated_annealing,small_world,210,630,"{'k': 6, 'p': 0.05, 'seed': 42}",roman_domination,90.0,335.6728540020413,True,0,,
20250821_010918,simulated_annealing,small_world,230,690,"{'k': 6, 'p': 0.05, 'seed': 42}",roman_domination,94.0,366.1481570015894,True,0,,
20250821_010918,simulated_annealing,small_world,250,750,"{'k': 6, 'p': 0.05, 'seed': 42}",roman_domination,100.0,369.728915997257,True,0,,
20250821_010918,simulated_annealing,small_world,270,810,"{'k': 6, 'p': 0.05, 'seed': 42}",roman_domination,114.0,414.55784600111656,True,0,,
20250821_010918,simulated_annealing,small_world,290,870,"{'k': 6, 'p': 0.05, 'seed': 42}",roman_domination,117.0,480.8685190000688,True,0,,
20250821_010918,simulated_annealing,small_world,310,930,"{'k': 6, 'p': 0.05, 'seed': 42}",roman_domination,123.0,529.2888510011835,True,0,,
20250821_010918,simulated_annealing,small_world,330,990,"{'k': 6, 'p': 0.05, 'seed': 42}",roman_domination,137.0,536.415227004909,True,0,,
20250821_010918,simulated_annealing,small_world,350,1050,"{'k': 6, 'p': 0.05, 'seed': 42}",roman_domination,147.0,600.3564659986296,True,0,,
20250821_010918,simulated_annealing,small_world,370,1110,"{'k': 6, 'p': 0.05, 'seed': 42}",roman_domination,155.0,649.3662840002798,True,0,,
20250821_010918,simulated_annealing,small_world,390,1170,"{'k': 6, 'p': 0.05, 'seed': 42}",roman_domination,157.0,679.1307259991299,True,0,,
20250821_010918,simulated_annealing,small_world,410,1230,"{'k': 6, 'p': 0.05, 'seed': 42}",roman_domination,175.0,687.5065079948399,True,0,,
20250821_010918,simulated_annealing,small_world,430,1290,"{'k': 6, 'p': 0.05, 'seed': 42}",roman_domination,183.0,771.9135049992474,True,0,,
20250821_010918,simulated_annealing,small_world,450,1350,"{'k': 6, 'p': 0.05, 'seed': 42}",roman_domination,189.0,819.2978699953528,True,0,,
20250821_010918,simulated_annealing,small_world,470,1410,"{'k': 6, 'p': 0.05, 'seed': 42}",roman_domination,197.0,821.8338939987007,True,0,,
20250821_010918,simulated_annealing,small_world,490,1470,"{'k': 6, 'p': 0.05, 'seed': 42}",roman_domination,206.0,889.8393769995891,True,0,,
20250821_010918,simulated_annealing,small_world,510,1530,"{'k': 6, 'p': 0.05, 'seed': 42}",roman_domination,207.0,914.6999290023814,True,0,,
20250821_010918,simulated_annealing,small_world,530,1590,"{'k': 6, 'p': 0.05, 'seed': 42}",roman_domination,225.0,904.7980909963371,True,0,,
20250821_010918,simulated_annealing,small_world,550,1650,"{'k': 6, 'p': 0.05, 'seed': 42}",roman_domination,239.0,1047.0720110024558,True,0,,
20250821_010918,simulated_annealing,small_world,570,1710,"{'k': 6, 'p': 0.05, 'seed': 42}",roman_domination,250.0,967.4542880020454,True,0,,
20250821_010918,simulated_annealing,small_world,590,1770,"{'k': 6, 'p': 0.05, 'seed': 42}",roman_domination,254.0,1062.3778730005142,True,0,,
20250821_010918,simulated_annealing,small_world,610,1830,"{'k': 6, 'p': 0.05, 'seed': 42}",roman_domination,264.0,1120.5698140038294,True,0,,
20250821_010918,simulated_annealing,small_world,630,1890,"{'k': 6, 'p': 0.05, 'seed': 42}",roman_domination,265.0,1073.9086690009572,True,0,,
20250821_010918,simulated_annealing,small_world,650,1950,"{'k': 6, 'p': 0.05, 'seed': 42}",roman_domination,275.0,1245.863170006487,True,0,,
20250821_010918,simulated_annealing,small_world,670,2010,"{'k': 6, 'p': 0.05, 'seed': 42}",roman_domination,285.0,1233.9496349959518,True,0,,
20250821_010918,simulated_annealing,small_world,690,2070,"{'k': 6, 'p': 0.05, 'seed': 42}",roman_domination,288.0,1242.6040030040895,True,0,,
20250821_010918,simulated_annealing,small_world,710,2130,"{'k': 6, 'p': 0.05, 'seed': 42}",roman_domination,301.0,1227.2279820026597,True,0,,
20250821_010918,simulated_annealing,small_world,730,2190,"{'k': 6, 'p': 0.05, 'seed': 42}",roman_domination,308.0,1347.9883170002722,True,0,,
20250821_010918,simulated_annealing,small_world,750,2250,"{'k': 6, 'p': 0.05, 'seed': 42}",roman_domination,321.0,1314.711865998106,True,0,,
20250821_010918,simulated_annealing,small_world,770,2310,"{'k': 6, 'p': 0.05, 'seed': 42}",roman_domination,317.0,1355.4735840007197,True,0,,
20250821_010918,simulated_annealing,small_world,790,2370,"{'k': 6, 'p': 0.05, 'seed': 42}",roman_domination,331.0,1429.7779309999896,True,0,,
20250821_010918,simulated_annealing,small_world,810,2430,"{'k': 6, 'p': 0.05, 'seed': 42}",roman_domination,347.0,1478.5206399974413,True,0,,
20250821_010918,simulated_annealing,small_world,830,2490,"{'k': 6, 'p': 0.05, 'seed': 42}",roman_domination,350.0,1370.823115001258,True,0,,
20250821_010918,simulated_annealing,small_world,850,2550,"{'k': 6, 'p': 0.05, 'seed': 42}",roman_domination,358.0,1469.8765220018686,True,0,,
20250821_010918,simulated_annealing,small_world,870,2610,"{'k': 6, 'p': 0.05, 'seed': 42}",roman_domination,371.0,1490.3824439970776,True,0,,
20250821_010918,simulated_annealing,small_world,890,2670,"{'k': 6, 'p': 0.05, 'seed': 42}",roman_domination,372.0,1498.1238479958847,True,0,,
20250821_010918,simulated_annealing,small_world,910,2730,"{'k': 6, 'p': 0.05, 'seed': 42}",roman_domination,370.0,1736.0297980048927,True,0,,
20250821_010918,simulated_annealing,small_world,930,2790,"{'k': 6, 'p': 0.05, 'seed': 42}",roman_domination,395.0,1740.5321519981953,True,0,,
20250821_010918,simulated_annealing,small_world,950,2850,"{'k': 6, 'p': 0.05, 'seed': 42}",roman_domination,398.0,1809.4923759999801,True,0,,
20250821_010918,simulated_annealing,small_world,970,2910,"{'k': 6, 'p': 0.05, 'seed': 42}",roman_domination,404.0,1739.18695699831,True,0,,
20250821_010918,simulated_annealing,small_world,990,2970,"{'k': 6, 'p': 0.05, 'seed': 42}",roman_domination,416.0,1958.7730810017092,True,0,,
