run_id,algorithm,graph,n_nodes,n_edges,graph_params,license_config,total_cost,time_ms,valid,issues,image_path,notes
20250825_174015,greedy,3980,53,198,{},roman_domination,2.0,0.05977000000711996,True,0,results/20250825_174015/graphs/greedy_53n_198e.png,
20250825_174015,tabu_search,3980,53,198,{},roman_domination,2.0,1.0267289999319473,True,0,results/20250825_174015/graphs/tabu_search_53n_198e.png,
20250825_174015,simulated_annealing,3980,53,198,{},roman_domination,2.0,177.99507299969264,True,0,results/20250825_174015/graphs/simulated_annealing_53n_198e.png,
20250825_174015,genetic,3980,53,198,{},roman_domination,2.0,334.9216209999213,True,0,results/20250825_174015/graphs/genetic_53n_198e.png,
20250825_174015,ant_colony_optimization,3980,53,198,{},roman_domination,2.0,102.11962700032018,True,0,results/20250825_174015/graphs/ant_colony_optimization_53n_198e.png,
20250825_174015,dominating_set_algorithm,3980,53,198,{},roman_domination,2.0,0.23902700013422873,True,0,results/20250825_174015/graphs/dominating_set_algorithm_53n_198e.png,
20250825_174015,randomized_algorithm,3980,53,198,{},roman_domination,28.0,0.13952200060884934,True,0,results/20250825_174015/graphs/randomized_algorithm_53n_198e.png,
20250825_174015,greedy,698,62,331,{},roman_domination,2.0,0.06527899950015126,True,0,results/20250825_174015/graphs/greedy_62n_331e.png,
20250825_174015,tabu_search,698,62,331,{},roman_domination,2.0,0.9933189994626446,True,0,results/20250825_174015/graphs/tabu_search_62n_331e.png,
20250825_174015,simulated_annealing,698,62,331,{},roman_domination,2.0,200.93564800026797,True,0,results/20250825_174015/graphs/simulated_annealing_62n_331e.png,
20250825_174015,genetic,698,62,331,{},roman_domination,2.0,361.7369920002602,True,0,results/20250825_174015/graphs/genetic_62n_331e.png,
20250825_174015,ant_colony_optimization,698,62,331,{},roman_domination,2.0,117.84455100041669,True,0,results/20250825_174015/graphs/ant_colony_optimization_62n_331e.png,
20250825_174015,dominating_set_algorithm,698,62,331,{},roman_domination,2.0,0.32924300012382446,True,0,results/20250825_174015/graphs/dominating_set_algorithm_62n_331e.png,
20250825_174015,randomized_algorithm,698,62,331,{},roman_domination,25.0,0.19900400002370588,True,0,results/20250825_174015/graphs/randomized_algorithm_62n_331e.png,
20250825_174015,greedy,414,151,1843,{},roman_domination,2.0,0.11672199980239384,True,0,results/20250825_174015/graphs/greedy_151n_1843e.png,
20250825_174015,tabu_search,414,151,1843,{},roman_domination,2.0,1.4623239994762116,True,0,results/20250825_174015/graphs/tabu_search_151n_1843e.png,
20250825_174015,simulated_annealing,414,151,1843,{},roman_domination,2.0,444.11534299979394,True,0,results/20250825_174015/graphs/simulated_annealing_151n_1843e.png,
20250825_174015,genetic,414,151,1843,{},roman_domination,2.0,814.5725960002892,True,0,results/20250825_174015/graphs/genetic_151n_1843e.png,
20250825_174015,ant_colony_optimization,414,151,1843,{},roman_domination,2.0,286.43703299985646,True,0,results/20250825_174015/graphs/ant_colony_optimization_151n_1843e.png,
20250825_174015,dominating_set_algorithm,414,151,1843,{},roman_domination,2.0,1.337405999947805,True,0,results/20250825_174015/graphs/dominating_set_algorithm_151n_1843e.png,
20250825_174015,randomized_algorithm,414,151,1843,{},roman_domination,56.0,0.6771199996364885,True,0,results/20250825_174015/graphs/randomized_algorithm_151n_1843e.png,
20250825_174015,greedy,686,169,1824,{},roman_domination,2.0,0.11474100028863177,True,0,results/20250825_174015/graphs/greedy_169n_1824e.png,
20250825_174015,tabu_search,686,169,1824,{},roman_domination,2.0,1.766209999914281,True,0,results/20250825_174015/graphs/tabu_search_169n_1824e.png,
20250825_174015,simulated_annealing,686,169,1824,{},roman_domination,2.0,467.4658800004181,True,0,results/20250825_174015/graphs/simulated_annealing_169n_1824e.png,
20250825_174015,genetic,686,169,1824,{},roman_domination,14.0,840.1219580000543,True,0,results/20250825_174015/graphs/genetic_169n_1824e.png,
20250825_174015,ant_colony_optimization,686,169,1824,{},roman_domination,2.0,339.24591899994994,True,0,results/20250825_174015/graphs/ant_colony_optimization_169n_1824e.png,
20250825_174015,dominating_set_algorithm,686,169,1824,{},roman_domination,2.0,1.5005020004537073,True,0,results/20250825_174015/graphs/dominating_set_algorithm_169n_1824e.png,
20250825_174015,randomized_algorithm,686,169,1824,{},roman_domination,72.0,0.4981129995940137,True,0,results/20250825_174015/graphs/randomized_algorithm_169n_1824e.png,
20250825_174015,greedy,348,225,3416,{},roman_domination,2.0,0.15207600063149584,True,0,results/20250825_174015/graphs/greedy_225n_3416e.png,
20250825_174015,tabu_search,348,225,3416,{},roman_domination,2.0,2.9640940001627314,True,0,results/20250825_174015/graphs/tabu_search_225n_3416e.png,
20250825_174015,simulated_annealing,348,225,3416,{},roman_domination,2.0,617.6891459999752,True,0,results/20250825_174015/graphs/simulated_annealing_225n_3416e.png,
20250825_174015,genetic,348,225,3416,{},roman_domination,2.0,1157.5547590000497,True,0,results/20250825_174015/graphs/genetic_225n_3416e.png,
20250825_174015,ant_colony_optimization,348,225,3416,{},roman_domination,2.0,450.93135600018286,True,0,results/20250825_174015/graphs/ant_colony_optimization_225n_3416e.png,
20250825_174015,dominating_set_algorithm,348,225,3416,{},roman_domination,2.0,2.603515999908268,True,0,results/20250825_174015/graphs/dominating_set_algorithm_225n_3416e.png,
20250825_174015,randomized_algorithm,348,225,3416,{},roman_domination,70.0,0.8038089999899967,True,0,results/20250825_174015/graphs/randomized_algorithm_225n_3416e.png,
20250825_174015,greedy,0,334,2852,{},roman_domination,2.0,0.21851299970876426,True,0,results/20250825_174015/graphs/greedy_334n_2852e.png,
20250825_174015,tabu_search,0,334,2852,{},roman_domination,2.0,3.9518190005765064,True,0,results/20250825_174015/graphs/tabu_search_334n_2852e.png,
20250825_174015,simulated_annealing,0,334,2852,{},roman_domination,2.0,905.9284619997925,True,0,results/20250825_174015/graphs/simulated_annealing_334n_2852e.png,
20250825_174015,genetic,0,334,2852,{},roman_domination,110.0,1625.7256729995788,True,0,results/20250825_174015/graphs/genetic_334n_2852e.png,
20250825_174015,ant_colony_optimization,0,334,2852,{},roman_domination,2.0,795.1900400003069,True,0,results/20250825_174015/graphs/ant_colony_optimization_334n_2852e.png,
20250825_174015,dominating_set_algorithm,0,334,2852,{},roman_domination,2.0,4.827590999411768,True,0,results/20250825_174015/graphs/dominating_set_algorithm_334n_2852e.png,
20250825_174015,randomized_algorithm,0,334,2852,{},roman_domination,152.0,1.070891999916057,True,0,results/20250825_174015/graphs/randomized_algorithm_334n_2852e.png,
20250825_174015,greedy,3437,535,5347,{},roman_domination,2.0,0.31951900018611923,True,0,results/20250825_174015/graphs/greedy_535n_5347e.png,
20250825_174015,tabu_search,3437,535,5347,{},roman_domination,2.0,6.0129989997221855,True,0,results/20250825_174015/graphs/tabu_search_535n_5347e.png,
20250825_174015,simulated_annealing,3437,535,5347,{},roman_domination,2.0,1421.723125000426,True,0,results/20250825_174015/graphs/simulated_annealing_535n_5347e.png,
20250825_174015,genetic,3437,535,5347,{},roman_domination,168.0,2578.1648970005335,True,0,results/20250825_174015/graphs/genetic_535n_5347e.png,
20250825_174015,ant_colony_optimization,3437,535,5347,{},roman_domination,2.0,1268.5647309999695,True,0,results/20250825_174015/graphs/ant_colony_optimization_535n_5347e.png,
20250825_174015,dominating_set_algorithm,3437,535,5347,{},roman_domination,2.0,13.783712999611453,True,0,results/20250825_174015/graphs/dominating_set_algorithm_535n_5347e.png,
20250825_174015,randomized_algorithm,3437,535,5347,{},roman_domination,205.0,2.596821000224736,True,0,results/20250825_174015/graphs/randomized_algorithm_535n_5347e.png,
20250825_174015,greedy,1912,748,30772,{},roman_domination,2.0,0.42617700000846526,True,0,results/20250825_174015/graphs/greedy_748n_30772e.png,
20250825_174015,tabu_search,1912,748,30772,{},roman_domination,2.0,9.197153999593866,True,0,results/20250825_174015/graphs/tabu_search_748n_30772e.png,
20250825_174015,simulated_annealing,1912,748,30772,{},roman_domination,2.0,2138.4227839998857,True,0,results/20250825_174015/graphs/simulated_annealing_748n_30772e.png,
20250825_174015,genetic,1912,748,30772,{},roman_domination,96.0,3696.4064849998977,True,0,results/20250825_174015/graphs/genetic_748n_30772e.png,
20250825_174015,ant_colony_optimization,1912,748,30772,{},roman_domination,2.0,1738.67531399992,True,0,results/20250825_174015/graphs/ant_colony_optimization_748n_30772e.png,
20250825_174015,dominating_set_algorithm,1912,748,30772,{},roman_domination,2.0,29.278537000209326,True,0,results/20250825_174015/graphs/dominating_set_algorithm_748n_30772e.png,
20250825_174015,randomized_algorithm,1912,748,30772,{},roman_domination,165.0,6.349633999889193,True,0,results/20250825_174015/graphs/randomized_algorithm_748n_30772e.png,
20250825_174015,greedy,1684,787,14810,{},roman_domination,2.0,0.4480320003494853,True,0,results/20250825_174015/graphs/greedy_787n_14810e.png,
20250825_174015,tabu_search,1684,787,14810,{},roman_domination,2.0,10.70530300057726,True,0,results/20250825_174015/graphs/tabu_search_787n_14810e.png,
20250825_174015,simulated_annealing,1684,787,14810,{},roman_domination,2.0,2183.4107539998513,True,0,results/20250825_174015/graphs/simulated_annealing_787n_14810e.png,
20250825_174015,genetic,1684,787,14810,{},roman_domination,180.0,3711.182592000114,True,0,results/20250825_174015/graphs/genetic_787n_14810e.png,
20250825_174015,ant_colony_optimization,1684,787,14810,{},roman_domination,2.0,2141.4324770003077,True,0,results/20250825_174015/graphs/ant_colony_optimization_787n_14810e.png,
20250825_174015,dominating_set_algorithm,1684,787,14810,{},roman_domination,2.0,28.453267999793752,True,0,results/20250825_174015/graphs/dominating_set_algorithm_787n_14810e.png,
20250825_174015,randomized_algorithm,1684,787,14810,{},roman_domination,242.0,4.491691000112041,True,0,results/20250825_174015/graphs/randomized_algorithm_787n_14810e.png,
20250825_174015,greedy,107,1035,27783,{},roman_domination,38.0,0.6745170003341627,True,0,results/20250825_174015/graphs/greedy_1035n_27783e.png,
20250825_174015,tabu_search,107,1035,27783,{},roman_domination,38.0,10.653635000380746,True,0,results/20250825_174015/graphs/tabu_search_1035n_27783e.png,
20250825_174015,simulated_annealing,107,1035,27783,{},roman_domination,36.0,2195.3266939999594,True,0,results/20250825_174015/graphs/simulated_annealing_1035n_27783e.png,
20250825_174015,genetic,107,1035,27783,{},roman_domination,166.0,4503.451528000369,True,0,results/20250825_174015/graphs/genetic_1035n_27783e.png,
20250825_174015,ant_colony_optimization,107,1035,27783,{},roman_domination,38.0,3720.720280000023,True,0,results/20250825_174015/graphs/ant_colony_optimization_1035n_27783e.png,
20250825_174015,dominating_set_algorithm,107,1035,27783,{},roman_domination,27.0,54.63738900016324,True,0,results/20250825_174015/graphs/dominating_set_algorithm_1035n_27783e.png,
20250825_174015,randomized_algorithm,107,1035,27783,{},roman_domination,301.0,7.426564999150287,True,0,results/20250825_174015/graphs/randomized_algorithm_1035n_27783e.png,
