,license_config,algorithm,metric,count,mean,std,min,max
0,duolingo_p_2,Algorytm genetyczny,time_s,24,0.47341663045790483,0.33159894281257324,0.09993353000027128,1.225781156004814
1,duolingo_p_2,Algorytm genetyczny,total_cost,24,47.16666666666668,37.36036805826832,8.000000000000002,136.00000000000003
2,duolingo_p_2,Algorytm genetyczny,cost_per_node,24,0.5177083333333335,0.1132425174288491,0.40000000000000013,0.7500000000000002
3,duolingo_p_2,Algorytm genetyczny,license_group,24,18.375,13.4965776660475,3.0,41.0
4,duolingo_p_2,Algorytm genetyczny,license_individual,24,10.416666666666666,16.10810400055679,0.0,60.0
5,duolingo_p_2,Algorytm losowy,time_s,24,0.0006117627487280212,0.0003405424857315132,0.0002447789956931956,0.0013422330011962913
6,duolingo_p_2,Algorytm losowy,total_cost,24,71.37500000000001,51.95299924388181,15.000000000000004,177.00000000000003
7,duolingo_p_2,Algorytm losowy,cost_per_node,24,0.8052083333333334,0.10346685214479868,0.6300000000000001,1.0000000000000002
8,duolingo_p_2,Algorytm losowy,license_group,24,19.916666666666668,13.934369977385654,2.0,48.0
9,duolingo_p_2,Algorytm losowy,license_individual,24,31.541666666666668,27.03295760921193,6.0,104.0
10,duolingo_p_2,Algorytm mrówkowy,time_s,24,2.0912559568320526,2.3500254348451617,0.10328436499548845,7.721553998999298
11,duolingo_p_2,Algorytm mrówkowy,total_cost,24,45.33333333333334,34.89819562629299,8.000000000000002,126.00000000000003
12,duolingo_p_2,Algorytm mrówkowy,cost_per_node,24,0.5054166666666667,0.1111297387767096,0.3850000000000001,0.7500000000000002
13,duolingo_p_2,Algorytm mrówkowy,license_group,24,17.208333333333332,12.812966145638384,3.0,40.0
14,duolingo_p_2,Algorytm mrówkowy,license_individual,24,10.916666666666666,15.027269897746237,0.0,60.0
15,duolingo_p_2,Algorytm zachłanny,time_s,24,0.0005925546665821457,0.00031434457590262944,0.0002480270050000399,0.001252419999218546
16,duolingo_p_2,Algorytm zachłanny,total_cost,24,50.08333333333334,38.16430914812456,8.000000000000002,136.00000000000003
17,duolingo_p_2,Algorytm zachłanny,cost_per_node,24,0.5587500000000002,0.1146189338634765,0.40000000000000013,0.7500000000000002
18,duolingo_p_2,Algorytm zachłanny,license_group,24,19.041666666666668,14.308644898821822,3.0,45.0
19,duolingo_p_2,Algorytm zachłanny,license_individual,24,12.0,16.119121779939555,0.0,60.0
20,duolingo_p_2,Przeszukiwanie tabu,time_s,24,1.3598072407506454,0.960078679976667,0.01290236500062747,3.7768085720017552
21,duolingo_p_2,Przeszukiwanie tabu,total_cost,24,46.25000000000001,38.67506780298152,8.000000000000002,136.00000000000003
22,duolingo_p_2,Przeszukiwanie tabu,cost_per_node,24,0.4922916666666668,0.1196278574386515,0.36000000000000004,0.7500000000000002
23,duolingo_p_2,Przeszukiwanie tabu,license_group,24,18.916666666666668,13.946845261693529,3.0,45.0
24,duolingo_p_2,Przeszukiwanie tabu,license_individual,24,8.416666666666666,17.082705891623558,0.0,60.0
25,duolingo_p_2,Solver ILP,time_s,16,0.9521858141870325,1.1218934054444438,0.01803649299836252,3.7321125979942735
26,duolingo_p_2,Solver ILP,total_cost,16,28.625000000000007,23.798809494034224,8.000000000000002,84.00000000000001
27,duolingo_p_2,Solver ILP,cost_per_node,16,0.43593750000000014,0.10800028935146427,0.3400000000000001,0.7500000000000002
28,duolingo_p_2,Solver ILP,license_group,16,13.3125,11.175680441625616,4.0,39.0
29,duolingo_p_2,Solver ILP,license_individual,16,2.0,2.2211108331943574,0.0,6.0
30,duolingo_p_2,Wyżarzanie symulowane,time_s,24,0.32056772883333906,0.2321272104770209,0.079369893996045,0.889012734995049
31,duolingo_p_2,Wyżarzanie symulowane,total_cost,24,49.16666666666668,38.80460154993575,8.000000000000002,136.00000000000003
32,duolingo_p_2,Wyżarzanie symulowane,cost_per_node,24,0.5341666666666668,0.1146418493534905,0.36000000000000004,0.7500000000000002
33,duolingo_p_2,Wyżarzanie symulowane,license_group,24,19.583333333333332,13.95307872109598,4.0,45.0
34,duolingo_p_2,Wyżarzanie symulowane,license_individual,24,10.0,16.74099368511969,0.0,60.0
35,duolingo_p_2,Zbiór dominujący,time_s,24,0.002673965957304366,0.0030732032437483115,0.0003247619970352389,0.011923310994461644
36,duolingo_p_2,Zbiór dominujący,total_cost,24,48.37500000000001,38.16646889386137,8.000000000000002,141.00000000000003
37,duolingo_p_2,Zbiór dominujący,cost_per_node,24,0.5435416666666667,0.1279306806750086,0.3900000000000001,0.7500000000000002
38,duolingo_p_2,Zbiór dominujący,license_group,24,14.041666666666666,10.964286557279728,2.0,34.0
39,duolingo_p_2,Zbiór dominujący,license_individual,24,20.291666666666668,24.324757770216543,2.0,93.0
40,duolingo_p_4,Algorytm genetyczny,time_s,24,0.578515375374991,0.3973451831787068,0.12588711800344754,1.4071639830071945
41,duolingo_p_4,Algorytm genetyczny,total_cost,24,72.41666666666669,54.79282455931988,14.000000000000005,176.00000000000006
42,duolingo_p_4,Algorytm genetyczny,cost_per_node,24,0.7897916666666669,0.07111654804472099,0.7000000000000002,0.9500000000000003
43,duolingo_p_4,Algorytm genetyczny,license_group,24,11.375,9.788247167327542,2.0,31.0
44,duolingo_p_4,Algorytm genetyczny,license_individual,24,26.916666666666668,27.526930160444174,2.0,108.0
45,duolingo_p_4,Algorytm losowy,time_s,24,0.0009772845420836045,0.0011773507899852957,0.0004467139951884746,0.006304555005044676
46,duolingo_p_4,Algorytm losowy,total_cost,24,111.20833333333337,78.87192654615109,23.000000000000007,259.0000000000001
47,duolingo_p_4,Algorytm losowy,cost_per_node,24,1.245208333333334,0.11982305039430896,1.0200000000000005,1.5200000000000005
48,duolingo_p_4,Algorytm losowy,license_group,24,19.916666666666668,13.934369977385654,2.0,48.0
49,duolingo_p_4,Algorytm losowy,license_individual,24,31.541666666666668,27.03295760921193,6.0,104.0
50,duolingo_p_4,Algorytm mrówkowy,time_s,24,2.629575413917337,3.1396880424711053,0.14929792200564407,11.074854821999908
51,duolingo_p_4,Algorytm mrówkowy,total_cost,24,73.75000000000001,55.58248864056254,14.000000000000005,174.00000000000006
52,duolingo_p_4,Algorytm mrówkowy,cost_per_node,24,0.799791666666667,0.06599537478303785,0.7000000000000002,0.9500000000000003
53,duolingo_p_4,Algorytm mrówkowy,license_group,24,13.208333333333334,11.594523319847728,2.0,38.0
54,duolingo_p_4,Algorytm mrówkowy,license_individual,24,20.916666666666668,25.800095494711485,1.0,98.0
55,duolingo_p_4,Algorytm zachłanny,time_s,24,0.000623007917056384,0.0003156316930606929,0.0002604740002425387,0.0013598189980257305
56,duolingo_p_4,Algorytm zachłanny,total_cost,24,76.7916666666667,56.97671466917652,15.000000000000005,177.00000000000006
57,duolingo_p_4,Algorytm zachłanny,cost_per_node,24,0.8395833333333337,0.06143070798922943,0.7400000000000002,0.9500000000000003
58,duolingo_p_4,Algorytm zachłanny,license_group,24,12.416666666666666,10.578553639389899,2.0,35.0
59,duolingo_p_4,Algorytm zachłanny,license_individual,24,27.125,28.098139347341288,3.0,109.0
60,duolingo_p_4,Przeszukiwanie tabu,time_s,24,1.266734083749725,1.1278787494376539,0.00169301699497737,4.450443695001013
61,duolingo_p_4,Przeszukiwanie tabu,total_cost,24,73.87500000000001,57.08141592040498,14.000000000000005,177.00000000000006
62,duolingo_p_4,Przeszukiwanie tabu,cost_per_node,24,0.7881250000000003,0.08468371461939503,0.6800000000000003,0.9500000000000003
63,duolingo_p_4,Przeszukiwanie tabu,license_group,24,12.458333333333334,10.496289889731292,2.0,35.0
64,duolingo_p_4,Przeszukiwanie tabu,license_individual,24,24.041666666666668,29.162929367183988,2.0,109.0
65,duolingo_p_4,Solver ILP,time_s,16,0.4906134752482103,0.5824493003006378,0.011970988001849037,1.7507857539967515
66,duolingo_p_4,Solver ILP,total_cost,16,47.00000000000002,43.77670613465569,14.000000000000005,149.00000000000006
67,duolingo_p_4,Solver ILP,cost_per_node,16,0.7409375000000002,0.07010037446404979,0.6800000000000003,0.9500000000000003
68,duolingo_p_4,Solver ILP,license_group,16,9.3125,8.799384448168329,2.0,31.0
69,duolingo_p_4,Solver ILP,license_individual,16,9.75,9.909591313469996,2.0,37.0
70,duolingo_p_4,Wyżarzanie symulowane,time_s,24,0.3817383931245786,0.29725466328818506,0.09374120800202944,1.056953257000714
71,duolingo_p_4,Wyżarzanie symulowane,total_cost,24,76.20833333333336,57.40548312446839,14.000000000000005,177.00000000000006
72,duolingo_p_4,Wyżarzanie symulowane,cost_per_node,24,0.825416666666667,0.07006079140827363,0.6800000000000003,0.9500000000000003
73,duolingo_p_4,Wyżarzanie symulowane,license_group,24,12.416666666666666,10.578553639389899,2.0,35.0
74,duolingo_p_4,Wyżarzanie symulowane,license_individual,24,26.541666666666668,28.57785577295312,0.0,109.0
75,duolingo_p_4,Zbiór dominujący,time_s,24,0.002739474167356093,0.002639297646302091,0.0003292109977337532,0.008313961996464059
76,duolingo_p_4,Zbiór dominujący,total_cost,24,73.33333333333336,54.567602003439724,14.000000000000005,180.00000000000006
77,duolingo_p_4,Zbiór dominujący,cost_per_node,24,0.8091666666666669,0.08188893149534487,0.7000000000000002,0.9500000000000003
78,duolingo_p_4,Zbiór dominujący,license_group,24,10.416666666666666,9.694986004280171,1.0,31.0
79,duolingo_p_4,Zbiór dominujący,license_individual,24,31.666666666666668,33.67706827406792,2.0,132.0
80,duolingo_p_5,Algorytm genetyczny,time_s,24,0.6255690031672808,0.4259278079761688,0.12198631600040244,1.4960677830022178
81,duolingo_p_5,Algorytm genetyczny,total_cost,24,83.3749999999999,62.64170891388712,16.999999999999982,189.9999999999998
82,duolingo_p_5,Algorytm genetyczny,cost_per_node,24,0.906249999999999,0.040439165260382395,0.8499999999999991,0.9999999999999989
83,duolingo_p_5,Algorytm genetyczny,license_group,24,9.541666666666666,8.612322651252413,1.0,28.0
84,duolingo_p_5,Algorytm genetyczny,license_individual,24,35.666666666666664,32.57722152545918,2.0,125.0
85,duolingo_p_5,Algorytm losowy,time_s,24,0.0006583024996871245,0.0002805032338184956,0.0003457120037637651,0.001173610995465424
86,duolingo_p_5,Algorytm losowy,total_cost,24,131.12499999999986,92.54249905008382,25.99999999999997,299.99999999999966
87,duolingo_p_5,Algorytm losowy,cost_per_node,24,1.465208333333332,0.1486349421047847,1.2049999999999987,1.819999999999998
88,duolingo_p_5,Algorytm losowy,license_group,24,19.916666666666668,13.934369977385654,2.0,48.0
89,duolingo_p_5,Algorytm losowy,license_individual,24,31.541666666666668,27.03295760921193,6.0,104.0
90,duolingo_p_5,Algorytm mrówkowy,time_s,24,3.054955961875445,3.6573957821967555,0.1366449979977915,13.390821086999496
91,duolingo_p_5,Algorytm mrówkowy,total_cost,24,83.66666666666657,62.699883271971345,16.999999999999982,187.9999999999998
92,duolingo_p_5,Algorytm mrówkowy,cost_per_node,24,0.9089583333333323,0.0382207309632131,0.8499999999999991,0.9999999999999989
93,duolingo_p_5,Algorytm mrówkowy,license_group,24,10.083333333333334,8.982672530884193,1.0,30.0
94,duolingo_p_5,Algorytm mrówkowy,license_individual,24,33.25,30.402016523507978,2.0,122.0
95,duolingo_p_5,Algorytm zachłanny,time_s,24,0.0006708960839508412,0.00034473335882745566,0.0003120809997199103,0.0016795670017017983
96,duolingo_p_5,Algorytm zachłanny,total_cost,24,85.33333333333324,63.760875741808235,17.99999999999998,190.9999999999998
97,duolingo_p_5,Algorytm zachłanny,cost_per_node,24,0.9285416666666656,0.030484463850162773,0.874999999999999,0.9999999999999989
98,duolingo_p_5,Algorytm zachłanny,license_group,24,9.291666666666666,8.497975035862657,1.0,28.0
99,duolingo_p_5,Algorytm zachłanny,license_individual,24,38.875,32.73917013104586,3.0,124.0
100,duolingo_p_5,Przeszukiwanie tabu,time_s,24,1.1459008634161971,1.3855972963038679,0.0009789679970708676,5.080628087998775
101,duolingo_p_5,Przeszukiwanie tabu,total_cost,24,84.3749999999999,63.662706645188244,16.999999999999982,190.9999999999998
102,duolingo_p_5,Przeszukiwanie tabu,cost_per_node,24,0.911249999999999,0.0435702830518392,0.8499999999999991,0.9999999999999989
103,duolingo_p_5,Przeszukiwanie tabu,license_group,24,9.458333333333334,8.500532805125482,1.0,29.0
104,duolingo_p_5,Przeszukiwanie tabu,license_individual,24,37.083333333333336,33.743168927582396,2.0,124.0
105,duolingo_p_5,Solver ILP,time_s,18,2.732172192332655,6.739174640142284,0.01907500199740753,26.58864093099692
106,duolingo_p_5,Solver ILP,total_cost,18,58.94444444444438,49.67597622975395,16.999999999999982,175.9999999999998
107,duolingo_p_5,Solver ILP,cost_per_node,18,0.872499999999999,0.04236570477610949,0.8399999999999991,0.9999999999999989
108,duolingo_p_5,Solver ILP,license_group,18,9.333333333333334,7.592566023652966,1.0,27.0
109,duolingo_p_5,Solver ILP,license_individual,18,12.277777777777779,14.76803207072053,2.0,51.0
110,duolingo_p_5,Wyżarzanie symulowane,time_s,24,0.38820325245887943,0.29971299214028485,0.0755592310015345,1.0945751760009443
111,duolingo_p_5,Wyżarzanie symulowane,total_cost,24,85.1249999999999,63.93224164487838,16.999999999999982,190.9999999999998
112,duolingo_p_5,Wyżarzanie symulowane,cost_per_node,24,0.921874999999999,0.03661825691005008,0.8499999999999991,0.9999999999999989
113,duolingo_p_5,Wyżarzanie symulowane,license_group,24,9.541666666666666,8.387253095784914,1.0,28.0
114,duolingo_p_5,Wyżarzanie symulowane,license_individual,24,37.416666666666664,33.92692488104482,0.0,124.0
115,duolingo_p_5,Zbiór dominujący,time_s,24,0.0032833258746904903,0.0031697970453471564,0.0004586469949572347,0.010422903003927786
116,duolingo_p_5,Zbiór dominujący,total_cost,24,83.66666666666657,62.36544937192636,16.999999999999982,189.9999999999998
117,duolingo_p_5,Zbiór dominujący,cost_per_node,24,0.9127083333333322,0.040753211841060025,0.8499999999999991,0.9999999999999989
118,duolingo_p_5,Zbiór dominujący,license_group,24,8.833333333333334,8.716135295688888,0.0,27.0
119,duolingo_p_5,Zbiór dominujący,license_individual,24,39.5,35.45603523777876,2.0,140.0
120,netflix,Algorytm genetyczny,time_s,24,0.35180950937562255,0.2830649957670421,0.08845648600254208,0.9137989560040296
121,netflix,Algorytm genetyczny,total_cost,24,61.25834813150601,46.90497281601016,11.038034938980463,156.74009613352257
122,netflix,Algorytm genetyczny,cost_per_node,24,0.6684875587672098,0.08350212338060625,0.5519017469490232,0.7837004806676129
123,netflix,Algorytm genetyczny,license_group,24,22.541666666666668,17.242463171829137,3.0,56.0
124,netflix,Algorytm genetyczny,license_individual,24,12.958333333333334,17.654853173552876,0.0,68.0
125,netflix,Algorytm losowy,time_s,24,0.0005504716661259105,0.00029955702098048644,0.0002315530000487342,0.0014420570005313491
126,netflix,Algorytm losowy,total_cost,24,105.23613086786933,78.23386283703636,17.364311680127475,257.63103041160673
127,netflix,Algorytm losowy,cost_per_node,24,1.1622062310005623,0.13573966269097348,0.8682155840063738,1.4118799914486952
128,netflix,Algorytm losowy,license_group,24,44.875,32.72588724010663,8.0,112.0
129,netflix,Algorytm losowy,license_individual,24,18.833333333333332,14.956943034174337,3.0,53.0
130,netflix,Algorytm mrówkowy,time_s,24,2.5482804179585705,2.9203140525138287,0.13417525900149485,8.899317556002643
131,netflix,Algorytm mrówkowy,total_cost,24,61.88987749368647,47.18850012910955,11.038034938980463,157.3331845780051
132,netflix,Algorytm mrówkowy,cost_per_node,24,0.6757364175331074,0.08981099862034853,0.5519017469490232,0.8079182588173163
133,netflix,Algorytm mrówkowy,license_group,24,23.583333333333332,17.859151025799598,3.0,55.0
134,netflix,Algorytm mrówkowy,license_individual,24,11.333333333333334,17.294549698542667,0.0,68.0
135,netflix,Algorytm zachłanny,time_s,24,0.0004684771247411845,0.00021305888073847203,0.0002356309996685013,0.0008665869972901419
136,netflix,Algorytm zachłanny,total_cost,24,62.80696795876596,47.3303534048745,12.125363753865106,157.3331845780051
137,netflix,Algorytm zachłanny,cost_per_node,24,0.6894309944629993,0.08136384307897522,0.5739778168269841,0.8178030662253586
138,netflix,Algorytm zachłanny,license_group,24,22.916666666666668,17.522449368854172,3.0,56.0
139,netflix,Algorytm zachłanny,license_individual,24,13.916666666666666,18.045634583916186,0.0,68.0
140,netflix,Przeszukiwanie tabu,time_s,24,1.3828343900004256,1.1171716272379335,0.30657336299918825,3.749341652001021
141,netflix,Przeszukiwanie tabu,total_cost,24,59.641083808356875,47.87232362257375,11.038034938980463,157.3331845780051
142,netflix,Przeszukiwanie tabu,cost_per_node,24,0.6290718892276416,0.07566182637050817,0.5519017469490232,0.7866659228900256
143,netflix,Przeszukiwanie tabu,license_group,24,24.333333333333332,17.804900807182925,5.0,56.0
144,netflix,Przeszukiwanie tabu,license_individual,24,8.333333333333334,18.277252830075223,0.0,68.0
145,netflix,Solver ILP,time_s,12,0.24644583191729907,0.32954184396447656,0.02838473800511565,1.107185508000839
146,netflix,Solver ILP,total_cost,12,40.96703514666381,40.719573643759944,11.038034938980463,121.4183843287851
147,netflix,Solver ILP,cost_per_node,12,0.6054993693392964,0.05479312316773556,0.5519017469490232,0.7331232160964636
148,netflix,Solver ILP,license_group,12,19.083333333333332,19.265882861271695,5.0,58.0
149,netflix,Solver ILP,license_individual,12,0.75,1.2154310870109943,0.0,3.0
150,netflix,Wyżarzanie symulowane,time_s,24,0.26572973529224936,0.2037092539140276,0.0615514989985968,0.6631140780009446
151,netflix,Wyżarzanie symulowane,total_cost,24,60.65839523743455,47.97975274069234,11.038034938980463,157.3331845780051
152,netflix,Wyżarzanie symulowane,cost_per_node,24,0.6488758262916705,0.07492669608364023,0.5519017469490232,0.7866659228900256
153,netflix,Wyżarzanie symulowane,license_group,24,23.333333333333332,17.309627044098818,4.0,56.0
154,netflix,Wyżarzanie symulowane,license_individual,24,10.958333333333334,18.152683755748953,0.0,68.0
155,netflix,Zbiór dominujący,time_s,24,0.0019442345007216015,0.0019607136909262812,0.0003011070002685301,0.006333566001558211
156,netflix,Zbiór dominujący,total_cost,24,63.100766401171654,47.43197227762403,12.125363753865106,157.3331845780051
157,netflix,Zbiór dominujący,cost_per_node,24,0.6937830555023735,0.07478745311549527,0.6021495179399043,0.8171440790648224
158,netflix,Zbiór dominujący,license_group,24,23.208333333333332,18.10831941081386,3.0,58.0
159,netflix,Zbiór dominujący,license_individual,24,13.708333333333334,16.763000578828276,1.0,63.0
160,roman_p_3,Algorytm genetyczny,time_s,24,0.33860948029117327,0.20608980884765604,0.11448061400005828,0.808515223005088
161,roman_p_3,Algorytm genetyczny,total_cost,24,45.41666666666665,33.726414195593826,6.999999999999997,118.99999999999994
162,roman_p_3,Algorytm genetyczny,cost_per_node,24,0.5256249999999998,0.13174673083973093,0.2799999999999999,0.8499999999999996
163,roman_p_3,Algorytm genetyczny,license_group,24,10.375,8.67185602720212,2.0,33.0
164,roman_p_3,Algorytm genetyczny,license_individual,24,14.291666666666666,16.17964143921148,0.0,62.0
165,roman_p_3,Algorytm losowy,time_s,24,0.00048234741704315337,0.00020170855517642823,0.0002578570056357421,0.0009550269969622605
166,roman_p_3,Algorytm losowy,total_cost,24,84.99999999999996,61.99088292013099,14.999999999999993,217.99999999999991
167,roman_p_3,Algorytm losowy,cost_per_node,24,0.9685416666666663,0.15962237479824648,0.5449999999999998,1.1699999999999995
168,roman_p_3,Algorytm losowy,license_group,24,18.458333333333332,13.104858596741122,2.0,48.0
169,roman_p_3,Algorytm losowy,license_individual,24,29.625,26.52449647106384,6.0,108.0
170,roman_p_3,Algorytm mrówkowy,time_s,24,1.0882350880010563,1.171406088632286,0.08633095300319837,3.551095663002343
171,roman_p_3,Algorytm mrówkowy,total_cost,24,45.24999999999998,34.032273685046555,6.999999999999997,116.99999999999994
172,roman_p_3,Algorytm mrówkowy,cost_per_node,24,0.5243749999999997,0.13040332501095603,0.2599999999999999,0.8499999999999996
173,roman_p_3,Algorytm mrówkowy,license_group,24,11.208333333333334,9.52789573313275,2.0,36.0
174,roman_p_3,Algorytm mrówkowy,license_individual,24,11.625,14.254861870832764,0.0,61.0
175,roman_p_3,Algorytm zachłanny,time_s,24,0.00042625625064829364,0.0001968951260833248,0.0002381110025453381,0.0010514229943510145
176,roman_p_3,Algorytm zachłanny,total_cost,24,48.583333333333314,36.223841136282964,6.999999999999997,125.99999999999994
177,roman_p_3,Algorytm zachłanny,cost_per_node,24,0.5624999999999998,0.13521319719484542,0.2799999999999999,0.8499999999999996
178,roman_p_3,Algorytm zachłanny,license_group,24,11.416666666666666,9.96915532886385,2.0,39.0
179,roman_p_3,Algorytm zachłanny,license_individual,24,14.333333333333334,16.164014424605064,1.0,62.0
180,roman_p_3,Przeszukiwanie tabu,time_s,24,0.7948780724182143,0.592993256874402,0.0070503829992958345,1.8860897539998405
181,roman_p_3,Przeszukiwanie tabu,total_cost,24,46.833333333333314,36.95904509714438,6.999999999999997,124.99999999999994
182,roman_p_3,Przeszukiwanie tabu,cost_per_node,24,0.5256249999999998,0.13387463717321835,0.2799999999999999,0.8499999999999996
183,roman_p_3,Przeszukiwanie tabu,license_group,24,11.333333333333334,9.72073832706078,2.0,39.0
184,roman_p_3,Przeszukiwanie tabu,license_individual,24,12.833333333333334,16.541559430893965,0.0,62.0
185,roman_p_3,Solver ILP,time_s,20,1.4825429562497447,2.4098735621153518,0.017523270995297935,9.52159783100069
186,roman_p_3,Solver ILP,total_cost,20,36.249999999999986,27.69737779722305,6.999999999999997,86.99999999999996
187,roman_p_3,Solver ILP,cost_per_node,20,0.4844999999999997,0.12043670536842158,0.3499999999999998,0.8499999999999996
188,roman_p_3,Solver ILP,license_group,20,9.8,8.420526299341079,2.0,29.0
189,roman_p_3,Solver ILP,license_individual,20,6.85,8.241582627780074,0.0,28.0
190,roman_p_3,Wyżarzanie symulowane,time_s,24,0.27485295283380157,0.2259219893756936,0.05519507500139298,0.8511162089998834
191,roman_p_3,Wyżarzanie symulowane,total_cost,24,48.083333333333314,36.548855530367966,6.999999999999997,125.99999999999994
192,roman_p_3,Wyżarzanie symulowane,cost_per_node,24,0.5487499999999997,0.13463517532495956,0.2799999999999999,0.8499999999999996
193,roman_p_3,Wyżarzanie symulowane,license_group,24,11.333333333333334,9.981141638399743,2.0,39.0
194,roman_p_3,Wyżarzanie symulowane,license_individual,24,14.083333333333334,16.37844996293623,0.0,62.0
195,roman_p_3,Zbiór dominujący,time_s,24,0.0018679420836633653,0.0018899785413270104,0.000299841005471535,0.006228491001820657
196,roman_p_3,Zbiór dominujący,total_cost,24,44.333333333333314,32.34685209691523,6.999999999999997,121.99999999999994
197,roman_p_3,Zbiór dominujący,cost_per_node,24,0.5239583333333331,0.13340832356753995,0.2749999999999999,0.8499999999999996
198,roman_p_3,Zbiór dominujący,license_group,24,8.5,7.1869446855422146,1.0,27.0
199,roman_p_3,Zbiór dominujący,license_individual,24,18.833333333333332,19.925222527079168,1.0,80.0
200,roman_p_4,Algorytm genetyczny,time_s,24,0.3773689622915602,0.21666508224682504,0.12712850500247438,0.7942729970018263
201,roman_p_4,Algorytm genetyczny,total_cost,24,53.99999999999995,39.99565193759243,8.999999999999993,137.9999999999999
202,roman_p_4,Algorytm genetyczny,cost_per_node,24,0.6241666666666661,0.13492885940913174,0.34999999999999964,0.9499999999999991
203,roman_p_4,Algorytm genetyczny,license_group,24,8.333333333333334,7.209092487460097,1.0,28.0
204,roman_p_4,Algorytm genetyczny,license_individual,24,20.666666666666668,19.396697761680233,0.0,76.0
205,roman_p_4,Algorytm losowy,time_s,24,0.0004718001664514304,0.00022419381241490892,0.000253865000559017,0.0011169889985467307
206,roman_p_4,Algorytm losowy,total_cost,24,103.45833333333324,74.67435341515187,17.999999999999986,258.9999999999998
207,roman_p_4,Algorytm losowy,cost_per_node,24,1.1733333333333322,0.18491282709208773,0.6699999999999995,1.3999999999999986
208,roman_p_4,Algorytm losowy,license_group,24,18.458333333333332,13.104858596741122,2.0,48.0
209,roman_p_4,Algorytm losowy,license_individual,24,29.625,26.52449647106384,6.0,108.0
210,roman_p_4,Algorytm mrówkowy,time_s,24,1.1631607956675605,1.2837175500674314,0.0721106890050578,4.4276533410011325
211,roman_p_4,Algorytm mrówkowy,total_cost,24,55.12499999999995,41.218729913137444,8.999999999999993,143.9999999999999
212,roman_p_4,Algorytm mrówkowy,cost_per_node,24,0.6349999999999995,0.1391355297980134,0.34499999999999964,0.9499999999999991
213,roman_p_4,Algorytm mrówkowy,license_group,24,9.833333333333334,8.971775388583266,1.0,34.0
214,roman_p_4,Algorytm mrówkowy,license_individual,24,15.791666666666666,20.256999148263635,0.0,76.0
215,roman_p_4,Algorytm zachłanny,time_s,24,0.00041523645813867915,0.00016114692184671247,0.0002099029952660203,0.000688018997607287
216,roman_p_4,Algorytm zachłanny,total_cost,24,57.54166666666662,43.25453398367533,8.999999999999993,156.99999999999986
217,roman_p_4,Algorytm zachłanny,cost_per_node,24,0.662916666666666,0.15031066862152279,0.34999999999999964,0.9499999999999991
218,roman_p_4,Algorytm zachłanny,license_group,24,9.25,8.03389558438928,1.0,32.0
219,roman_p_4,Algorytm zachłanny,license_individual,24,20.541666666666668,19.31203537033131,1.0,76.0
220,roman_p_4,Przeszukiwanie tabu,time_s,24,0.5792619390834565,0.46260653850602024,0.00729179399786517,1.6695355530027882
221,roman_p_4,Przeszukiwanie tabu,total_cost,24,56.16666666666662,43.78074489074395,8.999999999999993,156.99999999999986
222,roman_p_4,Przeszukiwanie tabu,cost_per_node,24,0.6358333333333327,0.14511364861546525,0.34999999999999964,0.9499999999999991
223,roman_p_4,Przeszukiwanie tabu,license_group,24,9.208333333333334,8.0756163671973,1.0,32.0
224,roman_p_4,Przeszukiwanie tabu,license_individual,24,19.333333333333332,19.9077583012179,0.0,76.0
225,roman_p_4,Solver ILP,time_s,20,1.570522423899456,2.703214510178679,0.011526517002494074,9.188691301998915
226,roman_p_4,Solver ILP,total_cost,20,45.14999999999996,35.035733638371916,8.999999999999993,114.9999999999999
227,roman_p_4,Solver ILP,cost_per_node,20,0.5989999999999994,0.12497999839974382,0.4399999999999996,0.9499999999999991
228,roman_p_4,Solver ILP,license_group,20,8.7,8.026928363164107,1.0,28.0
229,roman_p_4,Solver ILP,license_individual,20,10.35,11.837829637493343,0.0,39.0
230,roman_p_4,Wyżarzanie symulowane,time_s,24,0.2932449219585275,0.22275196396200145,0.06849910200253362,0.7750838330030092
231,roman_p_4,Wyżarzanie symulowane,total_cost,24,56.958333333333286,43.55753732674761,8.999999999999993,156.99999999999986
232,roman_p_4,Wyżarzanie symulowane,cost_per_node,24,0.647916666666666,0.14403288171279752,0.34999999999999964,0.9499999999999991
233,roman_p_4,Wyżarzanie symulowane,license_group,24,9.208333333333334,8.03784075843575,1.0,32.0
234,roman_p_4,Wyżarzanie symulowane,license_individual,24,20.125,19.66969087531461,0.0,76.0
235,roman_p_4,Zbiór dominujący,time_s,24,0.0019520535843184916,0.0019446167822722,0.0002905330038629472,0.0066175669999211095
236,roman_p_4,Zbiór dominujący,total_cost,24,52.583333333333286,37.90481977689431,8.999999999999993,133.9999999999999
237,roman_p_4,Zbiór dominujący,cost_per_node,24,0.6162499999999995,0.13376041202869748,0.33999999999999975,0.9499999999999991
238,roman_p_4,Zbiór dominujący,license_group,24,7.708333333333333,6.931209610642768,1.0,26.0
239,roman_p_4,Zbiór dominujący,license_individual,24,21.75,21.391282255202448,1.0,84.0
240,roman_p_5,Algorytm genetyczny,time_s,24,0.39109980429232866,0.22176622873416002,0.13407480000023497,0.8245978270060732
241,roman_p_5,Algorytm genetyczny,total_cost,24,61.708333333333314,45.72363023994092,10.999999999999998,160.99999999999997
242,roman_p_5,Algorytm genetyczny,cost_per_node,24,0.7104166666666666,0.14003040560090374,0.40999999999999986,0.9999999999999998
243,roman_p_5,Algorytm genetyczny,license_group,24,6.916666666666667,5.955754737458018,1.0,22.0
244,roman_p_5,Algorytm genetyczny,license_individual,24,27.125,22.201277871564844,1.0,88.0
245,roman_p_5,Algorytm losowy,time_s,24,0.0005243087498456589,0.0002510368479198921,0.00024982399918371806,0.001210394999361597
246,roman_p_5,Algorytm losowy,total_cost,24,121.91666666666663,87.48213068053266,20.999999999999996,299.99999999999994
247,roman_p_5,Algorytm losowy,cost_per_node,24,1.3781249999999998,0.21748469461390682,0.7949999999999998,1.6599999999999995
248,roman_p_5,Algorytm losowy,license_group,24,18.458333333333332,13.104858596741122,2.0,48.0
249,roman_p_5,Algorytm losowy,license_individual,24,29.625,26.52449647106384,6.0,108.0
250,roman_p_5,Algorytm mrówkowy,time_s,24,1.326194301875148,1.470780674098383,0.07041404899791814,4.8338317689995165
251,roman_p_5,Algorytm mrówkowy,total_cost,24,62.04166666666665,46.12033331327448,10.999999999999998,160.99999999999997
252,roman_p_5,Algorytm mrówkowy,cost_per_node,24,0.7139583333333333,0.14266088680219394,0.3999999999999999,0.9999999999999998
253,roman_p_5,Algorytm mrówkowy,license_group,24,7.416666666666667,6.282596158655561,1.0,23.0
254,roman_p_5,Algorytm mrówkowy,license_individual,24,24.958333333333332,22.470229902786,0.0,84.0
255,roman_p_5,Algorytm zachłanny,time_s,24,0.0005006936247203461,0.00020672647263905822,0.0002391529997112229,0.0009785439979168586
256,roman_p_5,Algorytm zachłanny,total_cost,24,63.62499999999998,47.56762920123397,10.999999999999998,171.99999999999997
257,roman_p_5,Algorytm zachłanny,cost_per_node,24,0.7329166666666665,0.1526926200963362,0.40999999999999986,0.9999999999999998
258,roman_p_5,Algorytm zachłanny,license_group,24,6.791666666666667,5.725451694097966,1.0,22.0
259,roman_p_5,Algorytm zachłanny,license_individual,24,29.666666666666668,23.339957651812604,1.0,84.0
260,roman_p_5,Przeszukiwanie tabu,time_s,24,0.43460284041611885,0.40170968689747283,0.005975057996693067,1.2308405860021594
261,roman_p_5,Przeszukiwanie tabu,total_cost,24,63.41666666666665,47.70645445955346,10.999999999999998,171.99999999999997
262,roman_p_5,Przeszukiwanie tabu,cost_per_node,24,0.7256249999999999,0.15178153994990698,0.40999999999999986,0.9999999999999998
263,roman_p_5,Przeszukiwanie tabu,license_group,24,6.875,5.666933071316672,1.0,22.0
264,roman_p_5,Przeszukiwanie tabu,license_individual,24,29.041666666666668,23.64498138987502,0.0,84.0
265,roman_p_5,Solver ILP,time_s,20,1.6755468569506775,3.173894000373083,0.010704858003009576,12.313944416004231
266,roman_p_5,Solver ILP,total_cost,20,53.09999999999999,42.28586923361165,10.999999999999998,142.99999999999997
267,roman_p_5,Solver ILP,cost_per_node,20,0.6957499999999998,0.12483963397305484,0.4999999999999999,0.9999999999999998
268,roman_p_5,Solver ILP,license_group,20,7.8,7.790682694225538,1.0,28.0
269,roman_p_5,Solver ILP,license_individual,20,14.1,15.626899884494046,0.0,53.0
270,roman_p_5,Wyżarzanie symulowane,time_s,24,0.3112742769999386,0.25276176772274905,0.05513776300358586,0.9670925109967357
271,roman_p_5,Wyżarzanie symulowane,total_cost,24,63.54166666666665,47.65544739761306,10.999999999999998,171.99999999999997
272,roman_p_5,Wyżarzanie symulowane,cost_per_node,24,0.7287499999999998,0.15142977996705123,0.40999999999999986,0.9999999999999998
273,roman_p_5,Wyżarzanie symulowane,license_group,24,6.833333333333333,5.692608988982932,1.0,22.0
274,roman_p_5,Wyżarzanie symulowane,license_individual,24,29.375,23.68784773749575,0.0,84.0
275,roman_p_5,Zbiór dominujący,time_s,24,0.002130002876583603,0.002207766623287934,0.0003364830045029521,0.007008273001702037
276,roman_p_5,Zbiór dominujący,total_cost,24,59.958333333333314,43.60143512463248,10.999999999999998,147.99999999999997
277,roman_p_5,Zbiór dominujący,cost_per_node,24,0.6979166666666665,0.13780828417916605,0.3949999999999999,0.9999999999999998
278,roman_p_5,Zbiór dominujący,license_group,24,6.458333333333333,6.324412099618201,0.0,23.0
279,roman_p_5,Zbiór dominujący,license_individual,24,27.666666666666668,25.537128412102874,5.0,107.0
280,spotify,Algorytm genetyczny,time_s,24,0.3241927075832791,0.24264504923510802,0.07771967900043819,0.8419973909985856
281,spotify,Algorytm genetyczny,total_cost,24,39.92438254411973,33.301190530051905,6.3580204990570115,122.15241618573232
282,spotify,Algorytm genetyczny,cost_per_node,24,0.43247584242259224,0.10376953200362908,0.31790102495285055,0.6107620809286616
283,spotify,Algorytm genetyczny,license_group,24,18.666666666666668,13.858498151477049,3.0,43.0
284,spotify,Algorytm genetyczny,license_individual,24,9.708333333333334,16.480500115529598,0.0,60.0
285,spotify,Algorytm losowy,time_s,24,0.0004988911675051592,0.0004942860991712921,0.0002201020033680834,0.0026746970033855177
286,spotify,Algorytm losowy,total_cost,24,67.21540116408185,49.06469053010104,14.775730861771011,164.33044345334534
287,spotify,Algorytm losowy,cost_per_node,24,0.7590461726270069,0.09210542511758449,0.6243698062310377,0.9031757596342574
288,spotify,Algorytm losowy,license_group,24,27.666666666666668,21.220717249417138,4.0,70.0
289,spotify,Algorytm losowy,license_individual,24,24.25,20.904024992081435,6.0,82.0
290,spotify,Algorytm mrówkowy,time_s,24,1.920557923666517,2.1923597687941996,0.09973716500098816,7.180527664000692
291,spotify,Algorytm mrówkowy,total_cost,24,39.79683981663479,31.5909735273702,6.665044115871298,116.54265610136841
292,spotify,Algorytm mrówkowy,cost_per_node,24,0.44288257239145007,0.11064539691763448,0.32711173345727923,0.6120735103776255
293,spotify,Algorytm mrówkowy,license_group,24,18.0,13.513278493843524,3.0,40.0
294,spotify,Algorytm mrówkowy,license_individual,24,9.5,14.148283042245028,0.0,50.0
295,spotify,Algorytm zachłanny,time_s,24,0.00039371404151703854,0.00016340788766315976,0.0002071659982902929,0.0007267740002134815
296,spotify,Algorytm zachłanny,total_cost,24,43.037309615172006,33.41276114272053,6.665044115871298,122.4594398025466
297,spotify,Algorytm zachłanny,cost_per_node,24,0.48218278323267255,0.10840282120331189,0.33325220579356496,0.6541620621911954
298,spotify,Algorytm zachłanny,license_group,24,19.041666666666668,14.308644898821822,3.0,45.0
299,spotify,Algorytm zachłanny,license_individual,24,12.0,16.119121779939555,0.0,60.0
300,spotify,Przeszukiwanie tabu,time_s,24,1.2840275662920249,0.9782727585166101,0.11232609800208591,3.4082010480051395
301,spotify,Przeszukiwanie tabu,total_cost,24,35.18035595831096,29.645886131946092,6.3580204990570115,111.06096872573275
302,spotify,Przeszukiwanie tabu,cost_per_node,24,0.3779574943079416,0.0884077202200017,0.2937865128779227,0.5963056546283774
303,spotify,Przeszukiwanie tabu,license_group,24,18.541666666666668,13.682674435582577,4.0,43.0
304,spotify,Przeszukiwanie tabu,license_individual,24,5.166666666666667,11.446156243631448,0.0,45.0
305,spotify,Solver ILP,time_s,14,0.6139170744286925,0.6392242583180856,0.02270947099896148,2.0181871989989304
306,spotify,Solver ILP,total_cost,14,23.07363935604646,21.143986616321854,6.3580204990570115,69.50005892791646
307,spotify,Solver ILP,cost_per_node,14,0.36912149298551367,0.08715261549608624,0.31790102495285055,0.5963056546283774
308,spotify,Solver ILP,license_group,14,13.714285714285714,12.969956831839504,4.0,42.0
309,spotify,Solver ILP,license_individual,14,0.8571428571428571,1.167320591199077,0.0,3.0
310,spotify,Wyżarzanie symulowane,time_s,24,0.25943595033277234,0.19558098277279296,0.06636912199610379,0.6467827999949805
311,spotify,Wyżarzanie symulowane,total_cost,24,40.9384742403712,33.94177105898489,6.3580204990570115,122.4594398025466
312,spotify,Wyżarzanie symulowane,cost_per_node,24,0.44046192875066814,0.09809656064752979,0.31790102495285055,0.6182139827139113
313,spotify,Wyżarzanie symulowane,license_group,24,20.25,14.10904735945359,4.0,45.0
314,spotify,Wyżarzanie symulowane,license_individual,24,8.541666666666666,16.08125878337797,0.0,60.0
315,spotify,Zbiór dominujący,time_s,24,0.0017681915833236417,0.001839567311550368,0.0002693930000532418,0.006037490995367989
316,spotify,Zbiór dominujący,total_cost,24,43.21242272804787,33.47975288948202,7.41023429439626,125.17791462685368
317,spotify,Zbiór dominujący,cost_per_node,24,0.4852038590716945,0.10785081865212541,0.35626362587379573,0.6304949273864827
318,spotify,Zbiór dominujący,license_group,24,18.166666666666668,13.353607773920507,3.0,41.0
319,spotify,Zbiór dominujący,license_individual,24,13.625,15.11064266466289,1.0,59.0
